
DELETE FROM `creature_template` WHERE `entry` IN (192602 /*Arch Instructor Celeste*/, 192604 /*Custodian Cynegos*/, 192605 /*Steward Portos*/, 192606 /*Steward Saphos*/, 192607 /*Caddy Scattershot*/, 188191 /*Kirin Tor Mage*/, 188192 /*Kirin Tor Mage*/, 188193 /*Kirin Tor Mage*/, 188194 /*Kirin Tor Mage*/, 188195 /*Kirin Tor Mage*/, 188196 /*Kirin Tor Mage*/, 192721 /*Eastern Arcane Distortation*/, 192754 /*Arcane Detector*/, 192756 /*Toolk*/, 192757 /*Toolk*/, 197535 /*High Channeler Ryvati*/, 197662 /*Proto-Drake*/, 197664 /*Proto-Drake*/, 197692 /*Proto-Drake*/, 197693 /*Proto-Drake*/, 197728 /*Budget Centaur Costume*/, 197730 /*Restless Explorer*/, 193256 /*Nulltheria the Void Gazer*/, 197733 /*Ruby Tender*/, 197734 /*Enchanted Broom*/, 197735 /*Duckling*/, 188809 /*Elder Poa*/, 197773 /*Vivi*/, 197775 /*Vala*/, 188857 /*Arcane Distortation*/, 188858 /*Arcane Distortation*/, 188898 /*Arcane Distortation*/, 188914 /*????*/, 193549 /*Crazed Lost Argali*/, 193721 /*Crested Poolskipper*/, 189457 /*Kalecgos*/, 193935 /*Bunny*/, 189652 /*Deadwaker Ghendish*/, 181039 /*Rocky Dustbeard*/, 185598 /*Pakina*/, 185599 /*Masud the Wise*/, 185615 /*Kalecgos*/, 185622 /*Kalecgos*/, 185623 /*Kalecgos*/, 185624 /*Kalecgos*/, 185625 /*Kalecgos*/, 190225 /*Babunituk*/, 190226 /*Jokomuupat*/, 190229 /*Korrikunit the Whalebringer*/, 190238 /*Hanu*/, 190241 /*Brena's Totem*/, 185775 /*Unstable Arcane Energy*/, 190255 /*Divo Songscale*/, 190522 /*Infused Dragon Egg*/, 195072 /*Cataloger Adams*/, 186184 /*Kalecgos*/, 186187 /*Kalecgos*/, 186224 /*Brena*/, 186517 /*Bakra the Bully*/, 191026 /*Tata*/, 195548 /*(Bunny)*/, 186618 /*Hanu*/, 177664 /*Kalecgos*/, 186661 /*Riqi*/, 186673 /*Jurra*/, 186674 /*Elder Kannu*/, 186676 /*Kuo*/, 186677 /*Omaa*/, 186689 /*Otuu*/, 186691 /*Omaka*/, 186693 /*Okuut*/, 195662 /*Telescopic Echoes*/, 195880 /*Roaming Rocks*/, 187037 /*Gleamfish*/, 191542 /*Archmage Khadgar*/, 191751 /*Arvik*/, 191766 /*Injured Tuskarr*/, 191776 /*Tikukk*/, 191810 /*Brena*/, 187348 /*(Bunny) Sessile (FX)*/, 187349 /*Pathfinder Yips*/, 196338 /*Mingling Single*/, 196343 /*Quadra*/, 187420 /*Gleamfish*/, 191906 /*Proto-Drake*/, 191949 /*InvisBunny*/, 192053 /*Shadepaw Bandit*/, 192091 /*Archmage Khadgar*/, 192185 /*Kakapo*/, 187713 /*Tuskarr Child*/, 192244 /*Arcane Blaster*/, 192283 /*Proto-Drake*/, 192322 /*Archmage Khadgar*/, 192331 /*Arcane Blaster*/, 187871 /*Oopa*/, 192351 /*Trained Hyena*/, 192352 /*Shadepaw Trainer*/, 187927 /*Injured Tuskarr*/, 187959 /*Tuskarr Traveler*/, 192453 /*Vaniik the Stormtouched*/, 187990 /*Niqu*/);
INSERT INTO `creature_template` (`entry`, `KillCredit1`, `KillCredit2`, `name`, `femaleName`, `subname`, `TitleAlt`, `IconName`, `HealthScalingExpansion`, `RequiredExpansion`, `VignetteID`, `unit_class`, `WidgetSetID`, `WidgetSetUnitConditionID`, `rank`, `family`, `type`, `type_flags`, `type_flags2`, `HealthModifier`, `ManaModifier`, `RacialLeader`, `movementId`, `CreatureDifficultyID`, `VerifiedBuild`) VALUES
(192602, 0, 0, 'Arch Instructor Celeste', '', NULL, NULL, NULL, 9, 0, 0, 8, 0, 0, 0, 0, 7, 0, 0, 15, 1, 0, 0, 220812, 45505), -- Arch Instructor Celeste
(192604, 0, 0, 'Custodian Cynegos', '', NULL, NULL, NULL, 9, 0, 0, 8, 0, 0, 0, 0, 7, 0, 0, 1, 1, 0, 0, 220814, 45505), -- Custodian Cynegos
(192605, 0, 0, 'Steward Portos', '', NULL, NULL, NULL, 9, 0, 0, 8, 0, 0, 0, 0, 7, 0, 0, 1, 1, 0, 0, 220815, 45505), -- Steward Portos
(192606, 0, 0, 'Steward Saphos', '', NULL, NULL, NULL, 9, 0, 0, 8, 0, 0, 0, 0, 7, 0, 0, 1, 1, 0, 0, 220816, 45505), -- Steward Saphos
(192607, 0, 0, 'Caddy Scattershot', '', NULL, NULL, NULL, 9, 0, 0, 1, 0, 0, 0, 0, 7, 0, 0, 1, 1, 0, 0, 220817, 45505), -- Caddy Scattershot
(188191, 0, 0, 'Kirin Tor Mage', '', NULL, NULL, NULL, 9, 0, 0, 8, 0, 0, 0, 0, 7, 0, 0, 1, 1, 0, 0, 214877, 45505), -- Kirin Tor Mage
(188192, 0, 0, 'Kirin Tor Mage', '', NULL, NULL, NULL, 9, 0, 0, 8, 0, 0, 0, 0, 7, 0, 0, 1, 1, 0, 0, 214878, 45505), -- Kirin Tor Mage
(188193, 0, 0, 'Kirin Tor Mage', '', NULL, NULL, NULL, 9, 0, 0, 8, 0, 0, 0, 0, 7, 0, 0, 1, 1, 0, 0, 214879, 45505), -- Kirin Tor Mage
(188194, 0, 0, 'Kirin Tor Mage', '', NULL, NULL, NULL, 9, 0, 0, 8, 0, 0, 0, 0, 7, 0, 0, 1, 1, 0, 0, 214880, 45505), -- Kirin Tor Mage
(188195, 0, 0, 'Kirin Tor Mage', '', NULL, NULL, NULL, 9, 0, 0, 8, 0, 0, 0, 0, 7, 0, 0, 1, 1, 0, 0, 214881, 45505), -- Kirin Tor Mage
(188196, 0, 0, 'Kirin Tor Mage', '', NULL, NULL, NULL, 9, 0, 0, 8, 0, 0, 0, 0, 7, 0, 0, 1, 1, 0, 0, 214882, 45505), -- Kirin Tor Mage
(192721, 0, 0, 'Eastern Arcane Distortation', '', NULL, NULL, NULL, 8, 0, 0, 1, 0, 0, 0, 0, 10, 0, 0, 1, 1, 0, 0, 220931, 45505), -- Eastern Arcane Distortation
(192754, 0, 0, 'Arcane Detector', '', NULL, NULL, NULL, 9, 0, 0, 1, 0, 0, 0, 0, 4, 0, 0, 1, 1, 0, 0, 220964, 45505), -- Arcane Detector
(192756, 0, 0, 'Toolk', '', NULL, NULL, NULL, 9, 0, 0, 1, 0, 0, 0, 0, 7, 0, 0, 1, 1, 0, 0, 220966, 45505), -- Toolk
(192757, 0, 0, 'Toolk', '', NULL, NULL, NULL, 9, 0, 0, 1, 0, 0, 0, 0, 7, 0, 0, 1, 1, 0, 0, 220967, 45505), -- Toolk
(197535, 0, 0, 'High Channeler Ryvati', '', NULL, NULL, NULL, 9, 0, 0, 2, 0, 0, 1, 0, 7, 2097224, 0, 15, 1, 0, 0, 225881, 45505), -- High Channeler Ryvati
(197662, 0, 0, 'Proto-Drake', '', NULL, NULL, NULL, 9, 0, 0, 1, 0, 0, 1, 0, 2, 0, 0, 2.20000004768371582, 1, 0, 0, 226008, 45505), -- Proto-Drake
(197664, 0, 0, 'Proto-Drake', '', NULL, NULL, NULL, 9, 0, 0, 1, 0, 0, 1, 0, 2, 0, 0, 2.20000004768371582, 1, 0, 0, 226010, 45505), -- Proto-Drake
(197692, 0, 0, 'Proto-Drake', '', NULL, NULL, NULL, 9, 0, 0, 1, 0, 0, 1, 0, 2, 524288, 0, 2.20000004768371582, 1, 0, 0, 226042, 45505), -- Proto-Drake
(197693, 0, 0, 'Proto-Drake', '', NULL, NULL, NULL, 9, 0, 0, 1, 0, 0, 1, 0, 2, 524288, 0, 2.20000004768371582, 1, 0, 0, 226043, 45505), -- Proto-Drake
(197728, 0, 0, 'Budget Centaur Costume', '', NULL, NULL, NULL, 9, 0, 0, 1, 0, 0, 0, 0, 10, 1610612752, 67108870, 1, 1, 0, 0, 226086, 45505), -- Budget Centaur Costume
(197730, 0, 0, 'Restless Explorer', '', NULL, NULL, NULL, 9, 0, 0, 1, 0, 0, 0, 0, 7, 0, 0, 1, 1, 0, 0, 226088, 45505), -- Restless Explorer
(193256, 0, 0, 'Nulltheria the Void Gazer', '', NULL, NULL, NULL, 9, 0, 0, 8, 0, 0, 4, 0, 2, 0, 0, 4, 1, 0, 0, 221472, 45505), -- Nulltheria the Void Gazer
(197733, 0, 0, 'Ruby Tender', '', NULL, NULL, NULL, 9, 0, 0, 8, 0, 0, 0, 0, 2, 0, 0, 2.20000004768371582, 1, 0, 0, 226091, 45505), -- Ruby Tender
(197734, 0, 0, 'Enchanted Broom', '', NULL, NULL, NULL, 9, 0, 0, 1, 0, 0, 6, 0, 9, 1610612752, 117440518, 0.009999999776482582, 1, 0, 100, 226092, 45505), -- Enchanted Broom
(197735, 0, 0, 'Duckling', '', NULL, NULL, NULL, 9, 0, 0, 1, 0, 0, 6, 0, 8, 0, 0, 0.200000002980232238, 1, 0, 0, 226093, 45505), -- Duckling
(188809, 0, 0, 'Elder Poa', '', 'Weaver of Tales', NULL, NULL, 9, 0, 0, 1, 0, 0, 0, 0, 7, 0, 0, 1, 1, 0, 0, 215495, 45505), -- Elder Poa
(197773, 0, 0, 'Vivi', '', NULL, NULL, 'openhandglow', 9, 0, 0, 1, 0, 0, 0, 2, 1, 0, 0, 1, 1, 0, 44, 226131, 45505), -- Vivi
(197775, 0, 0, 'Vala', '', NULL, NULL, 'openhandglow', 9, 0, 0, 1, 0, 0, 0, 2, 1, 0, 0, 1, 1, 0, 44, 226133, 45505), -- Vala
(188857, 0, 0, 'Arcane Distortation', '', NULL, NULL, NULL, 8, 0, 0, 1, 0, 0, 0, 0, 10, 0, 0, 1, 1, 0, 0, 215543, 45505), -- Arcane Distortation
(188858, 0, 0, 'Arcane Distortation', '', NULL, NULL, NULL, 8, 0, 0, 1, 0, 0, 0, 0, 10, 0, 0, 1, 1, 0, 0, 215544, 45505), -- Arcane Distortation
(188898, 0, 0, 'Arcane Distortation', '', NULL, NULL, NULL, 8, 0, 0, 1, 0, 0, 0, 0, 10, 0, 0, 1, 1, 0, 0, 215584, 45505), -- Arcane Distortation
(188914, 0, 0, '????', '', NULL, NULL, NULL, 9, 0, 0, 1, 0, 0, 0, 0, 2, 0, 0, 1, 1, 0, 0, 215600, 45505), -- ????
(193549, 0, 0, 'Crazed Lost Argali', '', NULL, NULL, NULL, 9, 0, 0, 1, 0, 0, 0, 129, 1, 0, 0, 1, 1, 0, 0, 221770, 45505), -- Crazed Lost Argali
(193721, 0, 0, 'Crested Poolskipper', '', NULL, NULL, NULL, 9, 0, 0, 1, 0, 0, 6, 0, 1, 0, 0, 0.699999988079071044, 1, 0, 0, 221942, 45505), -- Crested Poolskipper
(189457, 0, 0, 'Kalecgos', '', NULL, NULL, NULL, 9, 0, 0, 1, 0, 0, 1, 0, 2, 0, 0, 1, 1, 0, 0, 216141, 45505), -- Kalecgos
(193935, 0, 0, 'Bunny', '', NULL, NULL, NULL, 9, 0, 0, 2, 0, 0, 0, 0, 10, 1610612752, 6, 1, 1, 0, 0, 222164, 45505), -- Bunny
(189652, 0, 0, 'Deadwaker Ghendish', '', NULL, NULL, NULL, 9, 0, 0, 1, 0, 0, 4, 0, 7, 0, 0, 4, 1, 0, 0, 216337, 45505), -- Deadwaker Ghendish
(181039, 0, 0, 'Rocky Dustbeard', '', NULL, NULL, NULL, 9, 0, 0, 1, 0, 0, 0, 0, 7, 0, 0, 1, 1, 0, 0, 204718, 45505), -- Rocky Dustbeard
(185598, 0, 0, 'Pakina', '', NULL, NULL, NULL, 9, 0, 0, 8, 0, 0, 0, 0, 7, 0, 0, 1, 1, 0, 0, 209838, 45505), -- Pakina
(185599, 0, 0, 'Masud the Wise', '', NULL, NULL, NULL, 9, 0, 0, 8, 0, 0, 0, 0, 7, 0, 67108864, 1, 1, 0, 0, 209839, 45505), -- Masud the Wise
(185615, 0, 0, 'Kalecgos', '', 'Mirror Image', NULL, NULL, 9, 0, 0, 1, 0, 0, 1, 0, 2, 0, 0, 1, 1, 0, 0, 209862, 45505), -- Kalecgos
(185622, 0, 0, 'Kalecgos', '', 'Mirror Image', NULL, NULL, 9, 0, 0, 1, 0, 0, 1, 0, 2, 0, 0, 1, 1, 0, 0, 209870, 45505), -- Kalecgos
(185623, 0, 0, 'Kalecgos', '', 'Mirror Image', NULL, NULL, 9, 0, 0, 1, 0, 0, 1, 0, 2, 0, 0, 1, 1, 0, 0, 209871, 45505), -- Kalecgos
(185624, 0, 0, 'Kalecgos', '', 'Mirror Image', NULL, NULL, 9, 0, 0, 1, 0, 0, 1, 0, 2, 0, 0, 1, 1, 0, 0, 209872, 45505), -- Kalecgos
(185625, 0, 0, 'Kalecgos', '', NULL, NULL, NULL, 9, 0, 0, 1, 0, 0, 1, 0, 2, 4, 0, 1, 1, 0, 0, 209873, 45505), -- Kalecgos
(190225, 0, 0, 'Babunituk', '', NULL, NULL, NULL, 9, 0, 0, 1, 0, 0, 0, 0, 7, 0, 0, 1, 1, 0, 0, 216916, 45505), -- Babunituk
(190226, 0, 0, 'Jokomuupat', '', NULL, NULL, NULL, 9, 0, 0, 1, 0, 0, 0, 0, 7, 0, 0, 1, 1, 0, 0, 216917, 45505), -- Jokomuupat
(190229, 0, 0, 'Korrikunit the Whalebringer', '', NULL, NULL, NULL, 9, 0, 0, 1, 0, 0, 0, 0, 7, 0, 0, 1, 1, 0, 0, 216920, 45505), -- Korrikunit the Whalebringer
(190238, 0, 0, 'Hanu', '', NULL, NULL, NULL, 9, 0, 0, 1, 0, 0, 0, 0, 7, 0, 0, 1, 1, 0, 0, 216929, 45505), -- Hanu
(190241, 0, 0, 'Brena\'s Totem', '', NULL, NULL, NULL, 9, 0, 0, 1, 0, 0, 0, 0, 10, 0, 0, 1, 1, 0, 0, 216932, 45505), -- Brena's Totem
(185775, 0, 0, 'Unstable Arcane Energy', '', NULL, NULL, 'questinteract', 9, 0, 0, 1, 0, 0, 0, 0, 4, 1610612752, 6, 1, 1, 0, 0, 210034, 45505), -- Unstable Arcane Energy
(190255, 0, 0, 'Divo Songscale', '', NULL, NULL, NULL, 9, 0, 0, 8, 0, 0, 0, 0, 7, 4096, 0, 1, 1, 0, 0, 216946, 45505), -- Divo Songscale
(190522, 0, 0, 'Infused Dragon Egg', '', NULL, NULL, 'questinteract', 9, 0, 0, 1, 0, 0, 0, 0, 2, 1610612752, 83886086, 1, 1, 0, 0, 218718, 45505), -- Infused Dragon Egg
(195072, 0, 0, 'Cataloger Adams', '', NULL, NULL, NULL, 9, 0, 0, 1, 0, 0, 0, 0, 7, 0, 0, 1, 1, 0, 0, 223309, 45505), -- Cataloger Adams
(186184, 0, 0, 'Kalecgos', '', 'Mirror Image', NULL, NULL, 9, 0, 0, 1, 0, 0, 1, 0, 2, 0, 0, 1, 1, 0, 0, 210502, 45505), -- Kalecgos
(186187, 0, 0, 'Kalecgos', '', NULL, NULL, NULL, 9, 0, 0, 1, 0, 0, 1, 0, 2, 0, 0, 1, 1, 0, 0, 210505, 45505), -- Kalecgos
(186224, 0, 0, 'Brena', '', 'Iskaara Chieftain', NULL, NULL, 9, 0, 0, 1, 0, 0, 0, 0, 7, 0, 0, 1, 1, 0, 0, 210542, 45505), -- Brena
(186517, 0, 0, 'Bakra the Bully', '', NULL, NULL, NULL, 9, 0, 0, 1, 0, 0, 0, 0, 7, 2147483720, 0, 3, 1, 0, 0, 210838, 45505), -- Bakra the Bully
(191026, 0, 0, 'Tata', '', NULL, NULL, NULL, 9, 0, 0, 1, 0, 0, 0, 0, 7, 0, 0, 1, 1, 0, 0, 219223, 45505), -- Tata
(195548, 0, 0, '(Bunny)', '', NULL, NULL, NULL, 9, 0, 0, 1, 0, 0, 0, 0, 8, 16778240, 16, 1, 1, 0, 0, 223789, 45505), -- (Bunny)
(186618, 0, 0, 'Hanu', '', NULL, NULL, NULL, 9, 0, 0, 1, 0, 0, 0, 0, 7, 0, 0, 1, 1, 0, 0, 210939, 45505), -- Hanu
(177664, 0, 0, 'Kalecgos', '', NULL, NULL, NULL, 9, 0, 0, 1, 0, 0, 0, 0, 2, 0, 0, 1, 1, 0, 0, 200910, 45505), -- Kalecgos
(186661, 0, 0, 'Riqi', '', NULL, NULL, NULL, 9, 0, 0, 1, 0, 0, 0, 0, 7, 0, 0, 1, 1, 0, 0, 210986, 45505), -- Riqi
(186673, 0, 0, 'Jurra', '', NULL, NULL, NULL, 9, 0, 0, 1, 0, 0, 0, 0, 7, 0, 0, 1, 1, 0, 0, 210998, 45505), -- Jurra
(186674, 0, 0, 'Elder Kannu', '', NULL, NULL, NULL, 9, 0, 0, 1, 0, 0, 0, 0, 7, 0, 0, 1, 1, 0, 0, 210999, 45505), -- Elder Kannu
(186676, 0, 0, 'Kuo', '', NULL, NULL, NULL, 9, 0, 0, 1, 0, 0, 0, 0, 7, 0, 0, 1, 1, 0, 0, 211001, 45505), -- Kuo
(186677, 0, 0, 'Omaa', '', NULL, NULL, NULL, 9, 0, 0, 1, 0, 0, 0, 300, 1, 0, 0, 1, 1, 0, 0, 211002, 45505), -- Omaa
(186689, 0, 0, 'Otuu', '', NULL, NULL, NULL, 9, 0, 0, 1, 0, 0, 0, 300, 1, 0, 0, 5, 1, 0, 0, 211014, 45505), -- Otuu
(186691, 0, 0, 'Omaka', '', NULL, NULL, NULL, 9, 0, 0, 1, 0, 0, 0, 300, 1, 0, 0, 5, 1, 0, 0, 211016, 45505), -- Omaka
(186693, 0, 0, 'Okuut', '', NULL, NULL, NULL, 9, 0, 0, 1, 0, 0, 0, 300, 1, 0, 0, 5, 1, 0, 0, 211018, 45505), -- Okuut
(195662, 0, 0, 'Telescopic Echoes', '', NULL, NULL, NULL, 9, 0, 0, 1, 0, 0, 0, 0, 10, 1610612752, 117440518, 1, 1, 0, 0, 223907, 45505), -- Telescopic Echoes
(195880, 0, 0, 'Roaming Rocks', '', NULL, NULL, NULL, 9, 0, 0, 1, 0, 0, 0, 0, 1, 8, 0, 0.200000002980232238, 1, 0, 0, 224141, 45505), -- Roaming Rocks
(187037, 0, 0, 'Gleamfish', '', NULL, NULL, 'questinteract', 9, 0, 0, 1, 0, 0, 0, 0, 8, 0, 0, 0.5, 1, 0, 0, 213657, 45505), -- Gleamfish
(191542, 0, 0, 'Archmage Khadgar', '', NULL, NULL, NULL, 9, 0, 0, 8, 0, 0, 1, 0, 7, 2101320, 4, 1, 80, 0, 0, 219747, 45505), -- Archmage Khadgar
(191751, 0, 0, 'Arvik', '', 'Repairs', NULL, NULL, 9, 0, 0, 1, 0, 0, 0, 0, 7, 0, 0, 1, 1, 0, 0, 219956, 45505), -- Arvik
(191766, 0, 0, 'Injured Tuskarr', '', NULL, NULL, NULL, 9, 0, 0, 1, 0, 0, 0, 0, 7, 0, 0, 1, 1, 0, 0, 219971, 45505), -- Injured Tuskarr
(191776, 0, 0, 'Tikukk', '', NULL, NULL, NULL, 9, 0, 0, 1, 0, 0, 0, 0, 7, 0, 0, 1, 1, 0, 0, 219981, 45505), -- Tikukk
(191810, 0, 0, 'Brena', '', 'Iskaara Chieftain', NULL, NULL, 9, 0, 0, 1, 0, 0, 0, 0, 7, 0, 0, 1, 1, 0, 0, 220015, 45505), -- Brena
(187348, 0, 0, '(Bunny) Sessile (FX)', '', NULL, NULL, NULL, 9, 0, 0, 1, 0, 0, 0, 0, 10, 1073742848, 0, 1, 1, 0, 0, 213986, 45505), -- (Bunny) Sessile (FX)
(187349, 0, 0, 'Pathfinder Yips', '', NULL, NULL, 'questinteract', 9, 0, 0, 1, 0, 0, 0, 0, 7, 0, 0, 1, 1, 0, 0, 213987, 45505), -- Pathfinder Yips
(196338, 0, 0, 'Mingling Single', '', NULL, NULL, NULL, 9, 0, 0, 1, 0, 0, 0, 0, 7, 0, 0, 1, 1, 0, 0, 224607, 45505), -- Mingling Single
(196343, 0, 0, 'Quadra', '', NULL, NULL, NULL, 9, 0, 0, 1, 0, 0, 0, 0, 7, 0, 0, 1, 1, 0, 0, 224612, 45505), -- Quadra
(187420, 0, 0, 'Gleamfish', '', NULL, NULL, NULL, 9, 0, 0, 1, 0, 0, 6, 0, 8, 0, 0, 0.5, 1, 0, 0, 214058, 45505), -- Gleamfish
(191906, 0, 0, 'Proto-Drake', '', NULL, NULL, NULL, 9, 0, 0, 1, 0, 0, 1, 0, 2, 0, 0, 2.20000004768371582, 1, 0, 0, 220111, 45505), -- Proto-Drake
(191949, 0, 0, 'InvisBunny', '', NULL, NULL, NULL, 9, 0, 0, 1, 0, 0, 0, 0, 10, 0, 0, 1, 1, 0, 0, 220158, 45505), -- InvisBunny
(192053, 0, 0, 'Shadepaw Bandit', '', NULL, NULL, NULL, 9, 0, 0, 1, 0, 0, 6, 0, 7, 0, 0, 0.60000002384185791, 1, 0, 0, 220262, 45505), -- Shadepaw Bandit
(192091, 0, 0, 'Archmage Khadgar', '', NULL, NULL, NULL, 9, 0, 0, 8, 0, 0, 1, 0, 7, 2101320, 4, 1, 80, 0, 0, 220300, 45505), -- Archmage Khadgar
(192185, 0, 0, 'Kakapo', '', NULL, NULL, NULL, 9, 0, 0, 1, 0, 0, 6, 0, 8, 0, 0, 0.200000002980232238, 1, 0, 0, 220394, 45505), -- Kakapo
(187713, 0, 0, 'Tuskarr Child', '', NULL, NULL, NULL, 9, 0, 0, 1, 0, 0, 0, 0, 7, 0, 0, 1, 1, 0, 0, 214381, 45505), -- Tuskarr Child
(192244, 0, 0, 'Arcane Blaster', '', NULL, NULL, 'gunner', 9, 0, 0, 8, 0, 0, 0, 0, 9, 1610612752, 117440518, 4, 1, 0, 0, 220453, 45505), -- Arcane Blaster
(192283, 0, 0, 'Proto-Drake', '', NULL, NULL, NULL, 9, 0, 0, 1, 0, 0, 1, 0, 2, 524288, 0, 2.20000004768371582, 1, 0, 0, 220492, 45505), -- Proto-Drake
(192322, 0, 0, 'Archmage Khadgar', '', NULL, NULL, NULL, 9, 0, 0, 8, 0, 0, 1, 0, 7, 2101320, 4, 1, 80, 0, 0, 220531, 45505), -- Archmage Khadgar
(192331, 0, 0, 'Arcane Blaster', '', NULL, NULL, NULL, 9, 0, 0, 8, 0, 0, 0, 0, 9, 1610612752, 117440518, 4, 1, 0, 0, 220541, 45505), -- Arcane Blaster
(187871, 0, 0, 'Oopa', '', NULL, NULL, NULL, 9, 0, 0, 1, 0, 0, 0, 300, 1, 1, 0, 0.5, 1, 0, 0, 214547, 45505), -- Oopa
(192351, 195901, 0, 'Trained Hyena', '', NULL, NULL, NULL, 9, 0, 0, 1, 0, 0, 6, 25, 1, 1, 0, 0.5, 1, 0, 2084, 220561, 45505), -- Trained Hyena
(192352, 195901, 0, 'Shadepaw Trainer', '', NULL, NULL, NULL, 9, 0, 0, 1, 0, 0, 0, 0, 7, 0, 0, 1, 1, 0, 0, 220562, 45505), -- Shadepaw Trainer
(187927, 0, 0, 'Injured Tuskarr', '', NULL, NULL, NULL, 9, 0, 0, 1, 0, 0, 0, 0, 7, 0, 0, 1, 1, 0, 0, 214604, 45505), -- Injured Tuskarr
(187959, 0, 0, 'Tuskarr Traveler', '', NULL, NULL, NULL, 9, 0, 0, 1, 0, 0, 0, 0, 7, 0, 0, 1, 1, 0, 0, 214637, 45505), -- Tuskarr Traveler
(192453, 0, 0, 'Vaniik the Stormtouched', '', 'Corrupted Child of Ohn\'ahra', NULL, NULL, 9, 0, 0, 1, 0, 0, 4, 26, 1, 1, 0, 6, 1, 0, 0, 220663, 45505), -- Vaniik the Stormtouched
(187990, 0, 0, 'Niqu', '', NULL, NULL, NULL, 9, 0, 0, 1, 0, 0, 0, 0, 7, 0, 0, 1, 1, 0, 0, 214663, 45505); -- Niqu

UPDATE `creature_template` SET `VerifiedBuild`=45505 WHERE `entry` IN (196988, 62693, 197005, 192528, 197007, 197016, 188067, 192552, 192553, 192554, 188086, 188087, 188088, 188089, 192576, 192580, 192581, 197059, 188105, 192593, 89, 188128, 197093, 197097, 197101, 192637, 192651, 192652, 192654, 192657, 188181, 197169, 197175, 188224, 188225, 197179, 188230, 188231, 192719, 188244, 188246, 192727, 188252, 192731, 197210, 192739, 197222, 197223, 192746, 192750, 192751, 192752, 192753, 192759, 192760, 197241, 197243, 197258, 197262, 192789, 192791, 67437, 192794, 192796, 192800, 27152, 192803, 188335, 188337, 304, 62982, 188340, 192818, 188347, 192828, 197308, 192838, 192845, 192846, 192847, 192848, 192849, 192850, 192851, 192852, 192854, 192856, 192858, 192865, 356, 358, 31698, 197348, 192878, 192880, 197358, 192903, 192920, 192921, 192923, 192925, 192927, 188451, 192938, 197417, 192941, 192942, 192946, 192948, 192949, 192950, 192951, 192952, 192953, 197433, 18363, 18364, 18365, 188494, 192977, 192978, 18377, 18378, 18379, 18380, 192986, 188509, 188511, 197469, 193008, 193009, 193010, 193012, 193014, 193017, 193018, 193019, 193020, 31850, 31852, 193027, 193028, 49779, 197538, 197539, 197540, 193069, 188601, 197571, 193108, 197600, 197601, 193145, 197623, 197625, 197627, 197631, 193214, 58960, 58964, 197759, 193296, 193301, 193309, 193313, 197791, 197795, 197796, 193346, 193353, 27707, 193361, 193373, 32205, 32207, 193379, 193380, 193384, 63552, 193385, 193386, 63553, 197867, 188915, 193394, 193395, 197874, 184444, 193407, 184453, 14329, 14330, 14331, 59101, 14333, 184461, 193417, 41200, 197896, 193430, 197930, 193457, 193462, 197941, 193467, 197948, 197949, 197952, 193481, 193482, 197962, 193486, 193493, 189026, 32336, 36837, 23408, 193544, 193545, 193551, 193553, 193555, 189087, 193565, 95072, 68211, 193572, 189097, 14505, 198064, 189116, 193595, 189121, 189131, 184656, 193612, 189139, 14539, 14540, 193621, 14541, 14542, 189146, 14543, 189147, 14544, 14545, 193627, 14549, 14550, 193636, 14558, 189162, 193673, 189198, 189200, 189208, 189217, 193701, 189232, 189241, 193719, 193723, 189248, 193725, 189251, 193730, 193738, 193739, 193746, 193750, 193776, 193778, 193779, 189310, 189312, 189314, 32638, 32639, 189335, 32640, 189336, 189338, 189357, 193835, 193839, 189362, 193840, 189366, 189373, 189377, 189397, 189400, 193880, 19280, 19281, 193934, 189459, 189460, 189463, 189465, 189468, 193945, 189469, 193946, 193947, 189477, 193957, 193958, 189488, 193967, 193993, 194002, 194005, 135816, 194020, 194021, 194039, 189590, 189593, 189594, 189595, 194074, 189613, 185147, 180673, 189628, 6075, 32944, 189640, 185168, 189658, 194136, 194137, 194161, 194167, 189713, 189715, 194201, 33030, 176296, 194210, 19668, 73400, 194282, 185350, 185353, 185357, 194312, 194315, 194316, 194317, 194327, 194349, 189886, 194367, 189893, 189896, 189903, 73504, 189925, 78001, 189926, 189928, 189935, 189937, 189940, 185465, 189952, 190001, 190014, 190015, 46754, 46755, 190022, 190029, 190031, 190032, 190034, 194512, 190038, 194520, 194521, 194522, 190047, 190049, 190051, 190054, 190055, 190058, 190059, 190060, 185584, 190072, 185600, 73677, 185603, 185608, 181132, 190087, 190088, 190089, 190091, 185616, 185617, 194571, 194572, 190101, 190102, 190103, 190104, 190105, 194588, 194591, 190126, 194622, 181198, 194630, 20030, 190164, 181215, 194654, 73780, 190188, 190189, 194667, 190191, 185715, 190194, 190198, 190199, 190205, 190206, 190207, 194687, 194690, 190216, 185740, 190218, 190219, 194696, 190220, 190221, 194699, 194705, 11153, 11154, 11155, 11156, 194718, 194719, 190242, 194720, 190243, 194726, 194736, 190259, 194737, 15666, 194750, 190275, 194762, 194767, 194771, 190294, 194786, 15714, 15715, 194802, 194803, 194807, 185853, 194809, 190339, 20217, 185867, 194822, 194823, 20220, 194824, 185870, 194825, 20222, 64993, 20223, 20224, 194828, 20225, 64996, 185880, 185881, 65006, 194841, 65011, 194849, 190382, 185907, 194868, 190397, 190400, 190408, 190409, 190410, 190411, 190412, 65058, 65060, 194894, 65061, 194895, 65063, 194896, 194897, 194898, 194903, 65072, 190437, 190438, 194915, 190441, 194932, 194934, 194936, 194938, 194940, 194944, 194947, 194953, 194955, 38260, 194956, 181536, 29328, 194994, 195001, 195009, 195017, 195020, 195021, 195023, 195025, 195028, 195029, 195030, 195031, 195034, 195036, 195040, 195043, 195045, 190570, 195049, 195054, 33892, 195068, 190592, 33904, 195096, 186144, 195104, 186150, 186151, 190631, 186157, 195117, 186164, 186165, 195119, 186167, 186188, 190680, 190681, 195172, 190707, 195185, 181775, 195208, 195219, 195221, 190753, 195235, 11689, 186293, 186297, 186298, 195252, 186299, 190776, 190778, 195256, 190780, 195261, 195263, 195265, 186330, 186338, 186339, 34155, 186384, 186385, 186386, 186391, 186392, 195355, 195356, 195358, 70025, 190905, 70026, 190906, 70027, 190908, 195386, 38695, 47652, 190931, 190932, 34238, 190942, 190947, 186476, 190958, 190960, 190962, 195441, 186488, 186490, 186515, 186516, 195471, 190997, 195477, 186527, 195481, 186528, 195483, 195486, 195489, 195490, 195491, 195493, 195496, 195499, 195501, 195503, 191032, 191033, 191035, 195513, 191036, 195515, 195516, 195517, 182087, 195521, 195525, 186571, 191051, 186574, 195530, 186578, 191056, 191057, 191063, 195546, 195552, 191084, 186615, 186616, 29929, 195579, 191102, 47841, 191106, 191121, 186659, 191149, 61319, 191156, 182210, 191166, 186705, 195679, 191205, 191207, 191208, 195688, 195696, 195697, 195698, 195699, 195700, 12149, 195714, 195715, 191238, 195716, 195717, 191242, 195722, 191250, 186780, 7707, 7708, 186814, 186815, 186816, 186817, 186818, 191314, 191319, 195842, 195846, 195847, 195851, 195855, 191391, 186920, 191397, 195875, 195876, 195877, 195878, 186941, 186942, 66063, 191422, 195902, 195905, 195906, 195908, 195909, 191432, 195927, 195928, 195929, 195930, 195931, 195933, 195942, 195945, 191471, 195960, 195961, 195962, 61652, 191496, 66151, 187036, 191528, 196009, 191532, 191535, 57227, 191541, 191545, 191546, 191549, 191551, 187092, 196048, 191572, 196051, 196054, 196061, 191588, 191590, 52807, 196092, 196093, 191622, 61809, 191663, 191665, 196147, 196154, 191688, 196169, 191695, 196179, 196180, 196184, 196185, 191712, 196197, 196212, 196229, 196240, 191778, 26131, 196259, 196263, 182841, 182843, 182845, 196285, 196291, 191819, 191820, 196301, 196302, 196306, 62005, 191847, 196339, 196340, 196341, 35169, 196344, 196348, 196352, 196370, 196396, 196397, 187455, 196413, 196414, 62106, 187474, 187483, 187515, 191995, 192002, 192004, 192005, 196484, 192016, 192018, 187545, 187546, 187547, 187548, 187550, 192027, 196504, 192028, 192044, 196523, 196524, 53270, 196539, 53276, 196542, 196555, 192082, 192099, 196578, 196583, 187629, 192107, 192111, 192113, 192114, 192116, 192117, 196619, 196625, 196626, 187672, 196631, 196655, 71313, 196678, 192222, 192223, 192224, 192226, 196711, 196713, 196714, 196715, 192242, 192249, 192254, 187777, 196732, 192255, 187778, 196733, 187787, 192265, 192267, 192270, 187799, 192278, 183340, 183341, 187818, 183343, 4271, 4272, 196801, 192334, 192335, 196817, 192340, 196818, 196821, 192345, 192347, 187870, 192349, 196835, 187894, 187895, 187897, 192382, 196882, 187937, 187938, 187939, 187951, 187957, 196913, 187960, 187969, 187975, 187981, 187984, 187985, 187992, 76084, 196963, 192486, 192487, 188011, 196965, 196967, 196968, 183539, 183543);
UPDATE `creature_template` SET `IconName`='openhandglow', `VerifiedBuild`=45505 WHERE `entry`=197569; -- Alli
UPDATE `creature_template` SET `VignetteID`=0, `type_flags`=0, `type_flags2`=0, `HealthModifier`=4, `movementId`=0, `VerifiedBuild`=45505 WHERE `entry`=193142; -- Enraged Sapphire
UPDATE `creature_template` SET `family`=303, `type_flags`=1, `VerifiedBuild`=45505 WHERE `entry`=193521; -- Shy Croaklet
UPDATE `creature_template` SET `HealthScalingExpansion`=9, `VerifiedBuild`=45505 WHERE `entry`=54742; -- Swift Lovebird
UPDATE `creature_template` SET `HealthScalingExpansion`=9, `VerifiedBuild`=45505 WHERE `entry`=59764; -- Healing Tide Totem
UPDATE `creature_template` SET `HealthScalingExpansion`=9, `VerifiedBuild`=45505 WHERE `entry`=33029; -- Flying Carpet
UPDATE `creature_template` SET `IconName`='openhandglow', `VerifiedBuild`=45505 WHERE `entry`=190043; -- Redfur
UPDATE `creature_template` SET `HealthScalingExpansion`=9, `VerifiedBuild`=45505 WHERE `entry`=64992; -- Heavenly Jade Cloud Serpent
UPDATE `creature_template` SET `HealthScalingExpansion`=9, `VerifiedBuild`=45505 WHERE `entry`=194840; -- Lydiara Whisperfeather
UPDATE `creature_template` SET `name`='Smokey', `VerifiedBuild`=45505 WHERE `entry`=194942; -- Cat
UPDATE `creature_template` SET `HealthScalingExpansion`=9, `VerifiedBuild`=45505 WHERE `entry`=47647; -- Drake of the West Wind
UPDATE `creature_template` SET `family`=303, `VerifiedBuild`=45505 WHERE `entry`=182086; -- Hek the Hungry Hornswog
UPDATE `creature_template` SET `name`='Ohuna Feather', `IconName`='questinteract', `HealthScalingExpansion`=9, `unit_class`=1, `type`=7, `type_flags`=1073741840, `type_flags2`=117440518, `HealthModifier`=1.10000002384185791, `CreatureDifficultyID`=219414, `VerifiedBuild`=45505 WHERE `entry`=191209; -- 191209
UPDATE `creature_template` SET `name`='Tigari Khan', `HealthScalingExpansion`=9, `unit_class`=1, `type`=7, `CreatureDifficultyID`=219415, `VerifiedBuild`=45505 WHERE `entry`=191210; -- 191210
UPDATE `creature_template` SET `family`=303, `VerifiedBuild`=45505 WHERE `entry`=195712; -- Mossy Hornswog
UPDATE `creature_template` SET `family`=303, `VerifiedBuild`=45505 WHERE `entry`=195762; -- Mossy Gulper
UPDATE `creature_template` SET `HealthModifier`=0.5, `VerifiedBuild`=45505 WHERE `entry`=195844; -- Windfiend
UPDATE `creature_template` SET `unit_class`=8, `HealthModifier`=1.20000004768371582, `VerifiedBuild`=45505 WHERE `entry`=195854; -- Unbound Windscourge
UPDATE `creature_template` SET `subname`='Skinning Trainer', `VerifiedBuild`=45505 WHERE `entry`=191392; -- Basaan
UPDATE `creature_template` SET `IconName`='openhandglow', `VerifiedBuild`=45505 WHERE `entry`=191405; -- Rotti
UPDATE `creature_template` SET `HealthScalingExpansion`=9, `VerifiedBuild`=45505 WHERE `entry`=39209; -- Great Exarch's Elekk
UPDATE `creature_template` SET `HealthScalingExpansion`=9, `VerifiedBuild`=45505 WHERE `entry`=57157; -- Spectral Wind Rider
UPDATE `creature_template` SET `HealthScalingExpansion`=9, `VerifiedBuild`=45505 WHERE `entry`=57226; -- Blazing Drake
UPDATE `creature_template` SET `HealthScalingExpansion`=9, `VerifiedBuild`=45505 WHERE `entry`=57228; -- Life-Binder's Handmaiden
UPDATE `creature_template` SET `family`=303, `type_flags`=1, `VerifiedBuild`=45505 WHERE `entry`=191604; -- Brackish Hornswog
UPDATE `creature_template` SET `family`=303, `VerifiedBuild`=45505 WHERE `entry`=191606; -- Gargantuan Hornswog
UPDATE `creature_template` SET `unit_class`=8, `HealthModifier`=1.20000004768371582, `VerifiedBuild`=45505 WHERE `entry`=191682; -- Sulfuric Rager
UPDATE `creature_template` SET `family`=303, `VerifiedBuild`=45505 WHERE `entry`=192362; -- Possessive Hornswog
UPDATE `creature_template` SET `HealthScalingExpansion`=9, `VerifiedBuild`=45505 WHERE `entry`=67145; -- Thundering Ruby Cloud Serpent

DELETE FROM `creature_template_model` WHERE (`Idx`=0 AND `CreatureID` IN (195662,185623,187927,192283,181039,192606,191776,187037,186693,192757,185622,193721,193935,186187,197664,197535,186676,192351,187349,192331,197693,190241,192091,188898,188193,190229,185599,186661,186224,196343,191906,185598,191209,190225,186674,188809,195880,188192,192604,191766,188195,192453,192756,193256,187348,197662,191751,188196,186677,185615,187871,197735,192322,188194,192721,186517,188191,190522,190255,192605,197730,186689,195072,188914,192053,197733,197773,188857,191542,187420,185625,191810,192607,187990,186691,195548,193549,197728,190226,186184,191949,189457,192352,191210,197734,186618,190238,188858,192244,177664,189652,187959,196338,186673,185624,192185,185775,191026,192754,197692,197775,192602,187713)) OR (`Idx`=1 AND `CreatureID` IN (185623,187927,192283,185622,193721,193935,186187,192351,188898,191906,195880,187348,185615,192053,197733,188857,186184,191949,189457,192352,196338,185624)) OR (`Idx`=2 AND `CreatureID` IN (187927,192283,193721,192351,191906,195880,192053,197733,192352,196338)) OR (`Idx`=3 AND `CreatureID` IN (192283,193721,191906,192053,197733,192352,196338)) OR (`Idx`=4 AND `CreatureID` IN (193721,192053,197733,192352)) OR (`Idx`=5 AND `CreatureID` IN (192053,197733,192352)) OR (`Idx`=7 AND `CreatureID`=197733) OR (`Idx`=6 AND `CreatureID`=197733);
INSERT INTO `creature_template_model` (`CreatureID`, `Idx`, `CreatureDisplayID`, `DisplayScale`, `Probability`, `VerifiedBuild`) VALUES
(195662, 0, 108945, 1, 1, 45505), -- Telescopic Echoes
(185623, 1, 23487, 1, 0, 45505), -- Kalecgos
(185623, 0, 105430, 1, 1, 45505), -- Kalecgos
(187927, 2, 105777, 1, 1, 45505), -- Injured Tuskarr
(187927, 1, 105793, 1, 1, 45505), -- Injured Tuskarr
(187927, 0, 105834, 1, 1, 45505), -- Injured Tuskarr
(192283, 3, 107171, 1, 1, 45505), -- Proto-Drake
(192283, 2, 107172, 1, 1, 45505), -- Proto-Drake
(192283, 1, 107173, 1, 1, 45505), -- Proto-Drake
(192283, 0, 107174, 1, 1, 45505), -- Proto-Drake
(181039, 0, 75976, 1, 1, 45505), -- Rocky Dustbeard
(192606, 0, 107910, 1, 1, 45505), -- Steward Saphos
(191776, 0, 105647, 1, 1, 45505), -- Tikukk
(187037, 0, 100953, 0.75, 1, 45505), -- Gleamfish
(186693, 0, 100961, 1.5, 1, 45505), -- Okuut
(192757, 0, 102846, 1, 1, 45505), -- Toolk
(185622, 1, 23487, 1, 0, 45505), -- Kalecgos
(185622, 0, 105430, 1, 1, 45505), -- Kalecgos
(193721, 4, 104676, 0.400000005960464477, 1, 45505), -- Crested Poolskipper
(193721, 3, 104677, 0.400000005960464477, 1, 45505), -- Crested Poolskipper
(193721, 2, 104678, 0.400000005960464477, 1, 45505), -- Crested Poolskipper
(193721, 1, 104679, 0.400000005960464477, 1, 45505), -- Crested Poolskipper
(193721, 0, 104680, 0.400000005960464477, 1, 45505), -- Crested Poolskipper
(193935, 1, 13069, 1, 1, 45505), -- Bunny
(193935, 0, 100007, 1, 0, 45505), -- Bunny
(186187, 1, 23487, 1, 0, 45505), -- Kalecgos
(186187, 0, 75614, 1, 1, 45505), -- Kalecgos
(197664, 0, 103249, 1, 1, 45505), -- Proto-Drake
(197535, 0, 102943, 1.399999976158142089, 1, 45505), -- High Channeler Ryvati
(186676, 0, 105857, 0.85000002384185791, 1, 45505), -- Kuo
(192351, 2, 106556, 1, 1, 45505), -- Trained Hyena
(192351, 1, 106828, 1, 1, 45505), -- Trained Hyena
(192351, 0, 106827, 1, 1, 45505), -- Trained Hyena
(187349, 0, 106139, 1, 1, 45505), -- Pathfinder Yips
(192331, 0, 108639, 1, 1, 45505), -- Arcane Blaster
(197693, 0, 103249, 1, 1, 45505), -- Proto-Drake
(190241, 0, 106794, 1, 1, 45505), -- Brena's Totem
(192091, 0, 107041, 1, 1, 45505), -- Archmage Khadgar
(188898, 1, 11686, 1, 1, 45505), -- Arcane Distortation
(188898, 0, 64062, 1, 0, 45505), -- Arcane Distortation
(188193, 0, 106322, 1, 1, 45505), -- Kirin Tor Mage
(190229, 0, 105793, 1, 1, 45505), -- Korrikunit the Whalebringer
(185599, 0, 105421, 1, 1, 45505), -- Masud the Wise
(186661, 0, 102839, 0.85000002384185791, 1, 45505), -- Riqi
(186224, 0, 104719, 1, 1, 45505), -- Brena
(196343, 0, 109152, 1, 1, 45505), -- Quadra
(191906, 3, 107171, 1, 1, 45505), -- Proto-Drake
(191906, 2, 107172, 1, 1, 45505), -- Proto-Drake
(191906, 1, 107173, 1, 1, 45505), -- Proto-Drake
(191906, 0, 107174, 1, 1, 45505), -- Proto-Drake
(185598, 0, 105420, 1, 1, 45505), -- Pakina
(191209, 0, 107414, 1, 1, 45505), -- 191209
(190225, 0, 105856, 1, 1, 45505), -- Babunituk
(186674, 0, 105856, 1, 1, 45505), -- Elder Kannu
(188809, 0, 105778, 1, 1, 45505), -- Elder Poa
(195880, 2, 104532, 1, 1, 45505), -- Roaming Rocks
(195880, 1, 104533, 1, 2, 45505), -- Roaming Rocks
(195880, 0, 104534, 1, 2, 45505), -- Roaming Rocks
(188192, 0, 106324, 1, 1, 45505), -- Kirin Tor Mage
(192604, 0, 107042, 1, 1, 45505), -- Custodian Cynegos
(191766, 0, 105839, 1, 1, 45505), -- Injured Tuskarr
(188195, 0, 106320, 1, 1, 45505), -- Kirin Tor Mage
(192453, 0, 101440, 1, 1, 45505), -- Vaniik the Stormtouched
(192756, 0, 102846, 1, 1, 45505), -- Toolk
(193256, 0, 108127, 1.399999976158142089, 1, 45505), -- Nulltheria the Void Gazer
(187348, 1, 105247, 1, 1, 45505), -- (Bunny) Sessile (FX)
(187348, 0, 101845, 1, 0, 45505), -- (Bunny) Sessile (FX)
(197662, 0, 103254, 1, 1, 45505), -- Proto-Drake
(191751, 0, 105763, 1, 1, 45505), -- Arvik
(188196, 0, 106325, 1, 1, 45505), -- Kirin Tor Mage
(186677, 0, 100386, 1.20000004768371582, 1, 45505), -- Omaa
(185615, 1, 23487, 1, 0, 45505), -- Kalecgos
(185615, 0, 105430, 1, 1, 45505), -- Kalecgos
(187871, 0, 100386, 1.5, 1, 45505), -- Oopa
(197735, 0, 104673, 1, 1, 45505), -- Duckling
(192322, 0, 107041, 1, 1, 45505), -- Archmage Khadgar
(188194, 0, 107299, 1, 1, 45505), -- Kirin Tor Mage
(192721, 0, 107054, 4, 1, 45505), -- Eastern Arcane Distortation
(186517, 0, 103650, 1.25, 1, 45505), -- Bakra the Bully
(188191, 0, 106319, 1, 1, 45505), -- Kirin Tor Mage
(190522, 0, 108782, 1, 1, 45505), -- Infused Dragon Egg
(190255, 0, 107345, 1, 1, 45505), -- Divo Songscale
(192605, 0, 107764, 1, 1, 45505), -- Steward Portos
(197730, 0, 109683, 1, 1, 45505), -- Restless Explorer
(186689, 0, 100961, 1.5, 1, 45505), -- Otuu
(195072, 0, 108745, 1, 1, 45505), -- Cataloger Adams
(188914, 0, 106898, 1, 1, 45505), -- ????
(192053, 5, 103212, 1, 1, 45505), -- Shadepaw Bandit
(192053, 4, 103211, 1, 1, 45505), -- Shadepaw Bandit
(192053, 3, 103210, 1, 1, 45505), -- Shadepaw Bandit
(192053, 2, 103672, 1, 1, 45505), -- Shadepaw Bandit
(192053, 1, 103671, 1, 1, 45505), -- Shadepaw Bandit
(192053, 0, 103670, 1, 1, 45505), -- Shadepaw Bandit
(197733, 7, 102669, 1, 1, 45505), -- Ruby Tender
(197733, 6, 102668, 1, 1, 45505), -- Ruby Tender
(197733, 5, 102667, 1, 1, 45505), -- Ruby Tender
(197733, 4, 102666, 1, 1, 45505), -- Ruby Tender
(197733, 3, 102656, 1, 1, 45505), -- Ruby Tender
(197733, 2, 102654, 1, 1, 45505), -- Ruby Tender
(197733, 1, 102655, 1, 1, 45505), -- Ruby Tender
(197733, 0, 102657, 1, 1, 45505), -- Ruby Tender
(197773, 0, 87563, 1, 1, 45505), -- Vivi
(188857, 1, 11686, 1, 1, 45505), -- Arcane Distortation
(188857, 0, 64062, 1, 0, 45505), -- Arcane Distortation
(191542, 0, 107041, 1, 1, 45505), -- Archmage Khadgar
(187420, 0, 100953, 0.75, 1, 45505), -- Gleamfish
(185625, 0, 105921, 1, 1, 45505), -- Kalecgos
(191810, 0, 104719, 1, 1, 45505), -- Brena
(192607, 0, 107761, 1, 1, 45505), -- Caddy Scattershot
(187990, 0, 104919, 1, 1, 45505), -- Niqu
(186691, 0, 100219, 1, 1, 45505), -- Omaka
(195548, 0, 52318, 1, 1, 45505), -- (Bunny)
(193549, 0, 104134, 1.25, 1, 45505), -- Crazed Lost Argali
(197728, 0, 74511, 1, 1, 45505), -- Budget Centaur Costume
(190226, 0, 106387, 1, 1, 45505), -- Jokomuupat
(186184, 1, 23487, 1, 0, 45505), -- Kalecgos
(186184, 0, 105430, 1, 1, 45505), -- Kalecgos
(191949, 1, 11686, 1, 1, 45505), -- InvisBunny
(191949, 0, 92672, 1, 0, 45505), -- InvisBunny
(189457, 1, 105921, 1, 0, 45505), -- Kalecgos
(189457, 0, 75614, 1, 1, 45505), -- Kalecgos
(192352, 5, 103275, 1, 1, 45505), -- Shadepaw Trainer
(192352, 4, 103274, 1, 1, 45505), -- Shadepaw Trainer
(192352, 3, 103273, 1, 1, 45505), -- Shadepaw Trainer
(192352, 2, 103690, 1, 1, 45505), -- Shadepaw Trainer
(192352, 1, 103689, 1, 1, 45505), -- Shadepaw Trainer
(192352, 0, 103688, 1, 1, 45505), -- Shadepaw Trainer
(191210, 0, 102113, 1, 1, 45505), -- 191210
(197734, 0, 66239, 1, 1, 45505), -- Enchanted Broom
(186618, 0, 105635, 1, 1, 45505), -- Hanu
(190238, 0, 105635, 1, 1, 45505), -- Hanu
(188858, 0, 107054, 4, 1, 45505), -- Arcane Distortation
(192244, 0, 108639, 1, 1, 45505), -- Arcane Blaster
(177664, 0, 105921, 1, 1, 45505), -- Kalecgos
(189652, 0, 108096, 1, 1, 45505), -- Deadwaker Ghendish
(187959, 0, 105793, 1, 1, 45505), -- Tuskarr Traveler
(196338, 3, 105816, 1, 1, 45505), -- Mingling Single
(196338, 2, 105815, 1, 1, 45505), -- Mingling Single
(196338, 1, 105814, 1, 1, 45505), -- Mingling Single
(196338, 0, 105813, 1, 1, 45505), -- Mingling Single
(186673, 0, 105851, 1, 1, 45505), -- Jurra
(185624, 1, 23487, 1, 0, 45505), -- Kalecgos
(185624, 0, 105430, 1, 1, 45505), -- Kalecgos
(192185, 0, 104166, 1, 1, 45505), -- Kakapo
(185775, 0, 97174, 0.60000002384185791, 1, 45505), -- Unstable Arcane Energy
(191026, 0, 102834, 1, 1, 45505), -- Tata
(192754, 0, 57522, 0.449999988079071044, 1, 45505), -- Arcane Detector
(197692, 0, 103254, 1, 1, 45505), -- Proto-Drake
(197775, 0, 74789, 1, 1, 45505), -- Vala
(192602, 0, 107809, 1, 1, 45505), -- Arch Instructor Celeste
(187713, 0, 102836, 1, 1, 45505); -- Tuskarr Child

UPDATE `creature_template_model` SET `VerifiedBuild`=45505 WHERE (`Idx`=0 AND `CreatureID` IN (190087,193384,32638,194956,185616,195945,189198,186188,192750,195028,188915,58960,196180,195521,193636,191535,192977,195020,194654,195491,191242,193555,194315,194726,52807,47652,190906,191663,190438,187969,188089,192849,187483,186490,187992,196341,195878,19280,190942,188601,14331,196093,189893,196625,193545,195929,11155,190059,194894,197571,186299,195017,192731,23408,188347,191688,195928,185617,193027,65061,194828,190681,193012,195715,195049,186616,194005,193701,197867,190072,196051,70025,18377,196302,194719,191121,68211,195489,18380,197948,33904,193778,14329,192005,193967,191572,197175,190441,194955,195021,185880,194317,195496,54742,188086,32336,190905,196626,197222,192856,57227,358,196229,190191,190221,196711,194807,196882,193018,197952,196154,190437,65072,191319,187984,190947,192791,192222,193723,356,186942,190216,11154,189377,65060,192858,190960,194822,194934,187092,197627,197005,192865,194802,189925,195040,194750,193553,190242,193361,193014,11156,194021,182845,19668,191032,196988,192117,189469,192116,189468,195493,195875,195699,194944,192986,192382,191392,19281,193457,187672,197093,196913,194895,192278,189146,192878,193017,187960,191063,197796,195908,192637,181536,192487,183343,189952,191847,193395,191604,186578,192028,135816,64992,194823,195029,193380,189314,41200,76084,195927,195117,38695,187951,192004,189397,194898,190102,190101,189208,197623,196715,187550,190194,35169,186165,192921,192854,197540,185907,190409,183340,190049,196344,187547,57157,190038,192267,181215,15666,196732,196523,32944,194699,20220,192927,31698,185740,191035,194210,190051,192759,195697,192349,29328,190198,194167,192651,189613,192345,34155,181775,195552,65063,194316,188225,47647,190103,190412,53276,196631,186488,187975,194953,196817,196555,193462,190015,189715,187937,186920,187894,33029,186814,193481,195700,29929,196583,191238,186384,26131,191422,187455,187895,182843,193521,192113,192224,193142,186386,194803,191695,63552,191250,195054,187548,189241,189886,197601,193008,192794,189147,191588,191051,189373,195515,193993,193746,32207,193296,195483,196147,192752,194767,4272,195847,195486,192800,185603,197169,190339,53270,187939,195263,33892,185853,189896,14330,197016,196801,192552,190014,191551,189477,185867,189488,188509,189366,64993,190055,189336,196619,193551,185350,196185,189460,193010,190105,188252,192270,185584,196370,193612,49779,197223,194736,197962,193019,190091,189251,190259,196963,188011,194282,191545,187957,195501,20223,192027,193719,181132,197258,11689,190218,192044,195961,189459,196714,195441,193467,195962,197262,14542,190058,31852,197600,195499,196484,190400,189935,20225,14545,184461,195355,188181,180673,190932,196184,190753,196263,193373,65011,15714,192941,18378,197539,11153,192942,14549,195930,191541,196504,183341,192746,78001,191528,192652,191606,195219,189628,194771,197101,193572,191391,189312,59764,195104,194897,197625,191405,193544,192753,191682,194936,192554,197795,61652,186528,67437,193776,190199,190778,46755,189139,192553,194868,189217,196301,189026,189400,190219,190931,197358,194687,196061,186659,193486,186515,190780,186817,194136,14505,188340,192952,195696,194622,190029,190397,7708,196212,14544,61319,196821,191033,62005,189248,57226,195909,185147,192903,195716,194994,182086,189593,189713,192950,7707,196542,196054,193839,195877,185465,186298,193301,196179,15715,192951,194762,196048,61809,176296,195235,193009,181198,186392,189131,194696,190126,195931,185881,188128,195905,6075,190408,192254,14550,31850,195221,194630,191712,187546,186151,190958,196539,190060,190776,196414,195043,192760,194786,190047,186527,192848,304,195525,190962,191057,195252,193386,196306,192223,186157,188494,197308,190031,195902,36837,189338,197874,195068,190411,192920,188224,197759,191397,186164,189903,187629,189097,14558,197243,192851,194367,197059,197241,57228,192818,195876,195261,193385,192828,193738,191205,188087,73504,195679,191207,192949,192107,193565,195942,193627,195185,195119,195471,191665,196352,193934,185600,186816,192751,12149,192657,195722,197930,186144,39209,187777,193394,189658,183539,189310,186574,190205,193946,190410,187515,27152,196285,195846,194591,192335,194737,194896,195009,195034,189937,191532,89,186293,195023,185168,193309,193945,192265,194312,192923,197538,197433,192242,195490,190243,188451,191208,194521,196396,193145,190104,193417,195481,196655,18379,193595,14543,196340,189121,70026,188088,192249,186338,188246,193108,195256,73780,192111,186297,198064,194809,196818,190680,192852,194201,196968,194915,197179,195698,194720,196413,189200,189463,193020,71313,193673,33030,197097,190707,192016,190294,193947,189335,27707,192719,192789,194327,195516,195960,194002,195851,193835,193379,197896,193069,194903,196092,185353,196339,195855,194932,190908,193739,190207,192099,189465,191056,187897,186941,195172,192528,189595,190188,193730,185357,190189,192978,193214,66063,195517,192925,192953,20217,197007,195030,194522,190089,192850,191156,62106,32640,190034,191036,192593,192082,190088,190592,186330,192946,191778,66151,189357,194940,190570,196197,14541,196965,192362,32205,192340,194512,186339,190997,183543,195031,195503,195762,194824,186818,186571,192581,65058,191622,197210,18363,192654,14540,193880,195096,193407,191549,190275,194849,47841,193482,197469,195001,196713,187870,194947,185870,195714,188105,187545,193840,34238,194349,59101,193957,186516,190164,187036,184444,192739,191590,189640,194161,73677,192796,14333,195842,65006,195712,188231,196291,194039,189087,194718,188244,193779,195906,192845,187474,20224,193725,196240,95072,182210,195933,192226,193028,193750,194938,191820,195265,189928,189594,58964,191149,191995,196259,190631,195356,193621,186780,192846,194840,193430,193493,62982,63553,195579,187981,190054,188230,191496,191166,191084,191432,194520,192727,186391,192838,192576,4271,192948,73400,194588,191106,191546,190001,197791,189232,186615,194137,192880,196835,197949,194825,184656,195025,192002,197348,192803,187818,196397,192580,195358,197631,197569,186476,190382,188337,195717,192018,182087,186705,188335,64996,18365,186385,187938,195546,194841,192347,188067,194572,14539,187787,187778,46754,189940,197417,196009,194690,196678,185608,196967,192847,189162,18364,189362,191471,195477,194074,195208,67145,182841,70027,184453,189926,186815,196524,191819,185715,195530,196169,62693,194667,193313,20030,192938,197941,190220,190022,194571,195045,195688,193958,194705,196733,196578,192486,188511,192114,187799,195036,195386,193346,32639,190043,192334,193353,190206,189590,192255,191314,190032,189116,38260,196348,186150,187985,195513,191102,186167,20222)) OR (`Idx`=2 AND `CreatureID` IN (193384,193636,193555,194726,187969,188089,186490,187992,193545,190059,188086,190905,190221,196882,193018,190960,194822,195040,194750,190242,182845,189469,189468,195699,197093,183343,192028,135816,195117,192004,186165,197540,183340,190051,189613,192345,194803,191695,189241,195515,190339,195263,189477,189488,190055,189336,192270,196370,195961,195962,196484,184461,196184,196504,183341,191528,195219,197101,186528,190199,190778,189139,196301,186659,190029,190397,61319,196821,62005,189248,189713,196542,193301,194762,189131,192254,195221,194630,196539,190060,194786,186527,186164,187629,189097,195261,188087,195679,195185,195119,193309,193945,197538,190243,196396,193417,195481,193595,196340,195256,192111,194809,196968,189463,193020,197097,190294,192789,195960,196339,190207,192099,189465,195172,190188,192593,192082,191778,189357,193407,194849,197469,195714,194349,184444,189640,73677,193028,193750,193621,186780,193430,190054,192880,194825,187818,196397,190382,188067,194572,195208,184453,191819,195530,190220,195045,193958,196578,195036,193346,190206,192255,187985,191102)) OR (`Idx`=1 AND `CreatureID` IN (193384,185616,195945,195028,195521,193636,192977,195020,193555,194726,190438,187969,188089,186490,187992,196341,196093,196625,193545,190059,186299,195017,185617,190681,193012,193701,197867,194719,197175,190441,195021,188086,190905,196626,196229,190221,196882,193018,190437,187984,190947,190216,190960,194822,197005,189925,195040,194750,193553,190242,182845,196988,189469,189468,195699,194944,192986,192382,197093,195908,192637,183343,191847,193395,186578,192028,135816,195029,41200,195117,192004,189397,186165,192854,197540,183340,196344,187547,190038,194699,192927,190051,192349,190198,192651,189613,192345,196555,195700,187455,182843,194803,191695,191250,187548,189241,192794,191588,189373,195515,193993,195483,194767,195847,192800,190339,195263,189896,189477,189488,189366,190055,189336,196619,196185,193010,192270,196370,193612,197223,194736,197962,189251,195501,193719,181132,192044,195961,193467,195962,196484,184461,196184,196263,193373,192941,192942,196504,183341,192746,191528,195219,189628,197101,186528,193776,190199,190778,189139,194868,196301,186659,190029,190397,196212,61319,196821,62005,189248,195909,185147,189713,196542,196054,186298,193301,194762,193009,189131,195931,188128,195905,192254,195221,194630,191712,190958,196539,190060,196414,194786,186527,192848,196306,195902,189338,197874,195068,186164,187629,189097,197059,195261,192828,193738,188087,195679,192107,193565,195942,193627,195185,195119,193934,192657,189658,186574,187515,194591,194737,195034,195023,193309,193945,197538,190243,196396,193417,195481,193595,196340,195256,192111,194809,190680,192852,196968,189463,193020,193673,197097,190707,190294,189335,192789,195516,195960,194002,193069,185353,196339,195855,194932,193739,190207,192099,189465,191056,195172,192528,190188,193730,185357,192953,195030,191036,192593,192082,192946,191778,189357,196197,196965,192340,195031,186571,193880,195096,193407,194849,197469,195714,187545,193840,194349,184444,189640,73677,195842,188231,194039,193779,195906,192845,196240,193028,193750,194938,189928,190631,193621,186780,193430,193493,187981,190054,188230,186391,192576,192948,73400,191106,192880,194825,184656,195025,187818,196397,190382,186705,195546,192347,188067,194572,189940,196967,189162,189362,194074,195208,184453,189926,191819,195530,193313,197941,190220,195045,193958,196578,188511,187799,195036,193346,193353,190206,192255,187985,191102,186167)) OR (`Idx`=3 AND `CreatureID` IN (193555,187969,188089,186490,187992,190059,188086,190221,193018,194822,190242,182845,183343,192004,186165,197540,190051,194803,189241,195515,189477,189488,190055,189336,192270,196370,195961,195962,196484,196184,196504,183341,191528,197101,186528,190199,190778,189139,196301,186659,190029,190397,61319,62005,189248,189713,196542,194630,196539,190060,186527,186164,187629,188087,195119,193309,197538,190243,196396,195481,196340,192111,196968,193020,190294,195960,196339,190207,190188,192593,192082,189357,194349,184444,189640,193028,193750,193621,190054,192880,194825,196397,190382,188067,184453,191819,193958,196578,190206)) OR (`Idx`=5 AND `CreatureID` IN (186490,187992,190059,188086,183343,192004,190051,189241,195515,189477,189488,190055,192270,196370,183341,191528,197101,186528,190199,189139,186659,190397,189713,194630,190060,186527,187629,188087,193309,196396,195481,190188,189357,184444,189640,193750,193621,190054,196397,190382,184453,191819)) OR (`Idx`=4 AND `CreatureID` IN (186490,187992,190059,188086,190242,182845,183343,192004,190051,194803,189241,195515,189477,189488,190055,189336,192270,196370,195961,195962,196184,183341,191528,197101,186528,190199,189139,186659,190397,189248,189713,196542,194630,196539,190060,186527,187629,188087,193309,190243,196396,195481,196968,195960,190188,189357,184444,189640,193750,193621,190054,194825,196397,190382,184453,191819)) OR (`Idx`=7 AND `CreatureID` IN (187992,190059,188086,190051,195515,189488,190055,183341,197101,186528,186659,190397,189713,194630,190060,187629,188087,193309,184444,193750,193621,190054,190382,184453)) OR (`Idx`=6 AND `CreatureID` IN (187992,190059,188086,183343,192004,190051,189241,195515,189488,190055,192270,183341,191528,197101,186528,186659,190397,189713,194630,190060,187629,188087,193309,184444,193750,193621,190054,196397,190382,184453)) OR (`Idx`=13 AND `CreatureID` IN (189488,197101,184444)) OR (`Idx`=12 AND `CreatureID` IN (189488,197101,186659,184444)) OR (`Idx`=11 AND `CreatureID` IN (189488,197101,186659,184444,193621)) OR (`Idx`=10 AND `CreatureID` IN (189488,197101,186659,184444,193621)) OR (`Idx`=9 AND `CreatureID` IN (189488,197101,186659,184444,193621)) OR (`Idx`=8 AND `CreatureID` IN (189488,197101,186659,189713,193309,184444,193621)) OR (`Idx`=15 AND `CreatureID`=184444) OR (`Idx`=14 AND `CreatureID`=184444);
UPDATE `creature_template_model` SET `DisplayScale`=0.800000011920928955, `VerifiedBuild`=45505 WHERE (`CreatureID`=194020 AND `Idx`=0); -- Stormfang Bakar
UPDATE `creature_template_model` SET `CreatureDisplayID`=85210, `VerifiedBuild`=45505 WHERE (`CreatureID`=194942 AND `Idx`=0); -- Cat
UPDATE `creature_template_model` SET `CreatureDisplayID`=102511, `VerifiedBuild`=45505 WHERE (`CreatureID`=195854 AND `Idx`=0); -- Unbound Windscourge
UPDATE `creature_template_model` SET `CreatureDisplayID`=102569, `DisplayScale`=1, `VerifiedBuild`=45505 WHERE (`CreatureID`=195844 AND `Idx`=0); -- Windfiend

DELETE FROM `creature_questitem` WHERE (`CreatureEntry`=192351 AND `Idx` IN (5,4,3,2,1,0)) OR (`CreatureEntry`=186517 AND `Idx`=0) OR (`CreatureEntry`=192352 AND `Idx` IN (5,4,3,2,1,0)) OR (`CreatureEntry`=192754 AND `Idx`=0);
INSERT INTO `creature_questitem` (`CreatureEntry`, `Idx`, `ItemId`, `VerifiedBuild`) VALUES
(192351, 5, 191673, 45505), -- Trained Hyena
(192351, 4, 191672, 45505), -- Trained Hyena
(192351, 3, 191671, 45505), -- Trained Hyena
(192351, 2, 191670, 45505), -- Trained Hyena
(192351, 1, 191669, 45505), -- Trained Hyena
(192351, 0, 191668, 45505), -- Trained Hyena
(186517, 0, 191106, 45505), -- Bakra the Bully
(192352, 5, 191673, 45505), -- Shadepaw Trainer
(192352, 4, 191672, 45505), -- Shadepaw Trainer
(192352, 3, 191671, 45505), -- Shadepaw Trainer
(192352, 2, 191670, 45505), -- Shadepaw Trainer
(192352, 1, 191669, 45505), -- Shadepaw Trainer
(192352, 0, 191668, 45505), -- Shadepaw Trainer
(192754, 0, 190769, 45505); -- Arcane Detector

UPDATE `creature_questitem` SET `VerifiedBuild`=45505 WHERE (`Idx`=0 AND `CreatureEntry` IN (193384,188089,186490,186299,197948,187672,196913,187960,181536,183343,189314,192854,183340,192759,181775,187975,187937,191051,192752,187939,189460,195961,195962,192941,183341,189312,191682,186515,193301,196048,195905,191712,186151,190958,191057,197930,186338,197097,195960,190188,186339,186516,187036,189087,195906,191995,197949,187938,193313,192938)) OR (`Idx`=5 AND `CreatureEntry` IN (186490,183343,183340,195961,195962,183341,196048,195960,190188)) OR (`Idx`=4 AND `CreatureEntry` IN (186490,183343,183340,195961,195962,183341,196048,195960,190188)) OR (`Idx`=3 AND `CreatureEntry` IN (186490,183343,183340,195961,195962,183341,196048,195960,190188)) OR (`Idx`=2 AND `CreatureEntry` IN (186490,183343,183340,195961,195962,183341,196048,186151,195960,190188)) OR (`Idx`=1 AND `CreatureEntry` IN (186490,183343,183340,195961,195962,192941,183341,196048,186151,191057,195960,190188)) OR (`Idx`=6 AND `CreatureEntry` IN (195961,195962,196048,195960));


DELETE FROM `quest_template` WHERE `ID` IN (65864 /*-Unknown-*/, 65867 /*-Unknown-*/, 65868 /*-Unknown-*/, 65702 /*-Unknown-*/, 66699 /*-Unknown-*/, 65866 /*-Unknown-*/, 65751 /*-Unknown-*/, 65709 /*-Unknown-*/, 69904 /*-Unknown-*/, 65852 /*-Unknown-*/, 65752 /*-Unknown-*/, 66500 /*-Unknown-*/, 71233 /*-Unknown-*/, 65854 /*-Unknown-*/, 65855 /*-Unknown-*/);
INSERT INTO `quest_template` (`ID`, `QuestType`, `QuestPackageID`, `ContentTuningID`, `QuestSortID`, `QuestInfoID`, `SuggestedGroupNum`, `RewardNextQuest`, `RewardXPDifficulty`, `RewardXPMultiplier`, `RewardMoneyDifficulty`, `RewardMoneyMultiplier`, `RewardBonusMoney`, `RewardSpell`, `RewardHonor`, `RewardKillHonor`, `StartItem`, `RewardArtifactXPDifficulty`, `RewardArtifactXPMultiplier`, `RewardArtifactCategoryID`, `Flags`, `FlagsEx`, `FlagsEx2`, `RewardSkillLineID`, `RewardNumSkillUps`, `PortraitGiver`, `PortraitGiverMount`, `PortraitGiverModelSceneID`, `PortraitTurnIn`, `RewardItem1`, `RewardItem2`, `RewardItem3`, `RewardItem4`, `RewardAmount1`, `RewardAmount2`, `RewardAmount3`, `RewardAmount4`, `ItemDrop1`, `ItemDrop2`, `ItemDrop3`, `ItemDrop4`, `ItemDropQuantity1`, `ItemDropQuantity2`, `ItemDropQuantity3`, `ItemDropQuantity4`, `RewardChoiceItemID1`, `RewardChoiceItemID2`, `RewardChoiceItemID3`, `RewardChoiceItemID4`, `RewardChoiceItemID5`, `RewardChoiceItemID6`, `RewardChoiceItemQuantity1`, `RewardChoiceItemQuantity2`, `RewardChoiceItemQuantity3`, `RewardChoiceItemQuantity4`, `RewardChoiceItemQuantity5`, `RewardChoiceItemQuantity6`, `RewardChoiceItemDisplayID1`, `RewardChoiceItemDisplayID2`, `RewardChoiceItemDisplayID3`, `RewardChoiceItemDisplayID4`, `RewardChoiceItemDisplayID5`, `RewardChoiceItemDisplayID6`, `POIContinent`, `POIx`, `POIy`, `POIPriority`, `RewardTitle`, `RewardArenaPoints`, `RewardFactionID1`, `RewardFactionID2`, `RewardFactionID3`, `RewardFactionID4`, `RewardFactionID5`, `RewardFactionValue1`, `RewardFactionValue2`, `RewardFactionValue3`, `RewardFactionValue4`, `RewardFactionValue5`, `RewardFactionCapIn1`, `RewardFactionCapIn2`, `RewardFactionCapIn3`, `RewardFactionCapIn4`, `RewardFactionCapIn5`, `RewardFactionOverride1`, `RewardFactionOverride2`, `RewardFactionOverride3`, `RewardFactionOverride4`, `RewardFactionOverride5`, `RewardFactionFlags`, `AreaGroupID`, `TimeAllowed`, `AllowableRaces`, `TreasurePickerID`, `Expansion`, `ManagedWorldStateID`, `QuestSessionBonus`, `LogTitle`, `LogDescription`, `QuestDescription`, `AreaDescription`, `QuestCompletionLog`, `RewardCurrencyID1`, `RewardCurrencyID2`, `RewardCurrencyID3`, `RewardCurrencyID4`, `RewardCurrencyQty1`, `RewardCurrencyQty2`, `RewardCurrencyQty3`, `RewardCurrencyQty4`, `PortraitGiverText`, `PortraitGiverName`, `PortraitTurnInText`, `PortraitTurnInName`, `AcceptedSoundKitID`, `CompleteSoundKitID`, `VerifiedBuild`) VALUES
(65864, 2, 0, 2153, 13646, 0, 0, 0, 1, 1, 1, 1, 0, 0, 0, 0, 0, 0, 1, 0, 38797576, 0, 0, 0, 0, 0, 0, 0, 0, 0, 0, 0, 0, 0, 0, 0, 0, 0, 0, 0, 0, 0, 0, 0, 0, 0, 0, 0, 0, 0, 0, 0, 0, 0, 0, 0, 0, 0, 0, 0, 0, 0, 0, 0, 0, 0, 0, 0, 0, 2511, 0, 0, 0, 0, 0, 0, 0, 0, 0, 7, 7, 7, 7, 7, 800, 0, 0, 0, 0, 0, 0, 0, 18446744073709551615, 0, 9, 0, 0, 'Catch the Caravan', 'Catch up with Brena near the Big Tree Hills.', 'You should catch up with Brena. Her caravan passed through no more than a few hours ago.\n\nThey were collecting our late chieftain\'s most prized possessions for a funeral to honor him.\n\nGiven that the caravan was heavily burdened, she can\'t be far ahead.', '', '', 0, 0, 0, 0, 0, 0, 0, 0, '', '', '', '', 890, 878, 45505), -- -Unknown-
(65867, 2, 0, 2153, 13646, 0, 0, 0, 5, 1, 5, 1, 0, 372146, 0, 0, 0, 0, 1, 0, 40894728, 0, 0, 0, 0, 0, 0, 0, 0, 0, 0, 0, 0, 0, 0, 0, 0, 0, 0, 0, 0, 0, 0, 0, 0, 0, 0, 0, 0, 0, 0, 0, 0, 0, 0, 0, 0, 0, 0, 0, 0, 0, 0, 0, 0, 0, 0, 0, 0, 2511, 0, 0, 0, 0, 0, 0, 0, 0, 0, 7, 7, 7, 7, 7, 5000, 0, 0, 0, 0, 0, 0, 0, 18446744073709551615, 2147, 9, 0, 0, 'Howling in the Big Tree Hills', 'Slay Durgun, Kerwal, and Bakra.', 'The gnolls that attacked our caravan were led by three lieutenants.\n\nDurgun was flanked by a dozen hyenas.\n\nKerwal cackled maniacally each time we tried to pursue him and fell for one of his steel-jawed traps.\n\nBakra taunted us, mercilessly.\n\nTo have a hope in recovering what was stolen, they must be slain.', '', 'Meet Hanu at the entrance to Kargpaw\'s Den in the Big Tree Hills.', 0, 0, 0, 0, 0, 0, 0, 0, '', '', '', '', 890, 878, 45505), -- -Unknown-
(65868, 2, 0, 2153, 13646, 0, 0, 0, 5, 1, 5, 1, 0, 372146, 0, 0, 0, 0, 1, 0, 40894728, 0, 0, 0, 0, 0, 0, 0, 0, 0, 0, 0, 0, 0, 0, 0, 0, 0, 0, 0, 0, 0, 0, 0, 0, 0, 0, 0, 0, 0, 0, 0, 0, 0, 0, 0, 0, 0, 0, 0, 0, 0, 0, 0, 0, 0, 0, 0, 0, 2511, 0, 0, 0, 0, 0, 0, 0, 0, 0, 7, 7, 7, 7, 7, 5000, 0, 0, 0, 0, 0, 0, 0, 18446744073709551615, 0, 9, 0, 0, 'Those Aren\'t for Chewing', 'Recover $1oa Funerary Offerings.', 'I found one of Ponoliak\'s funerary offerings, mishandled and then discarded by these Shadepaw gnolls... It has bite marks all over it!\n\nThis offering, and others like it, are needed for the memorial ceremony for the recently deceased Iskaara chieftain.\n\nIt\'s a travesty that something so sacred should be employed as a chew toy. Please keep an eye out for more offerings.', '', 'Meet Hanu at the entrance to Kargpaw\'s Den in the Big Tree Hills.', 0, 0, 0, 0, 0, 0, 0, 0, '', '', '', '', 890, 878, 45505), -- -Unknown-
(65702, 2, 0, 2153, 13646, 0, 0, 0, 5, 1, 5, 1, 31050, 0, 0, 0, 0, 0, 1, 0, 34603016, 8192, 0, 0, 0, 0, 0, 0, 0, 0, 0, 0, 0, 0, 0, 0, 0, 0, 0, 0, 0, 0, 0, 0, 0, 0, 0, 0, 0, 0, 0, 0, 0, 0, 0, 0, 0, 0, 0, 0, 0, 0, 0, 0, 0, 0, 0, 0, 0, 2510, 1090, 0, 0, 0, 0, 0, 0, 0, 0, -1, 7, 7, 7, 7, 1300, 2500, 0, 0, 0, 0, 0, 0, 18446744073709551615, 2144, 9, 0, 0, 'Driven Mad', 'Recover $1oa Unstable Arcane Energies.', 'The Azure Archives was once a place where the blue dragons would gather to discuss magic.\n\nNow I am the only one of my kind here.\n\nThis place controls the leylines beneath the Azure Span, but it and its servants have gone out of control.\n\nI believe if we bring order to this place that I can then reclaim the Azure Oathstone.\n\nThe various constructs and elements are brimming with unstable arcane energy that needs to be redirected.\n\nDestroy them and collect what you can.', '', '', 0, 0, 0, 0, 0, 0, 0, 0, '', '', '', '', 890, 878, 45505), -- -Unknown-
(66699, 2, 0, 2153, 13646, 0, 0, 0, 2, 1, 2, 1, 7750, 0, 0, 0, 0, 0, 1, 0, 38797320, 0, 0, 0, 0, 0, 0, 0, 0, 0, 0, 0, 0, 0, 0, 0, 0, 0, 0, 0, 0, 0, 0, 0, 0, 0, 0, 0, 0, 0, 0, 0, 0, 0, 0, 0, 0, 0, 0, 0, 0, 0, 0, 0, 0, 0, 0, 0, 0, 2511, 0, 0, 0, 0, 0, 0, 0, 0, 0, 7, 7, 7, 7, 7, 1600, 0, 0, 0, 0, 0, 0, 0, 18446744073709551615, 0, 9, 0, 0, 'Ask the Locals', 'Speak to tuskarr around Camp Antonidas.', 'Kalecgos is wise to seek the tuskarr\'s counsel. They have generations of experience with this land.\n\nMany are resting here on their way to their various camps across the Span. \n\nAsk around! One of them must know about local ley lines.', '', '', 0, 0, 0, 0, 0, 0, 0, 0, '', '', '', '', 890, 878, 45505), -- -Unknown-
(65866, 2, 0, 2153, 13646, 0, 0, 0, 5, 1, 5, 1, 0, 372146, 0, 0, 0, 0, 1, 0, 40894728, 0, 0, 0, 0, 0, 0, 0, 0, 0, 0, 0, 0, 0, 0, 0, 0, 0, 0, 0, 0, 0, 0, 0, 0, 0, 0, 0, 0, 0, 0, 0, 0, 0, 0, 0, 0, 0, 0, 0, 0, 0, 0, 0, 0, 0, 0, 0, 0, 2511, 0, 0, 0, 0, 0, 0, 0, 0, 0, 7, 7, 7, 7, 7, 5000, 0, 0, 0, 0, 0, 0, 0, 18446744073709551615, 0, 9, 0, 0, 'Snap the Traps', 'Spring $1oa Bladejaw Traps.', 'The hills ahead are littered with insidious bladejaw traps.\n\nWith a keen eye, you should be able to locate them. Very carefully spring the traps using this old tuskarr trick: a long stick. Note that while stepping on them is another way to set the traps off, I wouldn\'t recommend it.\n\nOnce enough have been removed, find Hanu. Elder Poa and I will catch up when we can.', '', 'Meet Hanu at the entrance to Kargpaw\'s Den in the Big Tree Hills.', 0, 0, 0, 0, 0, 0, 0, 0, '', '', '', '', 890, 878, 45505), -- -Unknown-
(65751, 2, 0, 2153, 13646, 0, 0, 0, 5, 1, 5, 1, 31050, 0, 0, 0, 0, 0, 1, 0, 38797320, 0, 0, 0, 0, 0, 0, 0, 0, 0, 0, 0, 0, 0, 0, 0, 0, 0, 0, 0, 0, 0, 0, 0, 0, 0, 0, 0, 0, 0, 0, 0, 0, 0, 0, 0, 0, 0, 0, 0, 0, 0, 0, 0, 0, 0, 0, 0, 0, 2510, 1090, 0, 0, 0, 0, 0, 0, 0, 0, -1, 7, 7, 7, 7, 1300, 2500, 0, 0, 0, 0, 0, 0, 18446744073709551615, 0, 9, 0, 0, 'Platform Adjustments', 'Dispel $1oa Unstable Arcane Energies at the top of the Azure Archives.', 'It seems the last of the arcane disruption is up here. \n\nI\'ll continue adjusting the ley energies. Use some of the arcana you recovered to dispel the disruptions here.', '', '', 0, 0, 0, 0, 0, 0, 0, 0, '', '', '', '', 890, 878, 45505), -- -Unknown-
(65709, 2, 0, 2153, 13646, 0, 0, 0, 5, 1, 5, 1, 31050, 0, 0, 0, 191953, 0, 1, 0, 34734088, 8192, 0, 0, 0, 0, 0, 0, 0, 0, 0, 0, 0, 0, 0, 0, 0, 191952, 191953, 0, 0, 1, 1, 0, 0, 0, 0, 0, 0, 0, 0, 0, 0, 0, 0, 0, 0, 0, 0, 0, 0, 0, 0, 0, 0, 0, 0, 0, 0, 2510, 1090, 0, 0, 0, 0, 0, 0, 0, 0, -1, 7, 7, 7, 7, 1300, 2500, 0, 0, 0, 0, 0, 0, 18446744073709551615, 0, 9, 0, 0, 'Arcane Pruning', 'Look through the Bag of Helpful Goods for the Ley Scepter, then use it to repair 2 platforms.', 'We cannot activate the oathstone in the Azure Archives until we fix the issue with the out of control ley energy here.\n\nTwo out of the three draconic runes that are meant to control it are being choked by unstable arcana.\n\nI apologize that this falls to you, given Khadgar\'s responsibilities and the lack of my brethren appearing.\n\nThere should be a Ley Scepter within the bag of helpful goods you have.\n\nUse it to help repair the runes nearby.', '', '', 0, 0, 0, 0, 0, 0, 0, 0, '', '', '', '', 890, 878, 45505), -- -Unknown-
(69904, 2, 0, 2317, 13646, 0, 0, 0, 1, 1, 1, 1, 3900, 0, 0, 0, 0, 0, 1, 0, 33554440, 0, 0, 0, 0, 0, 0, 0, 0, 0, 0, 0, 0, 0, 0, 0, 0, 0, 0, 0, 0, 0, 0, 0, 0, 0, 0, 0, 0, 0, 0, 0, 0, 0, 0, 0, 0, 0, 0, 0, 0, 0, 0, 0, 0, 0, 0, 0, 0, 0, 0, 0, 0, 0, 0, 0, 0, 0, 0, 7, 7, 7, 7, 7, 0, 0, 0, 0, 0, 0, 0, 0, 18446744073709551615, 0, 9, 0, 0, 'Suspiciously Quiet', 'Find Noriko\'s apprentices in Camp Antonidas.', 'Can you spare a minute, $p? I haven\'t heard from my two apprentices, Scrumpy and Tucky, in some time. \n\nThis is concerning. \n\nI sent them to fetch us supplies for the inn. They couldn\'t have strayed too far...\n\nPlease find them, but I warn you... They\'re... quite the handful.', '', '', 0, 0, 0, 0, 0, 0, 0, 0, '', '', '', '', 890, 878, 45505), -- -Unknown-
(65852, 2, 0, 2153, 13646, 0, 0, 0, 1, 1, 1, 1, 3900, 0, 0, 0, 191978, 0, 1, 0, 38928392, 0, 0, 0, 0, 0, 0, 0, 0, 0, 0, 0, 0, 0, 0, 0, 0, 0, 191978, 0, 0, 0, 1, 0, 0, 0, 0, 0, 0, 0, 0, 0, 0, 0, 0, 0, 0, 0, 0, 0, 0, 0, 0, 0, 0, 0, 0, 0, 0, 2510, 1090, 0, 0, 0, 0, 0, 0, 0, 0, -1, 7, 7, 7, 7, 200, 400, 0, 0, 0, 0, 0, 0, 18446744073709551615, 0, 9, 0, 0, 'Straight to the Top', 'Look through the Bag of Helpful Goods for the Arcane Stepping Stone, then use at an arcane focus point to reach the top of the Azure Archives.', 'There appears to be something sapping the arcane energies at the apex of the tower. \n\nNow that you\'ve stabilized the energies down here, you should be able to \"ride\" the arcane magics in the area.\n\nLook in that bag of yours for something called an \"Arcane Stepping Stone\", then meet me at the top.', '', 'Meet Kalecgos at the top of the Azure Archives.', 0, 0, 0, 0, 0, 0, 0, 0, '', '', '', '', 890, 878, 45505), -- -Unknown-
(65752, 2, 0, 2153, 13646, 0, 0, 0, 5, 1, 5, 1, 31050, 0, 0, 0, 194891, 0, 1, 0, 38797320, 8192, 0, 0, 0, 0, 0, 0, 0, 0, 0, 0, 0, 0, 0, 0, 0, 194891, 0, 0, 0, 1, 0, 0, 0, 0, 0, 0, 0, 0, 0, 0, 0, 0, 0, 0, 0, 0, 0, 0, 0, 0, 0, 0, 0, 0, 0, 0, 0, 2510, 1090, 0, 0, 0, 0, 0, 0, 0, 0, -1, 7, 7, 7, 7, 1300, 2500, 0, 0, 0, 0, 0, 0, 18446744073709551615, 2145, 9, 0, 0, 'Arcane Annoyances', 'Slay $1oa Feasting Wyrms.', 'A large number of mana wyrms are absorbing the wild arcane magic coming out from the archives.\n\nThe rate that they\'re doing it is causing the ley lines to be thrown off balance... which is preventing the Azure Oathstone from being reclaimed.\n\nI will use some of the unstable arcana you collected to form a hook of sorts.\n\nUse it to slay several of the wyrms. The brief delay will be enough for me to adjust the energies below.', '', '', 0, 0, 0, 0, 0, 0, 0, 0, '', '', '', '', 890, 878, 45505), -- -Unknown-
(66500, 2, 0, 2317, 13646, 0, 0, 0, 5, 1, 5, 1, 31050, 0, 0, 0, 0, 0, 1, 0, 33554440, 0, 0, 0, 0, 0, 0, 0, 0, 0, 0, 0, 0, 0, 0, 0, 0, 0, 0, 0, 0, 0, 0, 0, 0, 0, 0, 0, 0, 0, 0, 0, 0, 0, 0, 0, 0, 0, 0, 0, 0, 0, 0, 0, 0, 0, 0, 0, 0, 2510, 1090, 0, 0, 0, 0, 0, 0, 0, 0, 7, 7, 7, 7, 7, 1300, 2500, 0, 0, 0, 0, 0, 0, 18446744073709551615, 0, 9, 0, 0, 'Ways of Seeing', 'Uncover ancient images in Camp Antonidas.', 'We\'re not doing anything! We\'re not doing anything!\n\nHang on a minute...\n\nYou look like a pretty important $r... Want in on a secret?\n\nTurns out there\'s magical art in these ruins. And we can see it!\n\n<Scrumpy proudly sticks out his chest.>\n\nI can show you how to see \'em too! Just... don\'t tell Noriko yet.', '', '', 0, 0, 0, 0, 0, 0, 0, 0, '', '', '', '', 890, 878, 45505), -- -Unknown-
(71233, 2, 0, 2153, 13646, 0, 0, 0, 3, 1, 3, 1, 15500, 0, 0, 0, 0, 0, 1, 0, 33554440, 0, 0, 0, 0, 0, 0, 0, 0, 0, 0, 0, 0, 0, 0, 0, 0, 0, 0, 0, 0, 0, 0, 0, 0, 0, 0, 0, 0, 0, 0, 0, 0, 0, 0, 0, 0, 0, 0, 0, 0, 0, 0, 0, 0, 0, 0, 0, 0, 0, 0, 0, 0, 0, 0, 0, 0, 0, 0, 7, 7, 7, 7, 7, 0, 0, 0, 0, 0, 0, 0, 0, 18446744073709551615, 0, 9, 0, 0, 'Falling Water', 'Talk to Willa at Three-Falls Lookout in the Azure Span.', 'I love waterfalls. \n\nWant to know what\'s better than a waterfall? \n\nTwo waterfalls. \n\nAnd the only thing better than that is... well, check out Three-Falls to the west of here and you\'ll see!\n\nThe innkeeper there is quite nice.', '', '', 0, 0, 0, 0, 0, 0, 0, 0, '', '', '', '', 890, 878, 45505), -- -Unknown-
(65854, 2, 0, 2153, 13646, 0, 0, 0, 1, 1, 1, 1, 3900, 0, 0, 0, 0, 0, 1, 0, 38797320, 0, 0, 0, 0, 0, 0, 0, 0, 0, 0, 0, 0, 0, 0, 0, 0, 0, 0, 0, 0, 0, 0, 0, 0, 0, 0, 0, 0, 0, 0, 0, 0, 0, 0, 0, 0, 0, 0, 0, 0, 0, 0, 0, 0, 0, 0, 0, 0, 2510, 1090, 0, 0, 0, 0, 0, 0, 0, 0, -1, 7, 7, 7, 7, 200, 400, 0, 0, 0, 0, 0, 0, 18446744073709551615, 0, 9, 0, 0, 'Reclaiming the Oathstone', 'Witness Kalecgos reclaim the Blue Dragon oathstone.', 'Fine work, friend. It seems we\'ve managed to repair the leylines within the Azure Archives.\n\nBack when the blue dragonflight was united, I would tell my brothers and sisters to never doubt the strength of mortals.\n\nMeet me at the oathstone to the south of here. I will reclaim it, and then be on my way to Thaldraszus.', '', 'Speak with Sindragosa.', 0, 0, 0, 0, 0, 0, 0, 0, '', '', '', '', 890, 878, 45505), -- -Unknown-
(65855, 2, 0, 2153, 13646, 0, 0, 0, 3, 1, 3, 1, 15500, 0, 0, 0, 0, 0, 1, 0, 38797320, 0, 0, 0, 0, 0, 0, 0, 0, 0, 0, 0, 0, 0, 0, 0, 0, 0, 0, 0, 0, 0, 0, 0, 0, 0, 0, 0, 0, 0, 0, 0, 0, 0, 0, 0, 0, 0, 0, 0, 0, 0, 0, 0, 0, 0, 0, 0, 0, 2510, 1090, 0, 0, 0, 0, 0, 0, 0, 0, -1, 7, 7, 7, 7, 800, 1500, 0, 0, 0, 0, 0, 0, 18446744073709551615, 2146, 9, 0, 0, 'Aiding Azure Span', 'Return to Noriko the All-Remembering in Camp Antonidas.', 'The oathstone\'s energy cannot be reclaimed until the leylines within the Azure Span are repaired.\n\nSome leylines may only be reachable by those of Kalecgos\'s skills... but you may still be of aid.\n\nIf they still yet survive, seek out the tuskarr. They lived here in my times and have a deep knowledge of the land.\n\nSpeak with one of our arcane aids to return to your allies.', '', 'Speak with Noriko the All-Remembering within Camp Antonidas.', 0, 0, 0, 0, 0, 0, 0, 0, '', '', '', '', 890, 878, 45505); -- -Unknown-

UPDATE `quest_template` SET `RewardBonusMoney`=7300 WHERE `ID` IN (70179, 67100, 66734);
UPDATE `quest_template` SET `VerifiedBuild`=45505 WHERE `ID` IN (50606, 50604);
UPDATE `quest_template` SET `RewardBonusMoney`=3650 WHERE `ID` IN (70132, 66828);
UPDATE `quest_template` SET `RewardBonusMoney`=38800, `VerifiedBuild`=45505 WHERE `ID`=66958; -- Protect And Herd
UPDATE `quest_template` SET `RewardBonusMoney`=5450, `VerifiedBuild`=45505 WHERE `ID`=70034; -- Artisan's Supply: Salamanther Scale
UPDATE `quest_template` SET `RewardBonusMoney`=30550, `VerifiedBuild`=45505 WHERE `ID`=66339; -- The Wind Belongs to the Sky
UPDATE `quest_template` SET `RewardBonusMoney`=6200, `RewardFactionID1`=0, `RewardFactionCapIn1`=0, `RewardFactionCapIn2`=0, `RewardFactionCapIn3`=0, `RewardFactionCapIn4`=0, `RewardFactionCapIn5`=0, `RewardFactionOverride1`=0, `QuestSessionBonus`=1271 WHERE `ID`=66111; -- Encroaching Elementals
UPDATE `quest_template` SET `RewardBonusMoney`=31050, `VerifiedBuild`=45505 WHERE `ID`=66503; -- For The Love of Others
UPDATE `quest_template` SET `RewardBonusMoney`=6200, `RewardFactionID1`=0, `RewardFactionCapIn1`=0, `RewardFactionCapIn2`=0, `RewardFactionCapIn3`=0, `RewardFactionCapIn4`=0, `RewardFactionCapIn5`=0, `RewardFactionOverride1`=0, `QuestSessionBonus`=1271 WHERE `ID`=66112; -- Always Be Crafting
UPDATE `quest_template` SET `RewardBonusMoney`=6200, `RewardFactionID1`=0, `RewardFactionValue1`=0, `RewardFactionCapIn1`=0, `RewardFactionCapIn2`=0, `RewardFactionCapIn3`=0, `RewardFactionCapIn4`=0, `RewardFactionCapIn5`=0, `RewardFactionOverride1`=0, `QuestSessionBonus`=1271 WHERE `ID`=69965; -- Quality Assurance
UPDATE `quest_template` SET `RewardBonusMoney`=3900, `VerifiedBuild`=45505 WHERE `ID`=66671; -- Path to Nowhere
UPDATE `quest_template` SET `RewardBonusMoney`=31050 WHERE `ID`=66119;
UPDATE `quest_template` SET `ContentTuningID`=2242, `RewardBonusMoney`=15300, `VerifiedBuild`=45505 WHERE `ID`=65950; -- Thieving Gorlocs

DELETE FROM `quest_objectives` WHERE `ID` IN (427593 /*427593*/, 423606 /*423606*/, 423605 /*423605*/, 423604 /*423604*/, 430771 /*430771*/, 428978 /*428978*/, 423608 /*423608*/, 423219 /*423219*/, 427572 /*427572*/, 427571 /*427571*/, 427570 /*427570*/, 423597 /*423597*/, 427156 /*427156*/, 423262 /*423262*/, 429115 /*429115*/, 423223 /*423223*/, 427037 /*427037*/, 429392 /*429392*/, 427067 /*427067*/, 427066 /*427066*/, 423263 /*423263*/, 429412 /*429412*/, 429411 /*429411*/, 429410 /*429410*/, 429409 /*429409*/, 427483 /*427483*/, 427482 /*427482*/, 427481 /*427481*/, 427113 /*427113*/, 423455 /*423455*/, 423456 /*423456*/);
INSERT INTO `quest_objectives` (`ID`, `QuestID`, `Type`, `Order`, `StorageIndex`, `ObjectID`, `Amount`, `Flags`, `Flags2`, `ProgressBarWeight`, `Description`, `VerifiedBuild`) VALUES
(427593, 65864, 0, 0, 0, 186224, 1, 0, 0, 0, 'Brena found', 45505), -- 427593
(423606, 65867, 0, 2, 2, 186517, 1, 1, 0, 0, '', 45505), -- 423606
(423605, 65867, 0, 1, 1, 186516, 1, 1, 0, 0, '', 45505), -- 423605
(423604, 65867, 0, 0, 0, 186515, 1, 1, 0, 0, '', 45505), -- 423604
(430771, 65868, 0, 2, 2, 195901, 12, 28, 0, 0, '', 45505), -- 430771
(428978, 65868, 0, 1, 1, 192489, 1, 28, 0, 0, '', 45505), -- 428978
(423608, 65868, 1, 0, 0, 191107, 12, 0, 1, 0, '', 45505), -- 423608
(423219, 65702, 1, 0, 0, 190769, 50, 0, 1, 0, 'Unstable Arcana', 45505), -- 423219
(427572, 66699, 0, 2, 2, 190225, 1, 2, 0, 0, 'Babunituk consulted', 45505), -- 427572
(427571, 66699, 0, 1, 1, 190226, 1, 2, 0, 0, 'Jokomuupat consulted', 45505), -- 427571
(427570, 66699, 0, 0, 0, 190229, 1, 0, 0, 0, 'Korrikunit consulted', 45505), -- 427570
(423597, 65866, 0, 0, 0, 186486, 8, 0, 0, 0, 'Traps sprung', 45505), -- 423597
(427156, 65751, 0, 1, 0, 185775, 1, 24, 0, 0, '', 45505), -- 427156
(423262, 65751, 0, 0, 1, 185775, 3, 0, 0, 0, 'Unstable arcane energy dispelled', 45505), -- 423262
(429115, 65709, 0, 2, 3, 192721, 1, 0, 0, 0, 'East arcane field repaired', 45505), -- 429115
(423223, 65709, 0, 1, 0, 188858, 1, 2, 0, 0, 'North arcane field repaired', 45505), -- 423223
(427037, 65709, 1, 0, 2, 191952, 1, 0, 1, 0, 'Ley Scepter recovered from bag', 45505), -- 427037
(429392, 69904, 3, 0, 0, 189198, 1, 0, 0, 0, 'Apprentices Found', 45505), -- 429392
(427067, 65852, 19, 1, 2, 25812, 0, 2, 0, 0, 'Azure Archives apex reached', 45505), -- 427067
(427066, 65852, 1, 0, 1, 191979, 1, 0, 1, 0, '', 45505), -- 427066
(423263, 65752, 0, 0, 0, 192739, 6, 0, 0, 0, '', 45505), -- 423263
(429412, 66500, 2, 7, 7, 376974, 1, 28, 0, 0, '', 45505), -- 429412
(429411, 66500, 2, 6, 6, 376972, 1, 28, 0, 0, '', 45505), -- 429411
(429410, 66500, 2, 5, 5, 376971, 1, 28, 0, 0, '', 45505), -- 429410
(429409, 66500, 2, 4, 4, 376767, 1, 28, 0, 0, '', 45505), -- 429409
(427483, 66500, 0, 3, 3, 190021, 1, 0, 0, 0, 'Pavilion Investigated', 45505), -- 427483
(427482, 66500, 0, 2, 2, 190020, 1, 0, 0, 0, 'Workshop Investigated', 45505), -- 427482
(427481, 66500, 0, 1, 1, 190018, 1, 0, 0, 0, 'Tower Investigated', 45505), -- 427481
(427113, 66500, 0, 0, 0, 189980, 1, 0, 0, 0, 'Mosaic Investigated', 45505), -- 427113
(423455, 65854, 0, 0, 1, 186187, 1, 0, 0, 0, 'Oathstone reclaimed', 45505), -- 423455
(423456, 65855, 3, 0, 1, 189459, 1, 0, 0, 0, 'Flightmaster spoken to', 45505); -- 423456

UPDATE `quest_objectives` SET `VerifiedBuild`=45505 WHERE `ID` IN (336952, 336954, 428747, 429687, 426829, 427619, 427602, 427116, 430829, 424236);

DELETE FROM `quest_visual_effect` WHERE (`Index`=0 AND `ID` IN (427593,423606,423605,423604,428978,423608,427572,427571,427570,423597,429392,429412,429411,429410,429409,427483,427482,427481,427113,423455,423456)) OR (`Index`=6 AND `ID`=423608) OR (`Index`=5 AND `ID`=423608) OR (`Index`=4 AND `ID`=423608) OR (`Index`=3 AND `ID`=423608) OR (`Index`=2 AND `ID`=423608) OR (`Index`=1 AND `ID` IN (423608,429412,429411,429410,429409));
INSERT INTO `quest_visual_effect` (`ID`, `Index`, `VisualEffect`, `VerifiedBuild`) VALUES
(427593, 0, 2099, 45505),
(423606, 0, 18403, 45505),
(423605, 0, 18402, 45505),
(423604, 0, 18401, 45505),
(428978, 0, 1912, 45505),
(423608, 6, 19563, 45505),
(423608, 5, 19543, 45505),
(423608, 4, 19539, 45505),
(423608, 3, 18510, 45505),
(423608, 2, 18509, 45505),
(423608, 1, 18508, 45505),
(423608, 0, 18507, 45505),
(427572, 0, 2099, 45505),
(427571, 0, 2099, 45505),
(427570, 0, 2099, 45505),
(423597, 0, 18506, 45505),
(429392, 0, 2099, 45505),
(429412, 1, 2099, 45505),
(429412, 0, 569, 45505),
(429411, 1, 2099, 45505),
(429411, 0, 569, 45505),
(429410, 1, 2099, 45505),
(429410, 0, 569, 45505),
(429409, 1, 2099, 45505),
(429409, 0, 569, 45505),
(427483, 0, 2099, 45505),
(427482, 0, 2099, 45505),
(427481, 0, 2099, 45505),
(427113, 0, 2099, 45505),
(423455, 0, 2099, 45505),
(423456, 0, 2099, 45505);

UPDATE `quest_visual_effect` SET `VerifiedBuild`=45505 WHERE (`ID`=427602 AND `Index` IN (1,0)) OR (`ID`=430829 AND `Index`=0);


DELETE FROM `gameobject_template` WHERE `entry` IN (380571 /*Boomthyr Rocket*/, 377227 /*Black Dragon Egg*/, 380998 /*Anvil*/, 382090 /*Shimmering Treasure Pool*/, 378964 /*Brazier*/, 382539 /*Tailor's Work Table*/, 376185 /*Map*/, 380996 /*Campfire*/, 375513 /*Royal Key*/, 379299 /*Anvil*/, 380947 /*Gnoll Cage 01 (Always Open)*/, 379153 /*Mailbox*/, 377587 /*Molten Chest*/, 381166 /*Campfire*/, 381720 /*Mailbox*/, 381989 /*Deactivated Signal Transmitter*/, 380948 /*Gnoll Cage 01 (Always Open)*/, 381641 /*Stool*/, 376798 /*Beaver Dam*/, 380626 /*Fire Line*/, 377194 /*Fire Wall*/, 376244 /*Clinging Gustbloom*/, 380637 /*Fire Line*/, 375238 /*Titan-Touched Draconium Deposit*/, 381020 /*Gnoll Cage 01 (Always Open)*/, 380628 /*Fire Line Smoke*/, 380946 /*Brackenhide Gate (Always Open)*/, 377974 /*Unstable Toy Boat*/, 381165 /*Barbecue*/, 379768 /*Fire Wall (Smoke)*/, 378966 /*Brazier*/, 380912 /*Brackenhide Gate (Always Open)*/, 379154 /*Garden Bench*/, 378022 /*Mailbox*/, 382402 /*[DND] Primalist Fire Banner 01*/, 378467 /*Storm Crystal*/, 376183 /*Docks*/, 376931 /*Titan Barrier*/, 382537 /*Tailor's Work Table*/, 379155 /*Garden Bench*/, 381694 /*Forge*/, 378969 /*Brazier*/, 381535 /*Pelt Bundle*/, 378280 /*Unfertilized Breezehunter Egg*/, 379298 /*Forge*/, 382536 /*Oathstone*/, 381725 /*Chair*/, 376971 /*Lingering Image*/, 381575 /*Duck Trap Kit*/, 377226 /*Offering Vessel*/, 380949 /*Brackenhide Gate (Always Open)*/, 382176 /*Azure Loom*/, 381578 /*Pilfered Focus*/, 378025 /*10CT_Centaur_ForgeSmall02.M2*/, 376184 /*Globe*/, 381719 /*Cooking Fire*/, 376767 /*Lingering Image*/, 376456 /*Telescope*/, 380997 /*Forge*/, 377518 /*Meat Carcass*/, 377163 /*Mysterious Forge*/, 376611 /*Dragonhorn Mouthpiece*/, 377579 /*Discarded Book*/, 378278 /*Breezehunter Egg*/, 376811 /*Basket of Hunting Game Calls*/, 375024 /*Royal Coffers*/, 376282 /*Black Dragon Egg Incubator*/, 376974 /*Lingering Image*/, 381642 /*Stool*/, 377459 /*Cooking Fire*/, 380596 /*Boomthyr Rocket Notes*/, 378967 /*Brazier*/, 380822 /*Igneous Gem*/, 378277 /*Breezehunter Nest*/, 379033 /*Kyrakka*/, 378024 /*Anvil*/, 380647 /*Forgotton Arcane Tome*/, 382538 /*Alchemist's Lab Bench*/, 378972 /*Brazier*/, 381164 /*Cookpot*/, 378381 /*10.0 Plains - Nomad Clan - Camp B Active - WMO - SBV/RMM*/, 381162 /*Cookpot*/, 381640 /*Stool*/, 381167 /*Barbecue*/, 378971 /*Brazier*/, 377319 /*Storm Pylon*/, 378962 /*Mailbox*/, 380602 /*Wind-Blessed Hide*/, 378021 /*10CT_Centaur_FoodRack01_pot.M2*/, 378968 /*Brazier*/, 381693 /*Cooking Fire*/, 376285 /*Red Dragon Egg Incubator*/, 381515 /*Hardened Tyrivite Deposit*/, 375689 /*Crate*/, 381118 /*Dragon Crate Stack [DNT]*/, 381019 /*Gnoll Cage 01 (Always Open)*/, 376972 /*Lingering Image*/, 380938 /*Incense Burner*/, 380625 /*Fire Line*/, 381577 /*Pilfered Telescope*/, 375235 /*Molten Draconium Deposit*/, 380965 /*Oven*/, 376455 /*Precision Compass*/, 380627 /*Fire Line*/, 380964 /*Campfire*/, 377973 /*Wand of Dispelling*/, 381643 /*Stool*/, 378783 /*Eagle Nest*/, 377384 /*Gold Pile*/, 378383 /*10.0 Plains - Nomad Clan - Camp B Active - WMO - SBV/RMM*/, 378963 /*Brazier*/, 378965 /*Brazier*/, 376720 /*Bag of Helpful Goods*/, 380842 /*Gold Coin*/, 375239 /*Primal Draconium Deposit*/, 379278 /*Wind Cage*/, 381313 /*Mailbox*/, 376952 /*Rotting Root*/, 377385 /*Gold Pile*/, 377578 /*Broken Arcane Device*/, 382404 /*Practice Barricade*/, 376948 /*Sondo's Sando*/, 382400 /*[DND] Primalist Air Banner 01*/, 381163 /*Barbecue*/, 380859 /*Tuskarr Toy Boat*/, 376743 /*Fragmented Dragon Record*/);
INSERT INTO `gameobject_template` (`entry`, `type`, `displayId`, `name`, `IconName`, `castBarCaption`, `unk1`, `size`, `Data0`, `Data1`, `Data2`, `Data3`, `Data4`, `Data5`, `Data6`, `Data7`, `Data8`, `Data9`, `Data10`, `Data11`, `Data12`, `Data13`, `Data14`, `Data15`, `Data16`, `Data17`, `Data18`, `Data19`, `Data20`, `Data21`, `Data22`, `Data23`, `Data24`, `Data25`, `Data26`, `Data27`, `Data28`, `Data29`, `Data30`, `Data31`, `Data32`, `Data33`, `Data34`, `ContentTuningId`, `VerifiedBuild`) VALUES
(380571, 3, 19857, 'Boomthyr Rocket', 'lootall', '', '', 1, 2173, 0, 10, 0, 1, 1, 0, 0, 0, 0, 0, 0, 0, 0, 0, 0, 0, 100281, 0, 0, 0, 0, 0, 0, 0, 0, 0, 0, 0, 5296, 112480, 0, 0, 0, 0, 2214, 45505), -- Boomthyr Rocket
(377227, 5, 74103, 'Black Dragon Egg', '', '', '', 1, 0, 0, 0, 0, 0, 0, 0, 0, 0, 0, 0, 0, 0, 0, 0, 0, 0, 0, 0, 0, 0, 0, 0, 0, 0, 0, 0, 0, 0, 0, 0, 0, 0, 0, 0, 0, 45505), -- Black Dragon Egg
(380998, 8, 74499, 'Anvil', '', '', '', 1.25, 1, 10, 0, 0, 0, 0, 0, 0, 0, 0, 0, 0, 0, 0, 0, 0, 0, 0, 0, 0, 0, 0, 0, 0, 0, 0, 0, 0, 0, 0, 0, 0, 0, 0, 0, 0, 45505), -- Anvil
(382090, 25, 6434, 'Shimmering Treasure Pool', '', '', '', 1, 4, 113133, 1, 2, 1628, 0, 0, 0, 0, 0, 0, 0, 0, 0, 0, 0, 0, 0, 0, 0, 0, 0, 0, 0, 0, 0, 0, 0, 0, 0, 0, 0, 0, 0, 0, 2164, 45505), -- Shimmering Treasure Pool
(378964, 8, 75513, 'Brazier', '', '', '', 1, 4, 10, 377066, 0, 0, 0, 0, 0, 0, 0, 0, 0, 0, 0, 0, 0, 0, 0, 0, 0, 0, 0, 0, 0, 0, 0, 0, 0, 0, 0, 0, 0, 0, 0, 0, 0, 45505), -- Brazier
(382539, 8, 76551, 'Tailor\'s Work Table', '', '', '', 1, 2174, 10, 0, 0, 0, 0, 0, 0, 0, 0, 0, 0, 0, 0, 0, 0, 0, 0, 0, 0, 0, 0, 0, 0, 0, 0, 0, 0, 0, 0, 0, 0, 0, 0, 0, 0, 45505), -- Tailor's Work Table
(376185, 5, 73326, 'Map', '', '', '', 1, 0, 0, 0, 0, 0, 0, 0, 0, 0, 0, 0, 0, 0, 0, 0, 0, 0, 0, 0, 0, 0, 0, 0, 0, 0, 0, 0, 0, 0, 0, 0, 0, 0, 0, 0, 0, 45505), -- Map
(380996, 8, 75339, 'Campfire', '', '', '', 1.099999904632568359, 4, 10, 0, 0, 0, 0, 0, 0, 0, 0, 0, 0, 0, 0, 0, 0, 0, 0, 0, 0, 0, 0, 0, 0, 0, 0, 0, 0, 0, 0, 0, 0, 0, 0, 0, 0, 45505), -- Campfire
(375513, 3, 20362, 'Royal Key', 'questinteract', 'Retrieving Key', '', 1.5, 57, 0, 1, 0, 0, 0, 0, 0, 65302, 0, 0, 0, 0, 0, 218321, 0, 0, 0, 0, 0, 0, 0, 0, 0, 0, 0, 0, 0, 0, 0, 109441, 1, 0, 0, 0, 2153, 45505), -- Royal Key
(379299, 8, 74348, 'Anvil', '', '', '', 1, 1, 10, 0, 0, 0, 0, 0, 0, 0, 0, 0, 0, 0, 0, 0, 0, 0, 0, 0, 0, 0, 0, 0, 0, 0, 0, 0, 0, 0, 0, 0, 0, 0, 0, 0, 0, 45505), -- Anvil
(380947, 0, 68887, 'Gnoll Cage 01 (Always Open)', '', '', '', 1.029999971389770507, 1, 0, 0, 0, 0, 0, 0, 0, 0, 0, 0, 0, 0, 0, 0, 0, 0, 0, 0, 0, 0, 0, 0, 0, 0, 0, 0, 0, 0, 0, 0, 0, 0, 0, 0, 0, 45505), -- Gnoll Cage 01 (Always Open)
(379153, 19, 74322, 'Mailbox', '', '', '', 1, 0, 0, 0, 0, 0, 0, 0, 0, 0, 0, 0, 0, 0, 0, 0, 0, 0, 0, 0, 0, 0, 0, 0, 0, 0, 0, 0, 0, 0, 0, 0, 0, 0, 0, 0, 0, 45505), -- Mailbox
(377587, 50, 10684, 'Molten Chest', '', '', '', 1, 1634, 113659, 0, 0, 0, 0, 1, 0, 0, 0, 0, 0, 0, 0, 0, 0, 0, 0, 1, 0, 0, 1, 0, 0, 0, 0, 0, 0, 0, 0, 0, 0, 0, 0, 0, 2214, 45505), -- Molten Chest
(381166, 8, 75533, 'Campfire', '', '', '', 1.159999966621398925, 4, 10, 0, 0, 0, 0, 0, 0, 0, 0, 0, 0, 0, 0, 0, 0, 0, 0, 0, 0, 0, 0, 0, 0, 0, 0, 0, 0, 0, 0, 0, 0, 0, 0, 0, 0, 45505), -- Campfire
(381720, 19, 75441, 'Mailbox', '', '', '', 1, 0, 0, 0, 0, 0, 0, 0, 0, 0, 0, 0, 0, 0, 0, 0, 0, 0, 0, 0, 0, 0, 0, 0, 0, 0, 0, 0, 0, 0, 0, 0, 0, 0, 0, 0, 0, 45505), -- Mailbox
(381989, 22, 76704, 'Deactivated Signal Transmitter', '', '', '', 1, 390312, -1, 0, 0, 0, 100976, 1, 0, 0, 0, 0, 0, 0, 0, 0, 0, 0, 0, 0, 0, 0, 0, 0, 0, 0, 0, 0, 0, 0, 0, 0, 0, 0, 0, 0, 0, 45505), -- Deactivated Signal Transmitter
(380948, 0, 73954, 'Gnoll Cage 01 (Always Open)', '', '', '', 1, 1, 0, 0, 0, 0, 0, 0, 0, 1, 1, 0, 0, 0, 0, 0, 0, 0, 0, 0, 0, 0, 0, 0, 0, 0, 0, 0, 0, 0, 0, 0, 0, 0, 0, 0, 0, 45505), -- Gnoll Cage 01 (Always Open)
(381641, 7, 71292, 'Stool', '', '', '', 1, 1, 1, 0, 0, 0, 0, 0, 0, 0, 0, 0, 0, 0, 0, 0, 0, 0, 0, 0, 0, 0, 0, 0, 0, 0, 0, 0, 0, 0, 0, 0, 0, 0, 0, 0, 0, 45505), -- Stool
(376798, 5, 60974, 'Beaver Dam', '', '', '', 0.25, 0, 0, 0, 0, 0, 0, 0, 0, 0, 0, 0, 0, 0, 0, 0, 0, 0, 0, 0, 0, 0, 0, 0, 0, 0, 0, 0, 0, 0, 0, 0, 0, 0, 0, 0, 0, 45505), -- Beaver Dam
(380626, 5, 76507, 'Fire Line', '', '', '', 0.5, 0, 0, 0, 0, 0, 0, 0, 0, 0, 0, 0, 0, 0, 0, 0, 0, 0, 0, 0, 0, 0, 0, 0, 0, 0, 0, 0, 0, 0, 0, 0, 0, 0, 0, 0, 0, 45505), -- Fire Line
(377194, 0, 75069, 'Fire Wall', '', '', '', 2, 0, 0, 0, 0, 0, 0, 0, 5793, 1, 0, 0, 0, 0, 0, 0, 0, 0, 0, 0, 0, 0, 0, 0, 0, 0, 0, 0, 0, 0, 0, 0, 0, 0, 0, 0, 0, 45505), -- Fire Wall
(376244, 3, 68573, 'Clinging Gustbloom', 'questinteract', 'Collecting', '', 1, 3417, 0, 1, 0, 0, 0, 0, 0, 0, 0, 0, 0, 0, 0, 19676, 0, 0, 0, 0, 0, 0, 0, 0, 0, 0, 0, 0, 0, 0, 0, 110417, 1, 0, 0, 0, 2151, 45505), -- Clinging Gustbloom
(380637, 5, 76506, 'Fire Line', '', '', '', 0.300000011920928955, 0, 0, 0, 0, 0, 0, 0, 0, 0, 0, 0, 0, 0, 0, 0, 0, 0, 0, 0, 0, 0, 0, 0, 0, 0, 0, 0, 0, 0, 0, 0, 0, 0, 0, 0, 0, 45505), -- Fire Line
(375238, 50, 76210, 'Titan-Touched Draconium Deposit', '', '', '', 1, 2868, 109866, 0, 0, 50, 100, 30, 0, 0, 0, 0, 0, 681, 1, 388580, 0, 0, 0, 10, 0, 0, 0, 0, 0, 0, 0, 0, 0, 0, 0, 0, 0, 0, 0, 0, 2181, 45505), -- Titan-Touched Draconium Deposit
(381020, 0, 73954, 'Gnoll Cage 01 (Always Open)', '', '', '', 1, 1, 0, 0, 0, 0, 0, 0, 0, 0, 0, 0, 0, 0, 0, 0, 0, 0, 0, 0, 0, 0, 0, 0, 0, 0, 0, 0, 0, 0, 0, 0, 0, 0, 0, 0, 0, 45505), -- Gnoll Cage 01 (Always Open)
(380628, 5, 76508, 'Fire Line Smoke', '', '', '', 0.5, 0, 0, 0, 0, 0, 0, 0, 0, 0, 0, 0, 0, 0, 0, 0, 0, 0, 0, 0, 0, 0, 0, 0, 0, 0, 0, 0, 0, 0, 0, 0, 0, 0, 0, 0, 0, 45505), -- Fire Line Smoke
(380946, 0, 76407, 'Brackenhide Gate (Always Open)', '', '', '', 0.949999988079071044, 1, 0, 0, 0, 0, 0, 0, 0, 1, 1, 0, 0, 0, 0, 0, 0, 0, 0, 0, 0, 0, 0, 0, 0, 0, 0, 0, 0, 0, 0, 0, 0, 0, 0, 0, 0, 45505), -- Brackenhide Gate (Always Open)
(377974, 10, 75435, 'Unstable Toy Boat', 'questinteract', 'Dispelling', '', 1, 43, 0, 0, 3000, 0, 0, 0, 0, 0, 0, 0, 0, 0, 0, 223787, 0, 0, 0, 0, 0, 1, 0, 0, 1, 0, 0, 0, 0, 0, 0, 0, 0, 0, 0, 0, 2351, 45505), -- Unstable Toy Boat
(381165, 8, 74073, 'Barbecue', '', '', '', 1.774420022964477539, 4, 10, 0, 0, 0, 0, 0, 0, 0, 0, 0, 0, 0, 0, 0, 0, 0, 0, 0, 0, 0, 0, 0, 0, 0, 0, 0, 0, 0, 0, 0, 0, 0, 0, 0, 0, 45505), -- Barbecue
(379768, 5, 76282, 'Fire Wall (Smoke)', '', '', '', 1.20000004768371582, 0, 0, 0, 0, 0, 0, 0, 0, 0, 0, 0, 0, 0, 0, 0, 0, 0, 0, 0, 0, 0, 0, 0, 0, 0, 0, 0, 0, 0, 0, 0, 0, 0, 0, 0, 0, 45505), -- Fire Wall (Smoke)
(378966, 8, 73375, 'Brazier', '', '', '', 1, 4, 10, 377066, 0, 0, 0, 0, 0, 0, 0, 0, 0, 0, 0, 0, 0, 0, 0, 0, 0, 0, 0, 0, 0, 0, 0, 0, 0, 0, 0, 0, 0, 0, 0, 0, 0, 45505), -- Brazier
(380912, 0, 76407, 'Brackenhide Gate (Always Open)', '', '', '', 1.20000004768371582, 1, 0, 0, 0, 0, 0, 0, 0, 1, 1, 0, 0, 0, 0, 0, 0, 0, 0, 0, 0, 0, 0, 0, 0, 0, 0, 0, 0, 0, 0, 0, 0, 0, 0, 0, 0, 45505), -- Brackenhide Gate (Always Open)
(379154, 7, 71141, 'Garden Bench', '', '', '', 1, 2, 2, 0, 0, 0, 0, 0, 0, 0, 0, 0, 0, 0, 0, 0, 0, 0, 0, 0, 0, 0, 0, 0, 0, 0, 0, 0, 0, 0, 0, 0, 0, 0, 0, 0, 0, 45505), -- Garden Bench
(378022, 19, 75441, 'Mailbox', '', '', '', 1, 0, 0, 0, 0, 0, 0, 0, 0, 0, 0, 0, 0, 0, 0, 0, 0, 0, 0, 0, 0, 0, 0, 0, 0, 0, 0, 0, 0, 0, 0, 0, 0, 0, 0, 0, 0, 45505), -- Mailbox
(382402, 5, 75228, '[DND] Primalist Fire Banner 01', '', '', '', 2, 0, 0, 0, 0, 0, 0, 0, 1, 0, 0, 0, 0, 0, 0, 0, 0, 0, 0, 0, 0, 0, 0, 0, 0, 0, 0, 0, 0, 0, 0, 0, 0, 0, 0, 0, 181, 45505), -- [DND] Primalist Fire Banner 01
(378467, 5, 31288, 'Storm Crystal', '', '', '', 2, 0, 0, 0, 0, 0, 0, 0, 0, 0, 0, 0, 0, 0, 0, 0, 0, 0, 0, 0, 0, 0, 0, 0, 0, 0, 0, 0, 0, 0, 0, 0, 0, 0, 0, 0, 0, 45505), -- Storm Crystal
(376183, 5, 72784, 'Docks', '', '', '', 0.300000011920928955, 0, 0, 0, 0, 0, 0, 0, 0, 0, 0, 0, 0, 0, 0, 0, 0, 0, 0, 0, 0, 0, 0, 0, 0, 0, 0, 0, 0, 0, 0, 0, 0, 0, 0, 0, 0, 45505), -- Docks
(376931, 0, 14501, 'Titan Barrier', '', '', '', 3, 0, 0, 0, 0, 0, 0, 0, 21439, 0, 0, 0, 0, 0, 0, 0, 0, 0, 0, 0, 0, 0, 0, 0, 0, 0, 0, 0, 0, 0, 0, 0, 0, 0, 0, 0, 0, 45505), -- Titan Barrier
(382537, 8, 76167, 'Tailor\'s Work Table', '', '', '', 1, 2174, 10, 0, 0, 0, 0, 0, 0, 0, 0, 0, 0, 0, 0, 0, 0, 0, 0, 0, 0, 0, 0, 0, 0, 0, 0, 0, 0, 0, 0, 0, 0, 0, 0, 0, 0, 45505), -- Tailor's Work Table
(379155, 7, 71141, 'Garden Bench', '', '', '', 1, 2, 2, 0, 0, 0, 0, 0, 0, 0, 0, 0, 0, 0, 0, 0, 0, 0, 0, 0, 0, 0, 0, 0, 0, 0, 0, 0, 0, 0, 0, 0, 0, 0, 0, 0, 0, 45505), -- Garden Bench
(381694, 8, 74073, 'Forge', '', '', '', 1, 3, 10, 0, 0, 0, 0, 0, 0, 0, 0, 0, 0, 0, 0, 0, 0, 0, 0, 0, 0, 0, 0, 0, 0, 0, 0, 0, 0, 0, 0, 0, 0, 0, 0, 0, 0, 45505), -- Forge
(378969, 8, 73375, 'Brazier', '', '', '', 1, 4, 10, 377066, 0, 0, 0, 0, 0, 0, 0, 0, 0, 0, 0, 0, 0, 0, 0, 0, 0, 0, 0, 0, 0, 0, 0, 0, 0, 0, 0, 0, 0, 0, 0, 0, 0, 45505), -- Brazier
(381535, 10, 74997, 'Pelt Bundle', 'questinteract', '', '', 1, 0, 67772, 0, 1, 0, 0, 0, 0, 0, 0, 388711, 0, 0, 0, 0, 0, 0, 0, 0, 0, 1, 0, 101748, 1, 0, 0, 0, 0, 0, 0, 0, 0, 0, 0, 0, 2226, 45505), -- Pelt Bundle
(378280, 10, 33506, 'Unfertilized Breezehunter Egg', 'questinteract', 'Collecting', '', 0.5, 43, 0, 0, 3000, 0, 0, 0, 0, 0, 0, 381469, 0, 0, 0, 19676, 0, 0, 0, 1, 0, 0, 0, 0, 1, 0, 0, 1, 0, 0, 0, 0, 0, 0, 0, 0, 0, 45505), -- Unfertilized Breezehunter Egg
(379298, 8, 71261, 'Forge', '', '', '', 1, 3, 10, 0, 0, 0, 0, 0, 0, 0, 0, 0, 0, 0, 0, 0, 0, 0, 0, 0, 0, 0, 0, 0, 0, 0, 0, 0, 0, 0, 0, 0, 0, 0, 0, 0, 0, 45505), -- Forge
(382536, 1, 77534, 'Oathstone', '', '', '', 1, 0, 0, 0, 0, 0, 0, 0, 0, 0, 0, 0, 0, 0, 0, 0, 0, 0, 0, 0, 0, 0, 0, 0, 0, 0, 0, 0, 0, 0, 0, 0, 0, 0, 0, 0, 0, 45505), -- Oathstone
(381725, 7, 75016, 'Chair', '', '', '', 1, 1, 2, 0, 0, 0, 0, 0, 0, 0, 0, 0, 0, 0, 0, 0, 0, 0, 0, 0, 0, 0, 0, 0, 0, 0, 0, 0, 0, 0, 0, 0, 0, 0, 0, 0, 0, 45505), -- Chair
(376971, 2, 19769, 'Lingering Image', 'questinteract', '', '', 0.5, 0, 0, 2, 28081, 0, 0, 0, 0, 0, 0, 0, 0, 0, 0, 0, 0, 0, 0, 0, 0, 0, 0, 0, 0, 0, 0, 0, 0, 0, 0, 0, 0, 0, 0, 0, 0, 45505), -- Lingering Image
(381575, 3, 73929, 'Duck Trap Kit', '', '', '', 1, 0, 0, 0, 1, 0, 0, 0, 0, 0, 0, 1, 0, 0, 0, 0, 0, 0, 0, 0, 0, 0, 0, 0, 0, 0, 0, 0, 0, 0, 0, 113219, 0, 0, 0, 0, 2152, 45505), -- Duck Trap Kit
(377226, 2, 75026, 'Offering Vessel', '', '', '', 1.5, 0, 25627, 0, 0, 0, 0, 0, 0, 1, 0, 0, 0, 0, 0, 0, 0, 0, 0, 0, 0, 0, 0, 0, 0, 0, 0, 0, 0, 0, 0, 0, 0, 0, 0, 0, 2152, 45505), -- Offering Vessel
(380949, 0, 68887, 'Brackenhide Gate (Always Open)', '', '', '', 1.029999971389770507, 1, 0, 0, 0, 0, 0, 0, 0, 1, 1, 0, 0, 0, 0, 0, 0, 0, 0, 0, 0, 0, 0, 0, 0, 0, 0, 0, 0, 0, 0, 0, 0, 0, 0, 0, 0, 45505), -- Brackenhide Gate (Always Open)
(382176, 8, 76551, 'Azure Loom', '', '', '', 1.5, 2178, 10, 0, 0, 0, 0, 0, 0, 0, 0, 0, 0, 0, 0, 0, 0, 0, 0, 0, 0, 0, 0, 0, 0, 0, 0, 0, 0, 0, 0, 0, 0, 0, 0, 0, 2164, 45505), -- Azure Loom
(381578, 10, 73899, 'Pilfered Focus', '', 'Collecting', '', 1, 2826, 0, 0, 3000, 0, 0, 0, 0, 0, 0, 388999, 0, 0, 0, 19676, 0, 0, 0, 0, 0, 0, 0, 101908, 1, 0, 0, 0, 0, 0, 0, 0, 0, 0, 0, 0, 0, 45505), -- Pilfered Focus
(378025, 8, 74073, '10CT_Centaur_ForgeSmall02.M2', '', '', '', 1, 3, 10, 0, 0, 0, 0, 0, 0, 0, 0, 0, 0, 0, 0, 0, 0, 0, 0, 0, 0, 0, 0, 0, 0, 0, 0, 0, 0, 0, 0, 0, 0, 0, 0, 0, 0, 45505), -- 10CT_Centaur_ForgeSmall02.M2
(376184, 5, 73325, 'Globe', '', '', '', 1, 0, 0, 0, 0, 0, 0, 0, 0, 0, 0, 0, 0, 0, 0, 0, 0, 0, 0, 0, 0, 0, 0, 0, 0, 0, 0, 0, 0, 0, 0, 0, 0, 0, 0, 0, 0, 45505), -- Globe
(381719, 8, 75446, 'Cooking Fire', '', '', '', 1, 4, 10, 269284, 0, 0, 0, 0, 0, 0, 0, 0, 0, 0, 0, 0, 0, 0, 0, 0, 0, 0, 0, 0, 0, 0, 0, 0, 0, 0, 0, 0, 0, 0, 0, 0, 0, 45505), -- Cooking Fire
(376767, 2, 19769, 'Lingering Image', 'questinteract', '', '', 0.5, 0, 0, 2, 28077, 0, 0, 0, 0, 0, 0, 0, 0, 0, 0, 0, 0, 0, 0, 0, 0, 0, 0, 0, 0, 0, 0, 0, 0, 0, 0, 0, 0, 0, 0, 0, 0, 45505), -- Lingering Image
(376456, 5, 74315, 'Telescope', '', '', '', 1, 0, 0, 0, 0, 0, 0, 0, 0, 0, 0, 0, 0, 0, 0, 0, 0, 0, 0, 0, 0, 0, 0, 0, 0, 0, 0, 0, 0, 0, 0, 0, 0, 0, 0, 0, 0, 45505), -- Telescope
(380997, 8, 74073, 'Forge', '', '', '', 1, 3, 10, 0, 0, 0, 0, 0, 0, 0, 0, 0, 0, 0, 0, 0, 0, 0, 0, 0, 0, 0, 0, 0, 0, 0, 0, 0, 0, 0, 0, 0, 0, 0, 0, 0, 0, 45505), -- Forge
(377518, 5, 75251, 'Meat Carcass', '', '', '', 0.75, 0, 0, 0, 0, 0, 0, 0, 0, 0, 0, 0, 0, 0, 0, 0, 0, 0, 0, 0, 0, 0, 0, 0, 0, 0, 0, 0, 0, 0, 0, 0, 0, 0, 0, 0, 0, 45505), -- Meat Carcass
(377163, 5, 71261, 'Mysterious Forge', '', '', '', 1, 0, 1, 0, 0, 0, 0, 0, 0, 0, 0, 0, 0, 0, 0, 0, 0, 0, 0, 0, 0, 0, 0, 0, 0, 0, 0, 0, 0, 0, 0, 0, 0, 0, 0, 0, 0, 45505), -- Mysterious Forge
(376611, 10, 74445, 'Dragonhorn Mouthpiece', 'questinteract', 'Freeing', '', 1, 93, 66256, 0, 3000, 0, 0, 0, 0, 0, 0, 0, 0, 0, 0, 46504, 0, 0, 0, 0, 0, 0, 0, 0, 0, 0, 0, 0, 0, 0, 0, 0, 0, 0, 0, 0, 0, 45505), -- Dragonhorn Mouthpiece
(377579, 3, 74537, 'Discarded Book', 'questinteract', 'Retrieving', '', 1, 1691, 0, 1, 0, 0, 0, 0, 0, 0, 0, 0, 0, 0, 0, 23645, 0, 0, 0, 0, 0, 0, 0, 0, 0, 0, 0, 0, 0, 0, 0, 111809, 1, 0, 0, 0, 2153, 45505), -- Discarded Book
(378278, 5, 36899, 'Breezehunter Egg', '', '', '', 1, 0, 0, 0, 0, 0, 0, 0, 0, 0, 0, 0, 0, 0, 0, 0, 0, 0, 0, 0, 0, 0, 0, 0, 0, 0, 0, 0, 0, 0, 0, 0, 0, 0, 0, 0, 0, 45505), -- Breezehunter Egg
(376811, 3, 74418, 'Basket of Hunting Game Calls', 'questinteract', 'Collecting', '', 0.85000002384185791, 43, 0, 1, 0, 0, 0, 0, 0, 65870, 0, 0, 0, 0, 0, 19676, 0, 0, 0, 0, 0, 0, 0, 0, 0, 0, 0, 0, 0, 0, 0, 110854, 0, 0, 0, 0, 2153, 45505), -- Basket of Hunting Game Calls
(375024, 3, 73827, 'Royal Coffers', 'questinteract', '', '', 1, 57, 0, 1, 0, 0, 0, 0, 0, 65302, 0, 0, 0, 0, 0, 0, 0, 0, 94612, 0, 0, 0, 0, 0, 0, 0, 0, 0, 0, 0, 0, 109442, 1, 0, 0, 0, 2153, 45505), -- Royal Coffers
(376282, 5, 74098, 'Black Dragon Egg Incubator', '', '', '', 1, 0, 0, 0, 0, 0, 0, 0, 0, 0, 0, 0, 0, 0, 0, 0, 0, 0, 0, 0, 0, 0, 0, 0, 0, 0, 0, 0, 0, 0, 0, 0, 0, 0, 0, 0, 0, 45505), -- Black Dragon Egg Incubator
(376974, 2, 19769, 'Lingering Image', 'questinteract', '', '', 0.5, 0, 0, 2, 28083, 0, 0, 0, 0, 0, 0, 0, 0, 0, 0, 0, 0, 0, 0, 0, 0, 0, 0, 0, 0, 0, 0, 0, 0, 0, 0, 0, 0, 0, 0, 0, 0, 45505), -- Lingering Image
(381642, 7, 71292, 'Stool', '', '', '', 1, 1, 1, 0, 0, 0, 0, 0, 0, 0, 0, 0, 0, 0, 0, 0, 0, 0, 0, 0, 0, 0, 0, 0, 0, 0, 0, 0, 0, 0, 0, 0, 0, 0, 0, 0, 0, 45505), -- Stool
(377459, 5, 75335, 'Cooking Fire', '', '', '', 0.85000002384185791, 0, 1, 0, 0, 0, 0, 0, 0, 0, 0, 0, 0, 0, 0, 0, 0, 0, 0, 0, 0, 0, 0, 0, 0, 0, 0, 0, 0, 0, 0, 0, 0, 0, 0, 0, 0, 45505), -- Cooking Fire
(380596, 10, 19417, 'Boomthyr Rocket Notes', 'inspect', '', '', 1, 0, 0, 0, 3000, 0, 0, 0, 8612, 0, 0, 385201, 0, 0, 0, 0, 0, 0, 0, 0, 0, 0, 0, 100249, 1, 0, 0, 0, 0, 0, 0, 0, 0, 0, 0, 0, 2151, 45505), -- Boomthyr Rocket Notes
(378967, 8, 73375, 'Brazier', '', '', '', 1, 4, 10, 377066, 0, 0, 0, 0, 0, 0, 0, 0, 0, 0, 0, 0, 0, 0, 0, 0, 0, 0, 0, 0, 0, 0, 0, 0, 0, 0, 0, 0, 0, 0, 0, 0, 0, 45505), -- Brazier
(380822, 3, 76439, 'Igneous Gem', 'lootall', '', '', 1, 2173, 0, 10, 0, 1, 1, 0, 0, 0, 0, 0, 0, 0, 0, 0, 0, 0, 100454, 0, 0, 0, 0, 0, 0, 0, 0, 0, 0, 0, 5302, 112481, 0, 0, 0, 0, 2214, 45505), -- Igneous Gem
(378277, 5, 74920, 'Breezehunter Nest', '', '', '', 0.5, 0, 0, 0, 0, 0, 0, 0, 0, 0, 0, 0, 0, 0, 0, 0, 0, 0, 0, 0, 0, 0, 0, 0, 0, 0, 0, 0, 0, 0, 0, 0, 0, 0, 0, 0, 0, 45505), -- Breezehunter Nest
(379033, 0, 13594, 'Kyrakka', '', '', '', 0.5, 0, 0, 0, 0, 0, 0, 0, 0, 0, 1, 0, 0, 0, 0, 0, 0, 0, 0, 0, 0, 0, 0, 0, 0, 0, 0, 0, 0, 0, 0, 0, 0, 0, 0, 0, 0, 45505), -- Kyrakka
(378024, 8, 74074, 'Anvil', '', '', '', 1, 1, 10, 0, 0, 0, 0, 0, 0, 0, 0, 0, 0, 0, 0, 0, 0, 0, 0, 0, 0, 0, 0, 0, 0, 0, 0, 0, 0, 0, 0, 0, 0, 0, 0, 0, 0, 45505), -- Anvil
(380647, 3, 74799, 'Forgotton Arcane Tome', '', 'Opening', '', 1.25, 43, 0, 1, 0, 1, 1, 0, 0, 0, 0, 0, 0, 0, 1, 21400, 0, 0, 100250, 0, 2, 0, 0, 0, 0, 0, 0, 0, 0, 0, 5340, 112537, 0, 108, 0, 0, 2214, 45505), -- Forgotton Arcane Tome
(382538, 8, 76589, 'Alchemist\'s Lab Bench', '', '', '', 1, 2164, 10, 0, 0, 0, 0, 0, 0, 0, 0, 0, 0, 0, 0, 0, 0, 0, 0, 0, 0, 0, 0, 0, 0, 0, 0, 0, 0, 0, 0, 0, 0, 0, 0, 0, 0, 45505), -- Alchemist's Lab Bench
(378972, 8, 73375, 'Brazier', '', '', '', 1, 4, 10, 377066, 0, 0, 0, 0, 0, 0, 0, 0, 0, 0, 0, 0, 0, 0, 0, 0, 0, 0, 0, 0, 0, 0, 0, 0, 0, 0, 0, 0, 0, 0, 0, 0, 0, 45505), -- Brazier
(381164, 8, 76731, 'Cookpot', '', '', '', 1.069200038909912109, 4, 10, 0, 0, 0, 0, 0, 0, 0, 0, 0, 0, 0, 0, 0, 0, 0, 0, 0, 0, 0, 0, 0, 0, 0, 0, 0, 0, 0, 0, 0, 0, 0, 0, 0, 0, 45505), -- Cookpot
(378381, 43, 73467, '10.0 Plains - Nomad Clan - Camp B Active - WMO - SBV/RMM', '', '', '', 1, -1, 0, 0, 0, 0, 0, 0, 0, 0, 0, 0, 0, 0, 0, 0, 0, 0, 0, 0, 0, 0, 0, 0, 0, 0, 0, 0, 0, 0, 0, 0, 0, 0, 0, 0, 0, 45505), -- 10.0 Plains - Nomad Clan - Camp B Active - WMO - SBV/RMM
(381162, 8, 75339, 'Cookpot', '', '', '', 1.10000002384185791, 4, 10, 0, 0, 0, 0, 0, 0, 0, 0, 0, 0, 0, 0, 0, 0, 0, 0, 0, 0, 0, 0, 0, 0, 0, 0, 0, 0, 0, 0, 0, 0, 0, 0, 0, 0, 45505), -- Cookpot
(381640, 7, 71292, 'Stool', '', '', '', 1, 1, 1, 0, 0, 0, 0, 0, 0, 0, 0, 0, 0, 0, 0, 0, 0, 0, 0, 0, 0, 0, 0, 0, 0, 0, 0, 0, 0, 0, 0, 0, 0, 0, 0, 0, 0, 45505), -- Stool
(381167, 8, 74073, 'Barbecue', '', '', '', 1.529999971389770507, 4, 10, 0, 0, 0, 0, 0, 0, 0, 0, 0, 0, 0, 0, 0, 0, 0, 0, 0, 0, 0, 0, 0, 0, 0, 0, 0, 0, 0, 0, 0, 0, 0, 0, 0, 0, 45505), -- Barbecue
(378971, 8, 73375, 'Brazier', '', '', '', 1, 4, 10, 377066, 0, 0, 0, 0, 0, 0, 0, 0, 0, 0, 0, 0, 0, 0, 0, 0, 0, 0, 0, 0, 0, 0, 0, 0, 0, 0, 0, 0, 0, 0, 0, 0, 0, 45505), -- Brazier
(377319, 10, 74828, 'Storm Pylon', '', 'Destroying', '', 0.899999976158142089, 2741, 0, 0, 3000, 0, 0, 0, 0, 0, 0, 382881, 0, 0, 0, 24585, 0, 0, 0, 0, 0, 1, 0, 0, 1, 0, 0, 0, 0, 0, 0, 0, 0, 0, 0, 0, 0, 45505), -- Storm Pylon
(378962, 19, 74322, 'Mailbox', '', '', '', 1, 0, 0, 0, 0, 0, 0, 0, 0, 0, 0, 0, 0, 0, 0, 0, 0, 0, 0, 0, 0, 0, 0, 0, 0, 0, 0, 0, 0, 0, 0, 0, 0, 0, 0, 0, 0, 45505), -- Mailbox
(380602, 3, 75767, 'Wind-Blessed Hide', '', 'Opening', '', 1, 43, 0, 1, 0, 1, 1, 0, 0, 0, 0, 0, 0, 0, 1, 21400, 0, 0, 100245, 0, 2, 0, 0, 0, 0, 0, 0, 0, 0, 0, 5323, 112513, 0, 108, 0, 0, 2214, 45505), -- Wind-Blessed Hide
(378021, 8, 75446, '10CT_Centaur_FoodRack01_pot.M2', '', '', '', 1, 4, 10, 0, 0, 0, 0, 0, 0, 0, 0, 0, 0, 0, 0, 0, 0, 0, 0, 0, 0, 0, 0, 0, 0, 0, 0, 0, 0, 0, 0, 0, 0, 0, 0, 0, 0, 45505), -- 10CT_Centaur_FoodRack01_pot.M2
(378968, 8, 73375, 'Brazier', '', '', '', 1, 4, 10, 377066, 0, 0, 0, 0, 0, 0, 0, 0, 0, 0, 0, 0, 0, 0, 0, 0, 0, 0, 0, 0, 0, 0, 0, 0, 0, 0, 0, 0, 0, 0, 0, 0, 0, 45505), -- Brazier
(381693, 8, 74075, 'Cooking Fire', '', '', '', 0.589999973773956298, 4, 10, 2061, 0, 0, 0, 0, 0, 0, 0, 0, 0, 0, 0, 0, 0, 0, 0, 0, 0, 0, 0, 0, 0, 0, 0, 0, 0, 0, 0, 0, 0, 0, 0, 0, 0, 45505), -- Cooking Fire
(376285, 5, 74101, 'Red Dragon Egg Incubator', '', '', '', 1, 0, 0, 0, 0, 0, 0, 0, 0, 0, 0, 0, 0, 0, 0, 0, 0, 0, 0, 0, 0, 0, 0, 0, 0, 0, 0, 0, 0, 0, 0, 0, 0, 0, 0, 0, 0, 45505), -- Red Dragon Egg Incubator
(381515, 50, 76806, 'Hardened Tyrivite Deposit', '', '', '', 1, 3395, 112873, 0, 0, 75, 100, 30, 0, 0, 0, 0, 0, 681, 4, 388578, 0, 0, 0, 10, 0, 0, 0, 0, 0, 0, 0, 0, 0, 0, 0, 0, 0, 0, 0, 0, 2181, 45505), -- Hardened Tyrivite Deposit
(375689, 5, 73196, 'Crate', '', '', '', 1, 0, 0, 0, 0, 0, 0, 0, 0, 0, 0, 0, 0, 0, 0, 0, 0, 0, 0, 0, 0, 0, 0, 0, 0, 0, 0, 0, 0, 0, 0, 0, 0, 0, 0, 0, 0, 45505), -- Crate
(381118, 5, 74606, 'Dragon Crate Stack [DNT]', '', '', '', 1, 0, 0, 0, 0, 0, 0, 0, 0, 0, 0, 0, 0, 0, 0, 0, 0, 0, 0, 0, 0, 0, 0, 0, 0, 0, 0, 0, 0, 0, 0, 0, 0, 0, 0, 0, 0, 45505), -- Dragon Crate Stack [DNT]
(381019, 0, 73954, 'Gnoll Cage 01 (Always Open)', '', '', '', 1, 1, 0, 0, 0, 0, 0, 0, 0, 0, 0, 0, 0, 0, 0, 0, 0, 0, 0, 0, 0, 0, 0, 0, 0, 0, 0, 0, 0, 0, 0, 0, 0, 0, 0, 0, 0, 45505), -- Gnoll Cage 01 (Always Open)
(376972, 2, 19769, 'Lingering Image', 'questinteract', '', '', 0.5, 0, 0, 2, 28082, 0, 0, 0, 0, 0, 0, 0, 0, 0, 0, 0, 0, 0, 0, 0, 0, 0, 0, 0, 0, 0, 0, 0, 0, 0, 0, 0, 0, 0, 0, 0, 0, 45505), -- Lingering Image
(380938, 22, 74320, 'Incense Burner', '', '', '', 1, 386437, -1, 0, 0, 0, 0, 1, 0, 0, 0, 0, 0, 0, 0, 0, 0, 0, 0, 0, 0, 0, 0, 0, 0, 0, 0, 0, 0, 0, 0, 0, 0, 0, 0, 0, 0, 45505), -- Incense Burner
(380625, 5, 76506, 'Fire Line', '', '', '', 0.5, 0, 0, 0, 0, 0, 0, 0, 0, 0, 0, 0, 0, 0, 0, 0, 0, 0, 0, 0, 0, 0, 0, 0, 0, 0, 0, 0, 0, 0, 0, 0, 0, 0, 0, 0, 0, 45505), -- Fire Line
(381577, 10, 71289, 'Pilfered Telescope', '', 'Collecting', '', 1, 2826, 0, 0, 3000, 0, 0, 0, 0, 0, 0, 388995, 0, 0, 0, 19676, 0, 0, 0, 0, 0, 0, 0, 101905, 1, 0, 0, 0, 0, 0, 0, 0, 0, 0, 0, 0, 0, 45505), -- Pilfered Telescope
(375235, 50, 76206, 'Molten Draconium Deposit', '', '', '', 1, 3395, 109866, 0, 0, 75, 100, 30, 0, 0, 0, 0, 0, 681, 4, 388577, 0, 0, 0, 10, 0, 0, 0, 0, 0, 0, 0, 0, 0, 0, 0, 0, 0, 0, 0, 0, 2181, 45505), -- Molten Draconium Deposit
(380965, 8, 74073, 'Oven', '', '', '', 1, 4, 10, 2061, 0, 0, 0, 0, 0, 0, 0, 0, 0, 0, 0, 0, 0, 0, 0, 0, 0, 0, 0, 0, 0, 0, 0, 0, 0, 0, 0, 0, 0, 0, 0, 0, 0, 45505), -- Oven
(376455, 5, 74314, 'Precision Compass', '', '', '', 1, 0, 0, 0, 0, 0, 0, 0, 0, 0, 0, 0, 0, 0, 0, 0, 0, 0, 0, 0, 0, 0, 0, 0, 0, 0, 0, 0, 0, 0, 0, 0, 0, 0, 0, 0, 0, 45505), -- Precision Compass
(380627, 5, 75677, 'Fire Line', '', '', '', 0.5, 0, 0, 0, 0, 0, 0, 0, 0, 0, 0, 0, 0, 0, 0, 0, 0, 0, 0, 0, 0, 0, 0, 0, 0, 0, 0, 0, 0, 0, 0, 0, 0, 0, 0, 0, 0, 45505), -- Fire Line
(380964, 8, 74075, 'Campfire', '', '', '', 0.589999973773956298, 4, 10, 2061, 0, 0, 0, 0, 0, 0, 0, 0, 0, 0, 0, 0, 0, 0, 0, 0, 0, 0, 0, 0, 0, 0, 0, 0, 0, 0, 0, 0, 0, 0, 0, 0, 0, 45505), -- Campfire
(377973, 3, 20051, 'Wand of Dispelling', 'questinteract', 'Retrieving', '', 2, 1691, 0, 1, 0, 0, 0, 0, 0, 0, 0, 0, 0, 0, 0, 23645, 0, 0, 0, 0, 0, 0, 0, 0, 0, 0, 0, 0, 0, 0, 0, 111853, 1, 0, 0, 0, 2153, 45505), -- Wand of Dispelling
(381643, 7, 71292, 'Stool', '', '', '', 1, 1, 1, 0, 0, 0, 0, 0, 0, 0, 0, 0, 0, 0, 0, 0, 0, 0, 0, 0, 0, 0, 0, 0, 0, 0, 0, 0, 0, 0, 0, 0, 0, 0, 0, 0, 0, 45505), -- Stool
(378783, 5, 74920, 'Eagle Nest', '', '', '', 0.349999994039535522, 0, 0, 0, 0, 0, 0, 0, 0, 0, 0, 0, 0, 0, 0, 0, 0, 0, 0, 0, 0, 0, 0, 0, 0, 0, 0, 0, 0, 0, 0, 0, 0, 0, 0, 0, 2152, 45505), -- Eagle Nest
(377384, 5, 74767, 'Gold Pile', '', '', '', 1, 0, 0, 0, 0, 0, 0, 0, 0, 0, 0, 0, 0, 0, 0, 0, 0, 0, 0, 0, 0, 0, 0, 0, 0, 0, 0, 0, 0, 0, 0, 0, 0, 0, 0, 0, 0, 45505), -- Gold Pile
(378383, 43, 73468, '10.0 Plains - Nomad Clan - Camp B Active - WMO - SBV/RMM', '', '', '', 1, -1, 0, 0, 0, 0, 0, 0, 0, 0, 0, 0, 0, 0, 0, 0, 0, 0, 0, 0, 0, 0, 0, 0, 0, 0, 0, 0, 0, 0, 0, 0, 0, 0, 0, 0, 0, 45505), -- 10.0 Plains - Nomad Clan - Camp B Active - WMO - SBV/RMM
(378963, 8, 75513, 'Brazier', '', '', '', 1, 4, 10, 377066, 0, 0, 0, 0, 0, 0, 0, 0, 0, 0, 0, 0, 0, 0, 0, 0, 0, 0, 0, 0, 0, 0, 0, 0, 0, 0, 0, 0, 0, 0, 0, 0, 0, 45505), -- Brazier
(378965, 8, 73375, 'Brazier', '', '', '', 1, 4, 10, 377066, 0, 0, 0, 0, 0, 0, 0, 0, 0, 0, 0, 0, 0, 0, 0, 0, 0, 0, 0, 0, 0, 0, 0, 0, 0, 0, 0, 0, 0, 0, 0, 0, 0, 45505), -- Brazier
(376720, 3, 74449, 'Bag of Helpful Goods', 'questinteract', 'Retrieving', '', 1, 43, 0, 1, 0, 0, 0, 0, 0, 0, 0, 0, 0, 0, 0, 23645, 0, 0, 0, 0, 0, 0, 0, 0, 0, 0, 0, 0, 0, 0, 0, 110772, 1, 0, 0, 0, 2153, 45505), -- Bag of Helpful Goods
(380842, 3, 14748, 'Gold Coin', '', 'Opening', '', 1, 57, 0, 1, 1, 0, 0, 0, 0, 0, 0, 0, 0, 0, 1, 21400, 0, 0, 0, 0, 2, 0, 0, 0, 0, 0, 0, 0, 0, 0, 0, 112559, 0, 0, 0, 0, 2152, 45505), -- Gold Coin
(375239, 50, 76207, 'Primal Draconium Deposit', '', '', '', 1, 2868, 109866, 0, 0, 50, 100, 30, 0, 0, 0, 0, 0, 681, 1, 388581, 0, 0, 0, 10, 0, 0, 0, 0, 0, 0, 0, 0, 0, 0, 0, 0, 0, 0, 0, 0, 2181, 45505), -- Primal Draconium Deposit
(379278, 10, 74337, 'Wind Cage', 'questinteract', 'Opening', '', 0.60000002384185791, 43, 0, 0, 1, 0, 0, 0, 0, 0, 0, 383680, 0, 0, 0, 21400, 0, 0, 0, 0, 0, 1, 0, 99875, 1, 0, 0, 0, 0, 0, 0, 0, 0, 0, 0, 0, 0, 45505), -- Wind Cage
(381313, 19, 75441, 'Mailbox', '', '', '', 1, 0, 0, 0, 0, 0, 0, 0, 0, 0, 0, 0, 0, 0, 0, 0, 0, 0, 0, 0, 0, 0, 0, 0, 0, 0, 0, 0, 0, 0, 0, 0, 0, 0, 0, 0, 0, 45505), -- Mailbox
(376952, 10, 74810, 'Rotting Root', '', '', '', 0.200000002980232238, 0, 0, 0, 0, 0, 0, 0, 0, 0, 0, 373356, 0, 0, 0, 0, 0, 0, 0, 0, 0, 0, 0, 0, 1, 0, 0, 0, 0, 0, 0, 0, 0, 0, 0, 0, 0, 45505), -- Rotting Root
(377385, 5, 74769, 'Gold Pile', '', '', '', 1, 0, 0, 0, 0, 0, 0, 0, 0, 0, 0, 0, 0, 0, 0, 0, 0, 0, 0, 0, 0, 0, 0, 0, 0, 0, 0, 0, 0, 0, 0, 0, 0, 0, 0, 0, 0, 45505), -- Gold Pile
(377578, 3, 39958, 'Broken Arcane Device', 'questinteract', 'Retrieving', '', 1, 1691, 0, 1, 0, 0, 0, 0, 0, 0, 0, 0, 0, 0, 0, 23645, 0, 0, 0, 0, 0, 0, 0, 0, 0, 0, 0, 0, 0, 0, 0, 111808, 1, 0, 0, 0, 2153, 45505), -- Broken Arcane Device
(382404, 0, 77829, 'Practice Barricade', '', '', '', 1.25, 0, 0, 3000, 0, 0, 0, 0, 0, 1, 0, 0, 0, 0, 0, 0, 0, 0, 0, 0, 0, 0, 0, 0, 0, 0, 0, 0, 0, 0, 0, 0, 0, 0, 0, 0, 996, 45505), -- Practice Barricade
(376948, 10, 24992, 'Sondo\'s Sando', '', '', '', 2, 0, 0, 0, 3000, 0, 0, 0, 0, 0, 0, 0, 0, 0, 0, 0, 0, 0, 0, 0, 0, 0, 0, 0, 0, 0, 0, 0, 0, 0, 0, 0, 0, 0, 0, 0, 0, 45505), -- Sondo's Sando
(382400, 5, 74825, '[DND] Primalist Air Banner 01', '', '', '', 2, 0, 0, 0, 0, 0, 0, 0, 1, 0, 0, 0, 0, 0, 0, 0, 0, 0, 0, 0, 0, 0, 0, 0, 0, 0, 0, 0, 0, 0, 0, 0, 0, 0, 0, 0, 181, 45505), -- [DND] Primalist Air Banner 01
(381163, 8, 74073, 'Barbecue', '', '', '', 1.254400014877319335, 4, 10, 0, 0, 0, 0, 0, 0, 0, 0, 0, 0, 0, 0, 0, 0, 0, 0, 0, 0, 0, 0, 0, 0, 0, 0, 0, 0, 0, 0, 0, 0, 0, 0, 0, 0, 45505), -- Barbecue
(380859, 3, 75435, 'Tuskarr Toy Boat', '', 'Opening', '', 1, 57, 0, 1, 1, 0, 0, 0, 0, 0, 0, 0, 0, 0, 1, 21400, 0, 0, 0, 0, 2, 0, 0, 0, 0, 0, 0, 0, 0, 0, 0, 112590, 0, 0, 0, 0, 2152, 45505), -- Tuskarr Toy Boat
(376743, 10, 74576, 'Fragmented Dragon Record', 'openhand', '', '', 1, 0, 66447, 0, 3000, 0, 0, 0, 0, 0, 0, 374899, 0, 0, 0, 0, 0, 0, 0, 0, 0, 1, 0, 0, 1, 0, 0, 0, 0, 0, 0, 0, 0, 0, 0, 0, 2284, 45505); -- Fragmented Dragon Record

UPDATE `gameobject_template` SET `VerifiedBuild`=45505 WHERE `entry` IN (377138, 381497, 381116, 381214, 382066, 376139, 381499, 376187, 378987, 381705, 381701, 381119, 380597, 381101, 380994, 378448, 381486, 376174, 381488, 382064, 381960, 381506, 382399, 379324, 382056, 378986, 381500, 376655, 377903, 381480, 376570, 376513, 381505, 376583, 381490, 380894, 377971, 381502, 381709, 377545, 381154, 376172, 378023, 378033, 378276, 378974, 377902, 380642, 381504, 376279, 378977, 377164, 382308, 382283, 381243, 376400, 379039, 382285, 377876, 378983, 378020, 381566, 376930, 380622, 376792, 382287, 378976, 376757, 378035, 377970, 378975, 377497, 377020, 377910, 377158, 381117, 382309, 382057, 359104, 381501, 376582, 380993, 378026, 380913, 382055, 382058, 382286, 378088, 377540, 380995, 382065, 380861, 380945, 378980, 381496, 376719, 381494, 381213, 381492, 376896, 378970, 381242, 376581, 380999, 378032, 377211, 377972, 381958, 378981, 380620, 378985, 376785, 381244, 382300, 378973, 376645, 381202, 381503, 381487, 376809, 335930, 380509, 378988, 376844, 381046, 382232, 376161, 378982, 379035, 377165, 233051, 381666, 376036, 381495, 376656, 381707, 381712, 378989, 382282, 380549, 378984, 381491, 376779, 382284, 380852, 376035, 381493, 381489, 376902, 380862, 378978, 378990);

DELETE FROM `gameobject_questitem` WHERE (`Idx`=0 AND `GameObjectEntry` IN (375513,376244,377579,376811,375024,377973,376720,377578)) OR (`Idx`=1 AND `GameObjectEntry` IN (376919,377579)) OR (`Idx`=3 AND `GameObjectEntry`=377579) OR (`Idx`=2 AND `GameObjectEntry`=377579);
INSERT INTO `gameobject_questitem` (`GameObjectEntry`, `Idx`, `ItemId`, `VerifiedBuild`) VALUES
(375513, 0, 188959, 45505), -- Royal Key
(376244, 0, 191138, 45505), -- Clinging Gustbloom
(376919, 1, 191131, 45505), -- Oathstone Fragment
(377579, 3, 194517, 45505), -- Discarded Book
(377579, 2, 194516, 45505), -- Discarded Book
(377579, 1, 194515, 45505), -- Discarded Book
(377579, 0, 194514, 45505), -- Discarded Book
(376811, 0, 192189, 45505), -- Basket of Hunting Game Calls
(375024, 0, 189126, 45505), -- Royal Coffers
(377973, 0, 194900, 45505), -- Wand of Dispelling
(376720, 0, 191954, 45505), -- Bag of Helpful Goods
(377578, 0, 194512, 45505); -- Broken Arcane Device

UPDATE `gameobject_questitem` SET `VerifiedBuild`=45505 WHERE (`Idx`=0 AND `GameObjectEntry` IN (377138,376174,376172,376792,376902)) OR (`Idx`=1 AND `GameObjectEntry`=376174);




UPDATE `quest_template` SET `RewardBonusMoney`=7500 WHERE `ID`=66119;

