
UPDATE creature SET equipment_id = 1 WHERE id IN ( 165515, 165415, 164562);
UPDATE creature SET wander_distance = 0, movementtype = 0 WHERE id IN (164557, 174175, 167607, 164563, 167876);
UPDATE creature SET wander_distance = 0, movementtype = 0 WHERE guid IN (459122, 459098, 459077, 459227, 459228, 459226, 459225, 459204);
DELETE FROM gameobject WHERE id =352524; -- COLLISIONS ON LAST BOSS

REPLACE INTO `scenarios` (`map`, `difficulty`, `dungeonID`, `scenario_A`, `scenario_H`) VALUES (2287, 1, 0, 1798, 1798);
REPLACE INTO `scenarios` (`map`, `difficulty`, `dungeonID`, `scenario_A`, `scenario_H`) VALUES (2287, 2, 0, 1798, 1798);
REPLACE INTO `scenarios` (`map`, `difficulty`, `dungeonID`, `scenario_A`, `scenario_H`) VALUES (2287, 8, 0, 1816, 1798);
REPLACE INTO `scenarios` (`map`, `difficulty`, `dungeonID`, `scenario_A`, `scenario_H`) VALUES (2287, 23, 0, 1798, 1798);

UPDATE creature_template set ScriptName = 'npc_depraved_darkblade_165515' WHERE entry = 165515;
UPDATE creature_template set ScriptName = 'npc_depraved_houndmaster_164562' WHERE entry = 164562;

REPLACE INTO `creature_addon` (`guid`, `path_id`, `mount`, `MountCreatureID`, `bytes1`, `bytes2`, `emote`, `aiAnimKit`, `movementAnimKit`, `meleeAnimKit`, `visibilityDistanceType`, `auras`) VALUES (459060, 4590600, 0, 0, 0, 1, 0, 0, 0, 0, 0, '');
REPLACE INTO `creature_addon` (`guid`, `path_id`, `mount`, `MountCreatureID`, `bytes1`, `bytes2`, `emote`, `aiAnimKit`, `movementAnimKit`, `meleeAnimKit`, `visibilityDistanceType`, `auras`) VALUES (459074, 4590740, 0, 0, 0, 1, 0, 0, 0, 0, 0, '');
REPLACE INTO `creature_addon` (`guid`, `path_id`, `mount`, `MountCreatureID`, `bytes1`, `bytes2`, `emote`, `aiAnimKit`, `movementAnimKit`, `meleeAnimKit`, `visibilityDistanceType`, `auras`) VALUES (459078, 4590780, 0, 0, 0, 1, 0, 0, 0, 0, 0, '325797');
REPLACE INTO `creature_addon` (`guid`, `path_id`, `mount`, `MountCreatureID`, `bytes1`, `bytes2`, `emote`, `aiAnimKit`, `movementAnimKit`, `meleeAnimKit`, `visibilityDistanceType`, `auras`) VALUES (459105, 4591050, 0, 0, 0, 1, 0, 0, 0, 0, 0, '');
REPLACE INTO `creature_addon` (`guid`, `path_id`, `mount`, `MountCreatureID`, `bytes1`, `bytes2`, `emote`, `aiAnimKit`, `movementAnimKit`, `meleeAnimKit`, `visibilityDistanceType`, `auras`) VALUES (459108, 4591080, 0, 0, 0, 1, 0, 0, 0, 0, 0, '');
REPLACE INTO `creature_addon` (`guid`, `path_id`, `mount`, `MountCreatureID`, `bytes1`, `bytes2`, `emote`, `aiAnimKit`, `movementAnimKit`, `meleeAnimKit`, `visibilityDistanceType`, `auras`) VALUES (459137, 4591370, 0, 0, 0, 1, 0, 0, 0, 0, 0, '');
REPLACE INTO `creature_addon` (`guid`, `path_id`, `mount`, `MountCreatureID`, `bytes1`, `bytes2`, `emote`, `aiAnimKit`, `movementAnimKit`, `meleeAnimKit`, `visibilityDistanceType`, `auras`) VALUES (459138, 4591380, 0, 0, 0, 1, 0, 0, 0, 0, 0, '');

REPLACE INTO `waypoint_data` (`id`, `point`, `position_x`, `position_y`, `position_z`, `orientation`, `delay`, `move_type`, `action`, `action_chance`, `wpguid`) VALUES (4590600, 1, -2258.94, 5125.14, 4140.04, 2.46566, 0, 0, 0, 100, 0);
REPLACE INTO `waypoint_data` (`id`, `point`, `position_x`, `position_y`, `position_z`, `orientation`, `delay`, `move_type`, `action`, `action_chance`, `wpguid`) VALUES (4590600, 2, -2227.71, 5102.21, 4140.69, 5.63867, 0, 0, 0, 100, 0);
REPLACE INTO `waypoint_data` (`id`, `point`, `position_x`, `position_y`, `position_z`, `orientation`, `delay`, `move_type`, `action`, `action_chance`, `wpguid`) VALUES (4590600, 3, -2222.83, 5099.95, 4141.7, 6.25521, 0, 0, 0, 100, 0);
REPLACE INTO `waypoint_data` (`id`, `point`, `position_x`, `position_y`, `position_z`, `orientation`, `delay`, `move_type`, `action`, `action_chance`, `wpguid`) VALUES (4590600, 4, -2196.78, 5099.93, 4141.74, 6.25128, 0, 0, 0, 100, 0);
REPLACE INTO `waypoint_data` (`id`, `point`, `position_x`, `position_y`, `position_z`, `orientation`, `delay`, `move_type`, `action`, `action_chance`, `wpguid`) VALUES (4590600, 5, -2188.44, 5104.17, 4140.2, 0.655319, 0, 0, 0, 100, 0);
REPLACE INTO `waypoint_data` (`id`, `point`, `position_x`, `position_y`, `position_z`, `orientation`, `delay`, `move_type`, `action`, `action_chance`, `wpguid`) VALUES (4590600, 6, -2178.49, 5111.67, 4140.2, 0.635684, 0, 0, 0, 100, 0);
REPLACE INTO `waypoint_data` (`id`, `point`, `position_x`, `position_y`, `position_z`, `orientation`, `delay`, `move_type`, `action`, `action_chance`, `wpguid`) VALUES (4590600, 7, -2169.19, 5118.52, 4140.2, 0.631757, 0, 0, 0, 100, 0);
REPLACE INTO `waypoint_data` (`id`, `point`, `position_x`, `position_y`, `position_z`, `orientation`, `delay`, `move_type`, `action`, `action_chance`, `wpguid`) VALUES (4590600, 8, -2151.43, 5130.96, 4140.2, 0.600341, 0, 0, 0, 100, 0);
REPLACE INTO `waypoint_data` (`id`, `point`, `position_x`, `position_y`, `position_z`, `orientation`, `delay`, `move_type`, `action`, `action_chance`, `wpguid`) VALUES (4590600, 9, -2159.37, 5124.89, 4140.2, 3.73016, 0, 0, 0, 100, 0);
REPLACE INTO `waypoint_data` (`id`, `point`, `position_x`, `position_y`, `position_z`, `orientation`, `delay`, `move_type`, `action`, `action_chance`, `wpguid`) VALUES (4590600, 10, -2171.97, 5116.26, 4140.2, 3.75765, 0, 0, 0, 100, 0);
REPLACE INTO `waypoint_data` (`id`, `point`, `position_x`, `position_y`, `position_z`, `orientation`, `delay`, `move_type`, `action`, `action_chance`, `wpguid`) VALUES (4590600, 11, -2182.51, 5108.71, 4140.2, 3.78513, 0, 0, 0, 100, 0);
REPLACE INTO `waypoint_data` (`id`, `point`, `position_x`, `position_y`, `position_z`, `orientation`, `delay`, `move_type`, `action`, `action_chance`, `wpguid`) VALUES (4590600, 12, -2191.92, 5101.84, 4141.04, 3.38458, 0, 0, 0, 100, 0);
REPLACE INTO `waypoint_data` (`id`, `point`, `position_x`, `position_y`, `position_z`, `orientation`, `delay`, `move_type`, `action`, `action_chance`, `wpguid`) VALUES (4590600, 13, -2205.36, 5100.83, 4141.63, 3.19609, 0, 0, 0, 100, 0);
REPLACE INTO `waypoint_data` (`id`, `point`, `position_x`, `position_y`, `position_z`, `orientation`, `delay`, `move_type`, `action`, `action_chance`, `wpguid`) VALUES (4590600, 14, -2221.25, 5100.05, 4141.72, 3.16467, 0, 0, 0, 100, 0);
REPLACE INTO `waypoint_data` (`id`, `point`, `position_x`, `position_y`, `position_z`, `orientation`, `delay`, `move_type`, `action`, `action_chance`, `wpguid`) VALUES (4590600, 15, -2233.03, 5104.37, 4140.04, 2.46959, 0, 0, 0, 100, 0);
REPLACE INTO `waypoint_data` (`id`, `point`, `position_x`, `position_y`, `position_z`, `orientation`, `delay`, `move_type`, `action`, `action_chance`, `wpguid`) VALUES (4590600, 16, -2244.64, 5113.5, 4140.04, 2.47352, 0, 0, 0, 100, 0);
REPLACE INTO `waypoint_data` (`id`, `point`, `position_x`, `position_y`, `position_z`, `orientation`, `delay`, `move_type`, `action`, `action_chance`, `wpguid`) VALUES (4590600, 17, -2253.84, 5120.48, 4140.04, 2.48923, 0, 0, 0, 100, 0);
REPLACE INTO `waypoint_data` (`id`, `point`, `position_x`, `position_y`, `position_z`, `orientation`, `delay`, `move_type`, `action`, `action_chance`, `wpguid`) VALUES (4590740, 1, -2148.06, 5231.36, 4126.6, 1.627, 0, 0, 0, 100, 0);
REPLACE INTO `waypoint_data` (`id`, `point`, `position_x`, `position_y`, `position_z`, `orientation`, `delay`, `move_type`, `action`, `action_chance`, `wpguid`) VALUES (4590740, 2, -2149.61, 5241.21, 4126.6, 1.86655, 0, 0, 0, 100, 0);
REPLACE INTO `waypoint_data` (`id`, `point`, `position_x`, `position_y`, `position_z`, `orientation`, `delay`, `move_type`, `action`, `action_chance`, `wpguid`) VALUES (4590740, 3, -2154.66, 5252.55, 4126.6, 2.08646, 0, 0, 0, 100, 0);
REPLACE INTO `waypoint_data` (`id`, `point`, `position_x`, `position_y`, `position_z`, `orientation`, `delay`, `move_type`, `action`, `action_chance`, `wpguid`) VALUES (4590740, 4, -2159.76, 5261.9, 4126.6, 2.04326, 0, 0, 0, 100, 0);
REPLACE INTO `waypoint_data` (`id`, `point`, `position_x`, `position_y`, `position_z`, `orientation`, `delay`, `move_type`, `action`, `action_chance`, `wpguid`) VALUES (4590740, 5, -2155.85, 5256.55, 4126.6, 5.25947, 0, 0, 0, 100, 0);
REPLACE INTO `waypoint_data` (`id`, `point`, `position_x`, `position_y`, `position_z`, `orientation`, `delay`, `move_type`, `action`, `action_chance`, `wpguid`) VALUES (4590740, 6, -2149.29, 5244.07, 4126.6, 5.04742, 0, 0, 0, 100, 0);
REPLACE INTO `waypoint_data` (`id`, `point`, `position_x`, `position_y`, `position_z`, `orientation`, `delay`, `move_type`, `action`, `action_chance`, `wpguid`) VALUES (4590740, 7, -2145.89, 5232.25, 4126.6, 4.90212, 0, 0, 0, 100, 0);
REPLACE INTO `waypoint_data` (`id`, `point`, `position_x`, `position_y`, `position_z`, `orientation`, `delay`, `move_type`, `action`, `action_chance`, `wpguid`) VALUES (4590740, 8, -2144.86, 5219.38, 4126.6, 4.63902, 0, 0, 0, 100, 0);
REPLACE INTO `waypoint_data` (`id`, `point`, `position_x`, `position_y`, `position_z`, `orientation`, `delay`, `move_type`, `action`, `action_chance`, `wpguid`) VALUES (4590740, 9, -2146.9, 5209.47, 4126.6, 4.43089, 0, 0, 0, 100, 0);
REPLACE INTO `waypoint_data` (`id`, `point`, `position_x`, `position_y`, `position_z`, `orientation`, `delay`, `move_type`, `action`, `action_chance`, `wpguid`) VALUES (4590740, 10, -2150.52, 5199.18, 4126.59, 4.39948, 0, 0, 0, 100, 0);
REPLACE INTO `waypoint_data` (`id`, `point`, `position_x`, `position_y`, `position_z`, `orientation`, `delay`, `move_type`, `action`, `action_chance`, `wpguid`) VALUES (4590740, 11, -2149.91, 5204.92, 4126.6, 1.48958, 0, 0, 0, 100, 0);
REPLACE INTO `waypoint_data` (`id`, `point`, `position_x`, `position_y`, `position_z`, `orientation`, `delay`, `move_type`, `action`, `action_chance`, `wpguid`) VALUES (4590740, 12, -2148.69, 5220, 4126.6, 1.50921, 0, 0, 0, 100, 0);
REPLACE INTO `waypoint_data` (`id`, `point`, `position_x`, `position_y`, `position_z`, `orientation`, `delay`, `move_type`, `action`, `action_chance`, `wpguid`) VALUES (4590780, 1, -2104.88, 5163.5, 4140.02, 0.66081, 0, 0, 0, 100, 0);
REPLACE INTO `waypoint_data` (`id`, `point`, `position_x`, `position_y`, `position_z`, `orientation`, `delay`, `move_type`, `action`, `action_chance`, `wpguid`) VALUES (4590780, 2, -2066.33, 5195.42, 4140.02, 0.723642, 0, 0, 0, 100, 0);
REPLACE INTO `waypoint_data` (`id`, `point`, `position_x`, `position_y`, `position_z`, `orientation`, `delay`, `move_type`, `action`, `action_chance`, `wpguid`) VALUES (4590780, 3, -2105.6, 5162.93, 4140.02, 3.81418, 0, 0, 0, 100, 0);
REPLACE INTO `waypoint_data` (`id`, `point`, `position_x`, `position_y`, `position_z`, `orientation`, `delay`, `move_type`, `action`, `action_chance`, `wpguid`) VALUES (4591050, 1, -2302.39, 5204.98, 4128.42, 5.25545, 0, 0, 0, 100, 0);
REPLACE INTO `waypoint_data` (`id`, `point`, `position_x`, `position_y`, `position_z`, `orientation`, `delay`, `move_type`, `action`, `action_chance`, `wpguid`) VALUES (4591050, 2, -2297.94, 5198.09, 4127.85, 5.24367, 0, 0, 0, 100, 0);
REPLACE INTO `waypoint_data` (`id`, `point`, `position_x`, `position_y`, `position_z`, `orientation`, `delay`, `move_type`, `action`, `action_chance`, `wpguid`) VALUES (4591050, 3, -2293.12, 5189.61, 4128.23, 5.20048, 0, 0, 0, 100, 0);
REPLACE INTO `waypoint_data` (`id`, `point`, `position_x`, `position_y`, `position_z`, `orientation`, `delay`, `move_type`, `action`, `action_chance`, `wpguid`) VALUES (4591050, 4, -2288.73, 5181.33, 4127.25, 5.20833, 0, 0, 0, 100, 0);
REPLACE INTO `waypoint_data` (`id`, `point`, `position_x`, `position_y`, `position_z`, `orientation`, `delay`, `move_type`, `action`, `action_chance`, `wpguid`) VALUES (4591050, 5, -2289.95, 5182.19, 4127.32, 2.01962, 0, 0, 0, 100, 0);
REPLACE INTO `waypoint_data` (`id`, `point`, `position_x`, `position_y`, `position_z`, `orientation`, `delay`, `move_type`, `action`, `action_chance`, `wpguid`) VALUES (4591050, 6, -2294.27, 5191.5, 4128.25, 2.00784, 0, 0, 0, 100, 0);
REPLACE INTO `waypoint_data` (`id`, `point`, `position_x`, `position_y`, `position_z`, `orientation`, `delay`, `move_type`, `action`, `action_chance`, `wpguid`) VALUES (4591050, 7, -2298.15, 5199.32, 4128.01, 2.05496, 0, 0, 0, 100, 0);
REPLACE INTO `waypoint_data` (`id`, `point`, `position_x`, `position_y`, `position_z`, `orientation`, `delay`, `move_type`, `action`, `action_chance`, `wpguid`) VALUES (4591050, 8, -2302.79, 5207.45, 4128.27, 2.10601, 0, 0, 0, 100, 0);
REPLACE INTO `waypoint_data` (`id`, `point`, `position_x`, `position_y`, `position_z`, `orientation`, `delay`, `move_type`, `action`, `action_chance`, `wpguid`) VALUES (4591050, 9, -2309.33, 5217.44, 4128.08, 2.10601, 0, 0, 0, 100, 0);
REPLACE INTO `waypoint_data` (`id`, `point`, `position_x`, `position_y`, `position_z`, `orientation`, `delay`, `move_type`, `action`, `action_chance`, `wpguid`) VALUES (4591080, 1, -2270.81, 5210.24, 4126.5, 1.66236, 0, 0, 0, 100, 0);
REPLACE INTO `waypoint_data` (`id`, `point`, `position_x`, `position_y`, `position_z`, `orientation`, `delay`, `move_type`, `action`, `action_chance`, `wpguid`) VALUES (4591080, 2, -2270.55, 5218.28, 4126.5, 1.39533, 0, 0, 0, 100, 0);
REPLACE INTO `waypoint_data` (`id`, `point`, `position_x`, `position_y`, `position_z`, `orientation`, `delay`, `move_type`, `action`, `action_chance`, `wpguid`) VALUES (4591080, 3, -2267.56, 5227.8, 4126.5, 1.19112, 0, 0, 0, 100, 0);
REPLACE INTO `waypoint_data` (`id`, `point`, `position_x`, `position_y`, `position_z`, `orientation`, `delay`, `move_type`, `action`, `action_chance`, `wpguid`) VALUES (4591080, 4, -2264.49, 5234.99, 4126.5, 1.16364, 0, 0, 0, 100, 0);
REPLACE INTO `waypoint_data` (`id`, `point`, `position_x`, `position_y`, `position_z`, `orientation`, `delay`, `move_type`, `action`, `action_chance`, `wpguid`) VALUES (4591080, 5, -2260.57, 5244.07, 4126.48, 1.15971, 0, 0, 0, 100, 0);
REPLACE INTO `waypoint_data` (`id`, `point`, `position_x`, `position_y`, `position_z`, `orientation`, `delay`, `move_type`, `action`, `action_chance`, `wpguid`) VALUES (4591080, 6, -2254.42, 5258.19, 4126.45, 1.15971, 0, 0, 0, 100, 0);
REPLACE INTO `waypoint_data` (`id`, `point`, `position_x`, `position_y`, `position_z`, `orientation`, `delay`, `move_type`, `action`, `action_chance`, `wpguid`) VALUES (4591080, 7, -2259.94, 5246.24, 4126.48, 4.20706, 0, 0, 0, 100, 0);
REPLACE INTO `waypoint_data` (`id`, `point`, `position_x`, `position_y`, `position_z`, `orientation`, `delay`, `move_type`, `action`, `action_chance`, `wpguid`) VALUES (4591080, 8, -2266.33, 5233.81, 4126.5, 4.30523, 0, 0, 0, 100, 0);
REPLACE INTO `waypoint_data` (`id`, `point`, `position_x`, `position_y`, `position_z`, `orientation`, `delay`, `move_type`, `action`, `action_chance`, `wpguid`) VALUES (4591080, 9, -2270.65, 5219.36, 4126.5, 4.59189, 0, 0, 0, 100, 0);
REPLACE INTO `waypoint_data` (`id`, `point`, `position_x`, `position_y`, `position_z`, `orientation`, `delay`, `move_type`, `action`, `action_chance`, `wpguid`) VALUES (4591080, 10, -2269.53, 5207.86, 4126.5, 5.09847, 0, 0, 0, 100, 0);
REPLACE INTO `waypoint_data` (`id`, `point`, `position_x`, `position_y`, `position_z`, `orientation`, `delay`, `move_type`, `action`, `action_chance`, `wpguid`) VALUES (4591080, 11, -2263.59, 5194.49, 4126.5, 5.18093, 0, 0, 0, 100, 0);
REPLACE INTO `waypoint_data` (`id`, `point`, `position_x`, `position_y`, `position_z`, `orientation`, `delay`, `move_type`, `action`, `action_chance`, `wpguid`) VALUES (4591080, 12, -2260.58, 5188.54, 4126.5, 5.18093, 0, 0, 0, 100, 0);
REPLACE INTO `waypoint_data` (`id`, `point`, `position_x`, `position_y`, `position_z`, `orientation`, `delay`, `move_type`, `action`, `action_chance`, `wpguid`) VALUES (4591080, 13, -2261.82, 5191.47, 4126.5, 2.09039, 0, 0, 0, 100, 0);
REPLACE INTO `waypoint_data` (`id`, `point`, `position_x`, `position_y`, `position_z`, `orientation`, `delay`, `move_type`, `action`, `action_chance`, `wpguid`) VALUES (4591080, 14, -2269.03, 5206.34, 4126.5, 1.84692, 0, 0, 0, 100, 0);
REPLACE INTO `waypoint_data` (`id`, `point`, `position_x`, `position_y`, `position_z`, `orientation`, `delay`, `move_type`, `action`, `action_chance`, `wpguid`) VALUES (4591370, 1, -2214.83, 5364.37, 4140.13, 2.41232, 0, 0, 0, 100, 0);
REPLACE INTO `waypoint_data` (`id`, `point`, `position_x`, `position_y`, `position_z`, `orientation`, `delay`, `move_type`, `action`, `action_chance`, `wpguid`) VALUES (4591370, 2, -2244.37, 5390.77, 4140.13, 2.7736, 0, 0, 0, 100, 0);
REPLACE INTO `waypoint_data` (`id`, `point`, `position_x`, `position_y`, `position_z`, `orientation`, `delay`, `move_type`, `action`, `action_chance`, `wpguid`) VALUES (4591370, 3, -2210.71, 5361.91, 4140.13, 5.47538, 0, 0, 0, 100, 0);
REPLACE INTO `waypoint_data` (`id`, `point`, `position_x`, `position_y`, `position_z`, `orientation`, `delay`, `move_type`, `action`, `action_chance`, `wpguid`) VALUES (4591380, 1, -2202.47, 5364.15, 4140.13, 0.762982, 0, 0, 0, 100, 0);
REPLACE INTO `waypoint_data` (`id`, `point`, `position_x`, `position_y`, `position_z`, `orientation`, `delay`, `move_type`, `action`, `action_chance`, `wpguid`) VALUES (4591380, 2, -2163.97, 5394.36, 4140.13, 0.641246, 0, 0, 0, 100, 0);
REPLACE INTO `waypoint_data` (`id`, `point`, `position_x`, `position_y`, `position_z`, `orientation`, `delay`, `move_type`, `action`, `action_chance`, `wpguid`) VALUES (4591380, 3, -2204.94, 5361.78, 4140.13, 3.96348, 0, 0, 0, 100, 0);

REPLACE INTO `creature` (`guid`, `id`, `map`, `zoneId`, `areaId`, `spawnDifficulties`, `phaseUseFlags`, `PhaseId`, `PhaseGroup`, `terrainSwapMap`, `modelid`, `equipment_id`, `position_x`, `position_y`, `position_z`, `orientation`, `spawntimesecs`, `wander_distance`, `currentwaypoint`, `curhealth`, `curmana`, `MovementType`, `npcflag`, `unit_flags`, `unit_flags2`, `unit_flags3`, `dynamicflags`, `ScriptName`, `VerifiedBuild`) VALUES (459060, 164562, 2287, 12831, 12831, '1,2,23,8', 0, 0, 0, -1, 0, 1, -2257.25, 5123.67, 4140.07, 2.42467, 7200, 0, 0, 35874, 100, 2, 0, 0, 0, 0, 0, '', 44325);
REPLACE INTO `creature` (`guid`, `id`, `map`, `zoneId`, `areaId`, `spawnDifficulties`, `phaseUseFlags`, `PhaseId`, `PhaseGroup`, `terrainSwapMap`, `modelid`, `equipment_id`, `position_x`, `position_y`, `position_z`, `orientation`, `spawntimesecs`, `wander_distance`, `currentwaypoint`, `curhealth`, `curmana`, `MovementType`, `npcflag`, `unit_flags`, `unit_flags2`, `unit_flags3`, `dynamicflags`, `ScriptName`, `VerifiedBuild`) VALUES (459074, 164562, 2287, 12831, 12831, '1,2,23,8', 0, 0, 0, -1, 0, 1, -2148.81, 5234.04, 4126.69, 4.73775, 7200, 10, 0, 35874, 100, 2, 0, 0, 0, 0, 0, '', 44325);
REPLACE INTO `creature` (`guid`, `id`, `map`, `zoneId`, `areaId`, `spawnDifficulties`, `phaseUseFlags`, `PhaseId`, `PhaseGroup`, `terrainSwapMap`, `modelid`, `equipment_id`, `position_x`, `position_y`, `position_z`, `orientation`, `spawntimesecs`, `wander_distance`, `currentwaypoint`, `curhealth`, `curmana`, `MovementType`, `npcflag`, `unit_flags`, `unit_flags2`, `unit_flags3`, `dynamicflags`, `ScriptName`, `VerifiedBuild`) VALUES (459078, 164562, 2287, 12831, 12831, '1,2,23,8', 0, 0, 0, -1, 0, 1, -2105.11, 5163.34, 4140.14, 0.672082, 7200, 0, 0, 35874, 100, 2, 0, 0, 0, 0, 0, '', 44325);
REPLACE INTO `creature` (`guid`, `id`, `map`, `zoneId`, `areaId`, `spawnDifficulties`, `phaseUseFlags`, `PhaseId`, `PhaseGroup`, `terrainSwapMap`, `modelid`, `equipment_id`, `position_x`, `position_y`, `position_z`, `orientation`, `spawntimesecs`, `wander_distance`, `currentwaypoint`, `curhealth`, `curmana`, `MovementType`, `npcflag`, `unit_flags`, `unit_flags2`, `unit_flags3`, `dynamicflags`, `ScriptName`, `VerifiedBuild`) VALUES (459105, 164562, 2287, 12831, 12831, '1,2,23,8', 0, 0, 0, -1, 0, 1, -2309.87, 5219, 4128.3, 2.17072, 7200, 10, 0, 35874, 100, 2, 0, 0, 0, 0, 0, '', 44325);
REPLACE INTO `creature` (`guid`, `id`, `map`, `zoneId`, `areaId`, `spawnDifficulties`, `phaseUseFlags`, `PhaseId`, `PhaseGroup`, `terrainSwapMap`, `modelid`, `equipment_id`, `position_x`, `position_y`, `position_z`, `orientation`, `spawntimesecs`, `wander_distance`, `currentwaypoint`, `curhealth`, `curmana`, `MovementType`, `npcflag`, `unit_flags`, `unit_flags2`, `unit_flags3`, `dynamicflags`, `ScriptName`, `VerifiedBuild`) VALUES (459108, 164562, 2287, 12831, 12831, '1,2,23,8', 0, 0, 0, -1, 0, 1, -2270.48, 5208.83, 4126.6, 2.04124, 7200, 10, 0, 35874, 100, 2, 0, 0, 0, 0, 0, '', 44325);
REPLACE INTO `creature` (`guid`, `id`, `map`, `zoneId`, `areaId`, `spawnDifficulties`, `phaseUseFlags`, `PhaseId`, `PhaseGroup`, `terrainSwapMap`, `modelid`, `equipment_id`, `position_x`, `position_y`, `position_z`, `orientation`, `spawntimesecs`, `wander_distance`, `currentwaypoint`, `curhealth`, `curmana`, `MovementType`, `npcflag`, `unit_flags`, `unit_flags2`, `unit_flags3`, `dynamicflags`, `ScriptName`, `VerifiedBuild`) VALUES (459137, 167607, 2287, 12831, 12831, '1,2,23,8', 0, 0, 0, -1, 0, 0, -2211.57, 5361.82, 4140.21, 5.48847, 7200, 0, 0, 86320, 0, 2, 0, 0, 0, 0, 0, '', 44325);
REPLACE INTO `creature` (`guid`, `id`, `map`, `zoneId`, `areaId`, `spawnDifficulties`, `phaseUseFlags`, `PhaseId`, `PhaseGroup`, `terrainSwapMap`, `modelid`, `equipment_id`, `position_x`, `position_y`, `position_z`, `orientation`, `spawntimesecs`, `wander_distance`, `currentwaypoint`, `curhealth`, `curmana`, `MovementType`, `npcflag`, `unit_flags`, `unit_flags2`, `unit_flags3`, `dynamicflags`, `ScriptName`, `VerifiedBuild`) VALUES (459138, 167607, 2287, 12831, 12831, '1,2,23,8', 0, 0, 0, -1, 0, 0, -2205.09, 5360.78, 4140.21, 4.02767, 7200, 0, 0, 86320, 0, 2, 0, 0, 0, 0, 0, '', 44325);

REPLACE INTO `creature_formations` (`leaderGUID`, `memberGUID`, `dist`, `angle`, `groupAI`, `point_1`, `point_2`) VALUES (459060, 459048, 4.92759, 47.6666, 515, 0, 0);
REPLACE INTO `creature_formations` (`leaderGUID`, `memberGUID`, `dist`, `angle`, `groupAI`, `point_1`, `point_2`) VALUES (459060, 459058, 4.66544, -47.2976, 515, 0, 0);
REPLACE INTO `creature_formations` (`leaderGUID`, `memberGUID`, `dist`, `angle`, `groupAI`, `point_1`, `point_2`) VALUES (459060, 459060, 0.347346, 147.995, 515, 0, 0);
REPLACE INTO `creature_formations` (`leaderGUID`, `memberGUID`, `dist`, `angle`, `groupAI`, `point_1`, `point_2`) VALUES (459074, 459067, 6.88511, -31.722, 515, 0, 0);
REPLACE INTO `creature_formations` (`leaderGUID`, `memberGUID`, `dist`, `angle`, `groupAI`, `point_1`, `point_2`) VALUES (459074, 459074, 5.33882, -234.406, 515, 0, 0);
REPLACE INTO `creature_formations` (`leaderGUID`, `memberGUID`, `dist`, `angle`, `groupAI`, `point_1`, `point_2`) VALUES (459105, 459075, 5.61721, -25.0605, 515, 0, 0);
REPLACE INTO `creature_formations` (`leaderGUID`, `memberGUID`, `dist`, `angle`, `groupAI`, `point_1`, `point_2`) VALUES (459078, 459078, 0.0691983, 237.469, 515, 0, 0);
REPLACE INTO `creature_formations` (`leaderGUID`, `memberGUID`, `dist`, `angle`, `groupAI`, `point_1`, `point_2`) VALUES (459105, 459081, 5.43232, 36.556, 515, 0, 0);
REPLACE INTO `creature_formations` (`leaderGUID`, `memberGUID`, `dist`, `angle`, `groupAI`, `point_1`, `point_2`) VALUES (459078, 459092, 5.23387, 40.4752, 515, 0, 0);
REPLACE INTO `creature_formations` (`leaderGUID`, `memberGUID`, `dist`, `angle`, `groupAI`, `point_1`, `point_2`) VALUES (459074, 459093, 6.2279, 33.0324, 515, 0, 0);
REPLACE INTO `creature_formations` (`leaderGUID`, `memberGUID`, `dist`, `angle`, `groupAI`, `point_1`, `point_2`) VALUES (459078, 459096, 5.14649, 314.551, 515, 0, 0);
REPLACE INTO `creature_formations` (`leaderGUID`, `memberGUID`, `dist`, `angle`, `groupAI`, `point_1`, `point_2`) VALUES (459105, 459105, 5.61863, 9.97466, 515, 0, 0);
REPLACE INTO `creature_formations` (`leaderGUID`, `memberGUID`, `dist`, `angle`, `groupAI`, `point_1`, `point_2`) VALUES (459108, 459106, 6.18401, -33.1141, 515, 0, 0);
REPLACE INTO `creature_formations` (`leaderGUID`, `memberGUID`, `dist`, `angle`, `groupAI`, `point_1`, `point_2`) VALUES (459108, 459108, 4.28699, 193.896, 515, 0, 0);
REPLACE INTO `creature_formations` (`leaderGUID`, `memberGUID`, `dist`, `angle`, `groupAI`, `point_1`, `point_2`) VALUES (459108, 459109, 6.01284, 36.4168, 515, 0, 0);
