-- sniffed areatriggers
INSERT ignore INTO `areatrigger_template` (`Id`, `IsServerSide`, `Type`, `Flags`, `Data0`, `Data1`, `Data2`, `Data3`, `Data4`, `Data5`, `VerifiedBuild`) VALUES
(27781, 0, 0, 2, 3, 20, 0, 0, 0, 0, 44061),
(11266, 0, 0, 0, 6, 6, 0, 0, 0, 0, 44061),
(10665, 0, 0, 0, 6, 6, 0, 0, 0, 0, 44061),
(24357, 0, 0, 0, 6, 6, 0, 0, 0, 0, 44061),
(27806, 0, 0, 0, 2, 2, 0, 0, 0, 0, 44061),
(28443, 0, 0, 0, 1, 1, 0, 0, 0, 0, 44061),
(27706, 0, 3, 0, 0, 0, 0, 0, 0, 0, 44061),
(24455, 0, 0, 16, 3, 3, 0, 0, 0, 0, 44061),
(8352, 0, 0, 0, 8, 8, 0, 0, 0, 0, 44061),
(24355, 0, 0, 0, 10, 10, 0, 0, 0, 0, 44061),
(11420, 0, 0, 4, 8, 8, 0, 0, 0, 0, 44061),
(23992, 0, 0, 66, 3, 3, 0, 0, 0, 0, 44061),
(9225, 0, 0, 0, 8, 8, 0, 0, 0, 0, 44061),
(3841, 0, 4, 0, 8, 8, 10, 10, 5, 5, 44061),
(9181, 0, 4, 0, 3, 3, 4, 4, 1, 1, 44061),
(27415, 0, 0, 0, 1, 1, 0, 0, 0, 0, 44061),
(27840, 0, 0, 1040, 3, 3, 0, 0, 0, 0, 44061),
(7020, 0, 0, 0, 3, 3, 0, 0, 0, 0, 44061),
(3319, 0, 0, 0, 3, 3, 0, 0, 0, 0, 44061),
(23556, 0, 0, 0, 5, 5, 0, 0, 0, 0, 44061),
(11231, 0, 0, 0, 10, 10, 0, 0, 0, 0, 44061),
(10727, 0, 0, 0, 8, 8, 0, 0, 0, 0, 44061),
(11203, 0, 0, 0, 8, 8, 0, 0, 0, 0, 44061),
(25732, 0, 0, 4, 10, 10, 0, 0, 0, 0, 44061),
(24349, 0, 0, 2, 3, 3, 0, 0, 0, 0, 44061),
(21114, 0, 0, 4, 150, 150, 0, 0, 0, 0, 44061),
(21138, 0, 0, 16, 1.5, 1.5, 0, 0, 0, 0, 44061),
(19401, 0, 0, 0, 8, 8, 0, 0, 0, 0, 44061),
(21004, 0, 0, 4, 3.25, 3.25, 0, 0, 0, 0, 44061),
(21005, 0, 0, 0, 3.65000009536743164, 3.65000009536743164, 0, 0, 0, 0, 44061),
(7813, 0, 0, 0, 1, 1, 0, 0, 0, 0, 44061),
(12740, 0, 0, 24, 8.5, 8.5, 0, 0, 0, 0, 44061),
(26070, 0, 0, 4, 45, 45, 0, 0, 0, 0, 44061),
(23950, 0, 1, 0, 0.75, 8.5, 5, 0.75, 8.5, 5, 44061),
(25075, 0, 0, 4, 8, 8, 0, 0, 0, 0, 44061),
(25071, 0, 0, 4, 8, 8, 0, 0, 0, 0, 44061),
(25072, 0, 0, 4, 8, 8, 0, 0, 0, 0, 44061),
(25073, 0, 0, 4, 8, 8, 0, 0, 0, 0, 44061),
(25066, 0, 0, 4, 8, 8, 0, 0, 0, 0, 44061),
(25065, 0, 0, 4, 8, 8, 0, 0, 0, 0, 44061),
(25068, 0, 0, 4, 8, 8, 0, 0, 0, 0, 44061),
(25067, 0, 0, 4, 8, 8, 0, 0, 0, 0, 44061),
(27711, 0, 0, 0, 3, 3, 0, 0, 0, 0, 44061),
(10714, 0, 0, 0, 8, 8, 0, 0, 0, 0, 44061),
(23820, 0, 1, 16, 2.5, 3, 3, 2.5, 3, 3, 44061),
(26042, 0, 4, 0, 6, 6, 4, 4, 0.300000011920928955, 0.300000011920928955, 44061),
(26038, 0, 0, 0, 4, 4, 0, 0, 0, 0, 44061),
(27454, 0, 3, 0, 0, 0, 0, 0, 0, 0, 44061),
(27776, 0, 3, 0, 0, 0, 0, 0, 0, 0, 44061),
(27777, 0, 3, 0, 0, 0, 0, 0, 0, 0, 44061),
(27773, 0, 3, 0, 0, 0, 0, 0, 0, 0, 44061),
(27655, 0, 3, 0, 0, 0, 0, 0, 0, 0, 44061),
(2947, 0, 0, 0, 8, 8, 0, 0, 0, 0, 44061),
(9228, 0, 0, 0, 8, 8, 0, 0, 0, 0, 44061),
(27669, 0, 0, 0, 3, 3, 0, 0, 0, 0, 44061),
(26096, 0, 3, 0, 0, 0, 0, 0, 0, 0, 44061),
(24351, 0, 0, 0, 2, 2, 0, 0, 0, 0, 44061),
(10133, 0, 0, 0, 8, 8, 0, 0, 0, 0, 44061),
(22375, 0, 0, 0, 8, 8, 0, 0, 0, 0, 44061),
(26236, 0, 0, 0, 5, 5, 0, 0, 0, 0, 44061),
(27690, 0, 0, 0, 1, 1, 0, 0, 0, 0, 44061),
(24310, 0, 0, 0, 12, 12, 0, 0, 0, 0, 44061),
(23453, 0, 0, 4, 10, 10, 0, 0, 0, 0, 44061),
(27775, 0, 3, 0, 0, 0, 0, 0, 0, 0, 44061),
(27774, 0, 3, 0, 0, 0, 0, 0, 0, 0, 44061),
(27851, 0, 4, 4, 11, 11, 4, 4, 0.300000011920928955, 0.300000011920928955, 44061),
(27767, 0, 0, 4, 3, 3, 0, 0, 0, 0, 44061),
(27583, 0, 0, 0, 2, 2, 0, 0, 0, 0, 44061);

INSERT ignore INTO `areatrigger_create_properties` (`Id`, `AreaTriggerId`, `MoveCurveId`, `ScaleCurveId`, `MorphCurveId`, `FacingCurveId`, `AnimId`, `AnimKitId`, `DecalPropertiesId`, `TimeToTarget`, `TimeToTargetScale`, `Shape`, `ShapeData0`, `ShapeData1`, `ShapeData2`, `ShapeData3`, `ShapeData4`, `ShapeData5`, `ShapeData6`, `ShapeData7`, `VerifiedBuild`) VALUES
(23505, 27781, 0, 0, 27463, 0, -1, 0, 423, 11310, 12500, 0, 3, 20, 0, 0, 0, 0, 0, 0, 44061), -- SpellId : 357704
(6710, 11266, 0, 0, 0, 0, -1, 0, 0, 0, 20000, 0, 6, 6, 0, 0, 0, 0, 0, 0, 44061), -- SpellId : 203795
(5977, 10665, 0, 0, 0, 0, -1, 0, 0, 0, 20000, 0, 6, 6, 0, 0, 0, 0, 0, 0, 44061), -- SpellId : 204255
(20462, 24357, 0, 0, 0, 0, -1, 0, 0, 0, 20000, 0, 6, 6, 0, 0, 0, 0, 0, 0, 44061), -- SpellId : 328957
(23538, 27806, 0, 0, 0, 0, -1, 0, 423, 0, 20000, 0, 2, 2, 0, 0, 0, 0, 0, 0, 44061), -- SpellId : 358031
(23537, 27806, 0, 0, 0, 0, -1, 0, 423, 0, 30000, 0, 4, 3, 0, 0, 0, 0, 0, 0, 44061), -- SpellId : 358033
(24391, 28443, 0, 0, 0, 0, -1, 0, 0, 0, 15000, 0, 1, 1, 0, 0, 0, 0, 0, 0, 44061), -- SpellId : 365455
(23582, 27706, 0, 0, 0, 0, -1, 0, 459, 0, 1000, 3, 0, 0, 0, 0, 0, 0, 0, 0, 44061), -- SpellId : 356913
(20575, 24455, 0, 0, 18044, 0, -1, 0, 0, 43881, 15000, 0, 3, 3, 0, 0, 0, 0, 0, 0, 44061), -- SpellId : 330606
(3680, 8352, 0, 0, 0, 0, -1, 0, 0, 0, 30000, 0, 8, 8, 0, 0, 0, 0, 0, 0, 44061), -- SpellId : 209693
(20460, 24355, 0, 0, 0, 0, -1, 0, 0, 0, 30000, 0, 10, 10, 0, 0, 0, 0, 0, 0, 44061), -- SpellId : 328951
(6917, 11420, 0, 0, 0, 0, -1, 0, 0, 0, 8000, 0, 8, 8, 0, 0, 0, 0, 0, 0, 44061), -- SpellId : 196770
(20058, 23992, 0, 0, 0, 0, -1, 0, 0, 280, 10000, 0, 3, 3, 0, 0, 0, 0, 0, 0, 44061), -- SpellId : 325507
(4485, 9225, 0, 0, 0, 0, -1, 0, 0, 0, 10000, 0, 8, 8, 0, 0, 0, 0, 0, 0, 44061), -- SpellId : 43265
(4436, 3841, 0, 0, 0, 0, -1, 0, 0, 0, 30000, 4, 8, 8, 10, 10, 5, 5, 0, 0, 44061), -- SpellId : 187700
(4435, 9181, 0, 0, 0, 0, -1, 0, 0, 0, 60000, 4, 3, 3, 4, 4, 1, 1, 0, 0, 44061), -- SpellId : 187699
(23044, 27415, 0, 0, 0, 0, -1, 0, 0, 0, 10000, 0, 1, 1, 0, 0, 0, 0, 0, 0, 44061), -- SpellId : 352916
(23573, 27840, 0, 0, 0, 0, -1, 0, 0, 12566, 6000, 0, 3, 3, 0, 0, 0, 0, 0, 0, 44061), -- SpellId : 358363
(2442, 7020, 0, 0, 0, 0, -1, 0, 0, 0, 120000, 0, 3, 3, 0, 0, 0, 0, 0, 0, 44061), -- SpellId : 163271
(383, 3319, 0, 0, 0, 0, -1, 0, 0, 0, 30000, 0, 3, 3, 0, 0, 0, 0, 0, 0, 44061), -- SpellId : 117032
(19583, 23556, 0, 0, 0, 0, -1, 0, 0, 0, 10000, 0, 5, 5, 0, 0, 0, 0, 0, 0, 44061), -- SpellId : 321660
(6659, 11231, 0, 0, 0, 0, -1, 0, 0, 0, 30000, 0, 10, 10, 0, 0, 0, 0, 0, 0, 44061), -- SpellId : 209788
(6039, 10727, 0, 0, 0, 0, -1, 0, 0, 0, 2000, 0, 8, 8, 0, 0, 0, 0, 0, 0, 44061), -- SpellId : 228973
(6615, 11203, 0, 0, 0, 0, -1, 0, 0, 0, 8000, 0, 8, 8, 0, 0, 0, 0, 0, 0, 44061), -- SpellId : 196718
(21469, 25732, 0, 0, 0, 0, -1, 0, 0, 0, 0, 0, 10, 10, 0, 0, 0, 0, 0, 0, 44061), -- SpellId : 339676
(20454, 24349, 0, 17855, 0, 0, -1, 0, 416, 0, 60000, 0, 3, 3, 0, 0, 0, 0, 0, 0, 44061), -- SpellId : 328875
(16741, 21114, 0, 0, 0, 0, -1, 0, 0, 0, 0, 0, 150, 150, 0, 0, 0, 0, 0, 0, 44061), -- SpellId : 296846
(16766, 21138, 0, 0, 0, 0, -1, 0, 0, 15000, 15000, 0, 1.5, 1.5, 0, 0, 0, 0, 0, 0, 44061), -- SpellId : 297047
(14745, 19401, 0, 0, 0, 0, -1, 0, 0, 0, 3000, 0, 8, 8, 0, 0, 0, 0, 0, 0, 44061), -- SpellId : 266142
(16620, 21004, 0, 0, 0, 0, -1, 0, 0, 0, 2000, 0, 3.25, 3.25, 0, 0, 0, 0, 0, 0, 44061), -- SpellId : 295932
(16621, 21005, 0, 0, 0, 0, -1, 0, 0, 0, 10000, 0, 3.65000009536743164, 3.65000009536743164, 0, 0, 0, 0, 0, 0, 44061), -- SpellId : 295944
(16619, 7813, 0, 0, 0, 0, -1, 0, 0, 500, 500, 0, 1, 1, 0, 0, 0, 0, 0, 0, 44061), -- SpellId : 295930
(8661, 12740, 0, 0, 0, 0, -1, 0, 0, 54095, 15000, 0, 8.5, 8.5, 0, 0, 0, 0, 0, 0, 44061), -- SpellId : 84714
(21867, 26070, 0, 0, 0, 0, -1, 0, 0, 0, 0, 0, 45, 45, 0, 0, 0, 0, 0, 0, 44061), -- SpellId : 343298
(20219, 23950, 0, 0, 0, 0, -1, 0, 0, 0, 1200, 1, 0.75, 8.5, 5, 0.75, 8.5, 5, 0, 0, 44061), -- SpellId : 326705
(20003, 23950, 0, 0, 0, 0, -1, 0, 0, 0, 1200, 1, 1, 14, 5, 1, 14, 5, 0, 0, 44061), -- SpellId : 325243
(20699, 25071, 0, 0, 0, 0, -1, 0, 0, 0, 0, 0, 8, 8, 0, 0, 0, 0, 0, 0, 44061), -- SpellId : 331803
(20703, 25075, 0, 0, 0, 0, -1, 0, 0, 0, 0, 0, 8, 8, 0, 0, 0, 0, 0, 0, 44061), -- SpellId : 331810
(20700, 25072, 0, 0, 0, 0, -1, 0, 0, 0, 0, 0, 8, 8, 0, 0, 0, 0, 0, 0, 44061), -- SpellId : 331806
(20701, 25073, 0, 0, 0, 0, -1, 0, 0, 0, 0, 0, 8, 8, 0, 0, 0, 0, 0, 0, 44061), -- SpellId : 331808
(20694, 25066, 0, 0, 0, 0, -1, 0, 0, 0, 0, 0, 8, 8, 0, 0, 0, 0, 0, 0, 44061), -- SpellId : 331787
(20693, 25065, 0, 0, 0, 0, -1, 0, 0, 0, 0, 0, 8, 8, 0, 0, 0, 0, 0, 0, 44061), -- SpellId : 331782
(20696, 25068, 0, 0, 0, 0, -1, 0, 0, 0, 0, 0, 8, 8, 0, 0, 0, 0, 0, 0, 44061), -- SpellId : 331790
(20695, 25067, 0, 0, 0, 0, -1, 0, 0, 0, 0, 0, 8, 8, 0, 0, 0, 0, 0, 0, 44061), -- SpellId : 331788
(23419, 27711, 0, 0, 0, 0, -1, 0, 0, 0, 15000, 0, 3, 3, 0, 0, 0, 0, 0, 0, 44061), -- SpellId : 356867
(6027, 10714, 0, 0, 0, 0, -1, 0, 0, 0, 1000, 0, 8, 8, 0, 0, 0, 0, 0, 0, 44061), -- SpellId : 202137
(19863, 23820, 0, 0, 0, 0, -1, 0, 0, 1000, 1000, 1, 2.5, 3, 3, 2.5, 3, 3, 0, 0, 44061), -- SpellId : 324183
(21832, 26042, 21753, 0, 0, 0, -1, 0, 0, 0, 1663, 4, 6, 6, 4, 4, 0.300000011920928955, 0.300000011920928955, 0, 0, 44061), -- SpellId : 342817
(21827, 26038, 0, 0, 0, 0, -1, 0, 0, 0, 18000, 0, 4, 4, 0, 0, 0, 0, 0, 0, 44061), -- SpellId : 342761
(23090, 27454, 0, 0, 0, 0, -1, 0, 0, 0, 0, 3, 0, 0, 0, 0, 0, 0, 0, 0, 44061), -- SpellId : 353847
(23500, 27776, 0, 0, 0, 0, -1, 0, 117, 0, 5000, 3, 0, 0, 0, 0, 0, 0, 0, 0, 44061), -- SpellId : 357643
(23501, 27777, 0, 0, 0, 0, -1, 0, 116, 0, 5000, 3, 0, 0, 0, 0, 0, 0, 0, 0, 44061), -- SpellId : 357644
(23499, 27773, 0, 0, 0, 0, -1, 0, 115, 0, 5000, 3, 0, 0, 0, 0, 0, 0, 0, 0, 44061), -- SpellId : 357640
(23468, 27655, 0, 0, 0, 0, -1, 0, 459, 0, 30000, 3, 0, 0, 0, 0, 0, 0, 0, 0, 44061), -- SpellId : 357364
(304, 2947, 0, 0, 0, 0, -1, 0, 0, 0, 12000, 0, 8, 8, 0, 0, 0, 0, 0, 0, 44061), -- SpellId : 116011
(4488, 9228, 0, 0, 0, 0, -1, 0, 0, 0, 12000, 0, 8, 8, 0, 0, 0, 0, 0, 0, 44061), -- SpellId : 26573
(23355, 27669, 0, 0, 0, 0, -1, 0, 459, 0, 30000, 0, 3, 3, 0, 0, 0, 0, 0, 0, 44061), -- SpellId : 356383
(21902, 26096, 0, 0, 0, 0, -1, 0, 0, 0, 15000, 3, 0, 0, 0, 0, 0, 0, 0, 0, 44061), -- SpellId : 343607
(20456, 24351, 0, 0, 0, 0, -1, 0, 0, 0, 20000, 0, 2, 2, 0, 0, 0, 0, 0, 0, 44061), -- SpellId : 328913
(5420, 10133, 0, 0, 0, 0, -1, 0, 0, 0, 5889, 0, 8, 8, 0, 0, 0, 0, 0, 0, 44061), -- SpellId : 5740
(18264, 22375, 0, 0, 0, 0, -1, 0, 0, 0, 2000, 0, 8, 8, 0, 0, 0, 0, 0, 0, 44061), -- SpellId : 327839
(22068, 26236, 0, 0, 0, 0, -1, 0, 0, 0, 8000, 0, 5, 5, 0, 0, 0, 0, 0, 0, 44061), -- SpellId : 345534
(23393, 27690, 0, 0, 0, 0, -1, 0, 0, 0, 0, 0, 1, 1, 0, 0, 0, 0, 0, 0, 44061), -- SpellId : 356653
(20410, 24310, 0, 0, 0, 0, -1, 0, 0, 0, 18000, 0, 12, 12, 0, 0, 0, 0, 0, 0, 44061), -- SpellId : 328837
(19471, 23453, 0, 0, 0, 0, -1, 0, 0, 0, 0, 0, 10, 10, 0, 0, 0, 0, 0, 0, 44061), -- SpellId : 320709
(2147841278, 27775, 0, 0, 0, 0, -1, 0, 116, 0, 5000, 3, 0, 0, 0, 0, 0, 0, 0, 0, 44061), -- SpellId : 357630 CANNOT FIND PROPERTIES ID, USED SPELL ID AS KEY (NEEDS MANUAL CORRECTION)
(23600, 27851, 0, 0, 0, 0, -1, 0, 0, 0, 8000, 4, 11, 11, 4, 4, 0.300000011920928955, 0.300000011920928955, 0, 0, 44061), -- SpellId : 358496
(23484, 27767, 0, 0, 0, 0, -1, 0, 0, 0, 1000, 0, 3, 3, 0, 0, 0, 0, 0, 0, 44061), -- SpellId : 357516
(23256, 27583, 0, 0, 0, 0, -1, 0, 417, 0, 20000, 0, 2, 2, 0, 0, 0, 0, 0, 0, 44061), -- SpellId : 355393
(23255, 27583, 0, 0, 0, 0, -1, 0, 417, 0, 30000, 0, 4, 3, 0, 0, 0, 0, 0, 0, 44061); -- SpellId : 355395
DELETE FROM `areatrigger_create_properties_orbit` WHERE `AreaTriggerCreatePropertiesId`=23573;
INSERT INTO `areatrigger_create_properties_orbit` (`AreaTriggerCreatePropertiesId`, `StartDelay`, `CircleRadius`, `BlendFromRadius`, `InitialAngle`, `ZOffset`, `CounterClockwise`, `CanLoop`, `VerifiedBuild`) VALUES
(23573, 0, 10, 0, 0, 0, 0, 0, 44061); -- SpellId : 358363

DELETE FROM `areatrigger_create_properties_polygon_vertex` WHERE (`AreaTriggerCreatePropertiesId`=23582 AND `Idx` IN (3,2,1,0)) OR (`AreaTriggerCreatePropertiesId`=23090 AND `Idx` IN (22,21,20,19,18,17,16,15,14,13,12,11,10,9,8,7,6,5,4,3,2,1,0)) OR (`AreaTriggerCreatePropertiesId`=23500 AND `Idx` IN (3,2,1,0)) OR (`AreaTriggerCreatePropertiesId`=23501 AND `Idx` IN (3,2,1,0)) OR (`AreaTriggerCreatePropertiesId`=23499 AND `Idx` IN (3,2,1,0)) OR (`AreaTriggerCreatePropertiesId`=23468 AND `Idx` IN (3,2,1,0)) OR (`AreaTriggerCreatePropertiesId`=21902 AND `Idx` IN (3,2,1,0)) OR (`AreaTriggerCreatePropertiesId`=2147841278 AND `Idx` IN (3,2,1,0));
INSERT INTO `areatrigger_create_properties_polygon_vertex` (`AreaTriggerCreatePropertiesId`, `Idx`, `VerticeX`, `VerticeY`, `VerticeTargetX`, `VerticeTargetY`, `VerifiedBuild`) VALUES
(23582, 3, 30, 7, NULL, NULL, 44061), -- SpellId : 356913
(23582, 2, 30, -7, NULL, NULL, 44061), -- SpellId : 356913
(23582, 1, -1, -4, NULL, NULL, 44061), -- SpellId : 356913
(23582, 0, -1, 4, NULL, NULL, 44061), -- SpellId : 356913
(23090, 22, 23.08642578125, 35.99658203125, NULL, NULL, 44061), -- SpellId : 353847
(23090, 21, 27.21142578125, 37.9921875, NULL, NULL, 44061), -- SpellId : 353847
(23090, 20, 35.21923828125, 33.255859375, NULL, NULL, 44061), -- SpellId : 353847
(23090, 19, 40.00390625, 25.646484375, NULL, NULL, 44061), -- SpellId : 353847
(23090, 18, 36.76513671875, 22.17333984375, NULL, NULL, 44061), -- SpellId : 353847
(23090, 17, 42.6728515625, 9.7705078125, NULL, NULL, 44061), -- SpellId : 353847
(23090, 16, 47.41259765625, 0.5908203125, NULL, NULL, 44061), -- SpellId : 353847
(23090, 15, 42.71533203125, -9.48388671875, NULL, NULL, 44061), -- SpellId : 353847
(23090, 14, 33.89453125, -34.6806640625, NULL, NULL, 44061), -- SpellId : 353847
(23090, 13, 10.82763671875, -43.17822265625, NULL, NULL, 44061), -- SpellId : 353847
(23090, 12, -0.09619140625, -48.58154296875, NULL, NULL, 44061), -- SpellId : 353847
(23090, 11, -6.75341796875, -44.14599609375, NULL, NULL, 44061), -- SpellId : 353847
(23090, 10, -21.51953125, -38.298828125, NULL, NULL, 44061), -- SpellId : 353847
(23090, 9, -32.43115234375, -34.06982421875, NULL, NULL, 44061), -- SpellId : 353847
(23090, 8, -36.53076171875, -23.91748046875, NULL, NULL, 44061), -- SpellId : 353847
(23090, 7, -40.46923828125, -11.52197265625, NULL, NULL, 44061), -- SpellId : 353847
(23090, 6, -47.4130859375, 0.00244140625, NULL, NULL, 44061), -- SpellId : 353847
(23090, 5, -42.25048828125, 6.318359375, NULL, NULL, 44061), -- SpellId : 353847
(23090, 4, -40.30419921875, 13.69775390625, NULL, NULL, 44061), -- SpellId : 353847
(23090, 3, -32.92578125, 32.49658203125, NULL, NULL, 44061), -- SpellId : 353847
(23090, 2, -9.26708984375, 40.8330078125, NULL, NULL, 44061), -- SpellId : 353847
(23090, 1, 1.77734375, 48.58154296875, NULL, NULL, 44061), -- SpellId : 353847
(23090, 0, 8.95361328125, 41.80810546875, NULL, NULL, 44061), -- SpellId : 353847
(23500, 3, 2, -2, NULL, NULL, 44061), -- SpellId : 357643
(23500, 2, 2, 2, NULL, NULL, 44061), -- SpellId : 357643
(23500, 1, 40, 15, NULL, NULL, 44061), -- SpellId : 357643
(23500, 0, 40, -15, NULL, NULL, 44061), -- SpellId : 357643
(23501, 3, 2, -2, NULL, NULL, 44061), -- SpellId : 357644
(23501, 2, 2, 2, NULL, NULL, 44061), -- SpellId : 357644
(23501, 1, 40, 15, NULL, NULL, 44061), -- SpellId : 357644
(23501, 0, 40, -15, NULL, NULL, 44061), -- SpellId : 357644
(23499, 3, 2, -2, NULL, NULL, 44061), -- SpellId : 357640
(23499, 2, 2, 2, NULL, NULL, 44061), -- SpellId : 357640
(23499, 1, 40, 15, NULL, NULL, 44061), -- SpellId : 357640
(23499, 0, 40, -15, NULL, NULL, 44061), -- SpellId : 357640
(23468, 3, 12, 4, NULL, NULL, 44061), -- SpellId : 357364
(23468, 2, 12, -4, NULL, NULL, 44061), -- SpellId : 357364
(23468, 1, -1, -2, NULL, NULL, 44061), -- SpellId : 357364
(23468, 0, -1, 2, NULL, NULL, 44061), -- SpellId : 357364
(21902, 3, 12, 8, NULL, NULL, 44061), -- SpellId : 343607
(21902, 2, 12, -8, NULL, NULL, 44061), -- SpellId : 343607
(21902, 1, -0.20000000298023223, -1.5, NULL, NULL, 44061), -- SpellId : 343607
(21902, 0, -0.20000000298023223, 1.5, NULL, NULL, 44061), -- SpellId : 343607
(2147841278, 3, 40, 10, NULL, NULL, 44061), -- SpellId : 357630 CANNOT FIND PROPERTIES ID, USED SPELL ID AS KEY (NEEDS MANUAL CORRECTION)
(2147841278, 2, 40, -10, NULL, NULL, 44061), -- SpellId : 357630 CANNOT FIND PROPERTIES ID, USED SPELL ID AS KEY (NEEDS MANUAL CORRECTION)
(2147841278, 1, 0, -1, NULL, NULL, 44061), -- SpellId : 357630 CANNOT FIND PROPERTIES ID, USED SPELL ID AS KEY (NEEDS MANUAL CORRECTION)
(2147841278, 0, 0, 1, NULL, NULL, 44061); -- SpellId : 357630 CANNOT FIND PROPERTIES ID; USED SPELL ID AS KEY (NEEDS MANUAL CORRECTION)


DELETE FROM `areatrigger_create_properties_spline_point` WHERE (`AreaTriggerCreatePropertiesId`=23505 AND `Idx` IN (17,16,15,14,13,12,11,10,9,8,7,6,5,4,3,2,1,0,23,22,21,20,19,18,24,25,26,27)) OR (`AreaTriggerCreatePropertiesId`=20575 AND `Idx` IN (17,16,15,14,13,12,11,10,9,8,7,6,5,4,3,2,1,0)) OR (`AreaTriggerCreatePropertiesId`=20058 AND `Idx` IN (3,2,1,0)) OR (`AreaTriggerCreatePropertiesId`=16766 AND `Idx` IN (15,14,13,12,11,10,9,8,7,6,5,4,3,2,1,0,17,16,18)) OR (`AreaTriggerCreatePropertiesId`=16619 AND `Idx` IN (3,2,1,0)) OR (`AreaTriggerCreatePropertiesId`=8661 AND `Idx` IN (18,17,16,15,14,13,12,11,10,9,8,7,6,5,4,3,2,1,0)) OR (`AreaTriggerCreatePropertiesId`=19863 AND `Idx` IN (11,10,9,8,7,6,5,4,3,2,1,0,12,18,17,16,15,14,13));
INSERT INTO `areatrigger_create_properties_spline_point` (`AreaTriggerCreatePropertiesId`, `Idx`, `X`, `Y`, `Z`, `VerifiedBuild`) VALUES
(23505, 17, -2.63135719299316406, 1.731304883956909179, 0, 44061), -- SpellId : 357704
(23505, 16, -2.63135719299316406, 1.731304883956909179, 0, 44061), -- SpellId : 357704
(23505, 15, -2.91576313972473144, 0.375915497541427612, 0, 44061), -- SpellId : 357704
(23505, 14, -2.60123610496520996, -0.82790178060531616, 0, 44061), -- SpellId : 357704
(23505, 13, -1.82334113121032714, -1.7397780418395996, 0, 44061), -- SpellId : 357704
(23505, 12, -0.80329096317291259, -2.16602325439453125, 0, 44061), -- SpellId : 357704
(23505, 11, 0.2069922536611557, -2.08979773521423339, 0, 44061), -- SpellId : 357704
(23505, 10, 0.963721513748168945, -1.62573564052581787, 0, 44061), -- SpellId : 357704
(23505, 9, 1.403418183326721191, -0.92354464530944824, 0, 44061), -- SpellId : 357704
(23505, 8, 1.458026289939880371, -0.18776109814643859, 0, 44061), -- SpellId : 357704
(23505, 7, 1.200855255126953125, 0.382178723812103271, 0, 44061), -- SpellId : 357704
(23505, 6, 0.759618520736694335, 0.72503674030303955, 0, 44061), -- SpellId : 357704
(23505, 5, 0.292229950428009033, 0.787663698196411132, 0, 44061), -- SpellId : 357704
(23505, 4, -0.06188248470425605, 0.626902222633361816, 0, 44061), -- SpellId : 357704
(23505, 3, -0.21424773335456848, 0.361338913440704345, 0, 44061), -- SpellId : 357704
(23505, 2, -0.17537532746791839, 0.115101739764213562, 0, 44061), -- SpellId : 357704
(23505, 1, -0, -0, 0, 44061), -- SpellId : 357704
(23505, 0, -0, -0, 0, 44061), -- SpellId : 357704
(23505, 23, -3.01281142234802246, 3.91368865966796875, 0.00048828125, 44061), -- SpellId : 357704
(23505, 22, -3.01281142234802246, 3.91368865966796875, 0.00048828125, 44061), -- SpellId : 357704
(23505, 21, -4.39960050582885742, 1.893069744110107421, 0.00048828125, 44061), -- SpellId : 357704
(23505, 20, -4.56990861892700195, -0.43311041593551635, 0.00048828125, 44061), -- SpellId : 357704
(23505, 19, -3.59602260589599609, -2.42101836204528808, 0.00048828125, 44061), -- SpellId : 357704
(23505, 18, -1.85048961639404296, -3.57977008819580078, 0.00048828125, 44061), -- SpellId : 357704
(23505, 24, 2.333281993865966796, 5.873671531677246093, 0, 44061), -- SpellId : 357704
(23505, 25, 3.676261425018310546, 0.166097715497016906, 0, 44061), -- SpellId : 357704
(23505, 26, 3.888727188110351562, 0.214284703135490417, 0, 44061), -- SpellId : 357704
(23505, 27, -2.05714106559753417, 5.499141216278076171, -0.00048828125, 44061), -- SpellId : 357704
(20575, 17, 0.37727057933807373, 45.18410491943359375, 0, 44061), -- SpellId : 330606
(20575, 16, 0.37727057933807373, 45.18410491943359375, 0, 44061), -- SpellId : 330606
(20575, 15, 24.94415473937988281, 33.8976287841796875, 0, 44061), -- SpellId : 330606
(20575, 14, 37.11158370971679687, 11.83830738067626953, 0, 44061), -- SpellId : 330606
(20575, 13, 34.00862884521484375, -11.3058862686157226, 0, 44061), -- SpellId : 330606
(20575, 12, 19.00094985961914062, -26.718149185180664, 0, 44061), -- SpellId : 330606
(20575, 11, -0.43046432733535766, -29.8115463256835937, 0, 44061), -- SpellId : 330606
(20575, 10, -16.2118167877197265, -21.4846076965332031, 0, 44061), -- SpellId : 330606
(20575, 9, -23.0111160278320312, -6.9835367202758789, 0, 44061), -- SpellId : 330606
(20575, 8, -20.0084915161132812, 6.890691757202148437, 0, 44061), -- SpellId : 330606
(20575, 7, -10.5300025939941406, 14.86207103729248046, 0, 44061), -- SpellId : 330606
(20575, 6, 0.054176628589630126, 15.18584442138671875, 0, 44061), -- SpellId : 330606
(20575, 5, 7.049999237060546875, 9.818441390991210937, 0, 44061), -- SpellId : 330606
(20575, 4, 8.481657028198242187, 2.87561798095703125, 0, 44061), -- SpellId : 330606
(20575, 3, 5.578874588012695312, -1.72864067554473876, 0, 44061), -- SpellId : 330606
(20575, 2, 1.629572629928588867, -2.25913619995117187, 0, 44061), -- SpellId : 330606
(20575, 1, -0.10737035423517227, 0.186714068055152893, 0, 44061), -- SpellId : 330606
(20575, 0, -0.10737035423517227, 0.186714068055152893, 0, 44061), -- SpellId : 330606
(20058, 3, -5.88412427902221679, 3.79140782356262207, 0, 44061), -- SpellId : 325507
(20058, 2, -5.88412427902221679, 3.79140782356262207, 0, 44061), -- SpellId : 325507
(20058, 1, 0, 0, 0, 44061), -- SpellId : 325507
(20058, 0, 0, 0, 0, 44061), -- SpellId : 325507
(16766, 15, 81.06557464599609375, 5.15164947509765625, 0.474759578704833984, 44061), -- SpellId : 297047
(16766, 14, 81.06557464599609375, 5.15164947509765625, 0.474759578704833984, 44061), -- SpellId : 297047
(16766, 13, 74.8804168701171875, 4.778447628021240234, 0.079190731048583984, 44061), -- SpellId : 297047
(16766, 12, 68.61623382568359375, 4.273983955383300781, 0.081011533737182617, 44061), -- SpellId : 297047
(16766, 11, 62.37845611572265625, 3.885699748992919921, 0.081011533737182617, 44061), -- SpellId : 297047
(16766, 10, 56.14046096801757812, 3.49646306037902832, 0.081011533737182617, 44061), -- SpellId : 297047
(16766, 9, 49.902679443359375, 3.10817885398864746, 0.081011533737182617, 44061), -- SpellId : 297047
(16766, 8, 43.66468048095703125, 2.718942165374755859, 0.068989366292953491, 44061), -- SpellId : 297047
(16766, 7, 37.42689895629882812, 2.330657958984375, 0.068989366292953491, 44061), -- SpellId : 297047
(16766, 6, 31.18890380859375, 1.941421389579772949, 0, 44061), -- SpellId : 297047
(16766, 5, 24.95112228393554687, 1.553137063980102539, 0, 44061), -- SpellId : 297047
(16766, 4, 18.71334266662597656, 1.164852857589721679, 0, 44061), -- SpellId : 297047
(16766, 3, 12.47556114196777343, 0.776568531990051269, 0, 44061), -- SpellId : 297047
(16766, 2, 6.237780570983886718, 0.388284265995025634, 0, 44061), -- SpellId : 297047
(16766, 1, -0, -0, 0, 44061), -- SpellId : 297047
(16766, 0, -0, -0, 0, 44061), -- SpellId : 297047
(16766, 17, 92.56067657470703125, 14.45117092132568359, 2.840735912322998046, 44061), -- SpellId : 297047
(16766, 16, 92.56067657470703125, 14.45117092132568359, 2.840735912322998046, 44061), -- SpellId : 297047
(16766, 18, 99.983245849609375, -1.43888652324676513, 0.210599422454833984, 44061), -- SpellId : 297047
(16619, 3, -1.23536562919616699, 3.626813888549804687, -0.22314453125, 44061), -- SpellId : 295930
(16619, 2, -1.23536562919616699, 3.626813888549804687, -0.22314453125, 44061), -- SpellId : 295930
(16619, 1, 0, 0, 0, 44061), -- SpellId : 295930
(16619, 0, 0, 0, 0, 44061), -- SpellId : 295930
(8661, 18, 30.03278732299804687, 0.001754555501975119, 1.4892578125, 44061), -- SpellId : 84714
(8661, 17, 30.03278732299804687, 0.001754555501975119, 1.4892578125, 44061), -- SpellId : 84714
(8661, 16, 27.50832748413085937, 0.001902659423649311, 1.435546875, 44061), -- SpellId : 84714
(8661, 15, 24.98533058166503906, 0.001553621841594576, 1.30908203125, 44061), -- SpellId : 84714
(8661, 14, 22.46135902404785156, 0.001698769396170973, 1.31103515625, 44061), -- SpellId : 84714
(8661, 13, 19.93787384033203125, 0.001352688181214034, 1.16015625, 44061), -- SpellId : 84714
(8661, 12, 17.41439056396484375, 0.001494879368692636, 1.05615234375, 44061), -- SpellId : 84714
(8661, 11, 14.88992881774902343, 0.001154710887931287, 1.18115234375, 44061), -- SpellId : 84714
(8661, 10, 12.36498069763183593, 0.001305771176703274, 1.4765625, 44061), -- SpellId : 84714
(8661, 9, 9.840029716491699218, 0.000968559237662702, 1.55078125, 44061), -- SpellId : 84714
(8661, 8, 7.315570354461669921, 0.001116663101129233, 0.99658203125, 44061), -- SpellId : 84714
(8661, 7, 4.792572975158691406, 0.00076762557728216, 0.51806640625, 44061), -- SpellId : 84714
(8661, 6, 2.271040201187133789, 0.000409718806622549, 0.0732421875, 44061), -- SpellId : 84714
(8661, 5, -0.25048959255218505, 0.000540084380190819, -0.01025390625, 44061), -- SpellId : 84714
(8661, 4, -2.7720193862915039, 0.000670449924655258, -0.1875, 44061), -- SpellId : 84714
(8661, 3, -5.2935490608215332, 0.000800815469119697, -0.33544921875, 44061), -- SpellId : 84714
(8661, 2, -7.8150792121887207, 0.000931181013584136, -0.44970703125, 44061), -- SpellId : 84714
(8661, 1, -10.33709716796875, 0.001064502983354032, -0.3681640625, 44061), -- SpellId : 84714
(8661, 0, -10.33709716796875, 0.001064502983354032, -0.3681640625, 44061), -- SpellId : 84714
(19863, 11, 11.57304668426513671, 0.128993481397628784, 1.39794921875, 44061), -- SpellId : 324183
(19863, 10, 11.57304668426513671, 0.128993481397628784, 1.39794921875, 44061), -- SpellId : 324183
(19863, 9, 10.32512474060058593, 0.148152112960815429, 0.36767578125, 44061), -- SpellId : 324183
(19863, 8, 8.744780540466308593, -0.00045575285912491, -0.7490234375, 44061), -- SpellId : 324183
(19863, 7, 7.496963977813720703, -0.00036481933784671, -0.9140625, 44061), -- SpellId : 324183
(19863, 6, 6.249147415161132812, -0.0002738858165685, -0.95751953125, 44061), -- SpellId : 324183
(19863, 5, 4.999317646026611328, -0.0002191086532548, -0.4951171875, 44061), -- SpellId : 324183
(19863, 4, 3.749488353729248046, -0.0001643314899411, -0.22607421875, 44061), -- SpellId : 324183
(19863, 3, 2.499658823013305664, -0.0001095543266274, -0.17626953125, 44061), -- SpellId : 324183
(19863, 2, 1.249829411506652832, -0.0000547771633137, -0.0556640625, 44061), -- SpellId : 324183
(19863, 1, 0, 0, 0, 44061), -- SpellId : 324183
(19863, 0, 0, 0, 0, 44061), -- SpellId : 324183
(19863, 12, 12.6507720947265625, -0.07949203252792358, 0.96044921875, 44061), -- SpellId : 324183
(19863, 18, 19.90730476379394531, -0.00016918459732551, -0.50244140625, 44061), -- SpellId : 324183
(19863, 17, 19.90730476379394531, -0.00016918459732551, -0.50244140625, 44061), -- SpellId : 324183
(19863, 16, 18.71790122985839843, -0.00037823314778506, -0.60986328125, 44061), -- SpellId : 324183
(19863, 15, 17.48543548583984375, -0.00056778936414048, -0.6201171875, 44061), -- SpellId : 324183
(19863, 14, 16.24248886108398437, -0.00049238558858633, -0.5966796875, 44061), -- SpellId : 324183
(19863, 13, 14.99603176116943359, -0.00069221842568367, -0.57373046875, 44061); -- SpellId : 324183