-- halls of atonement
DELETE FROM `creature_equip_template` WHERE (`ID`=1 AND `CreatureID` IN (167876,167615,167611,167612,164562,165529,165414,165415,165515));
INSERT INTO `creature_equip_template` (`CreatureID`, `ID`, `ItemID1`, `AppearanceModID1`, `ItemVisual1`, `ItemID2`, `AppearanceModID2`, `ItemVisual2`, `ItemID3`, `AppearanceModID3`, `ItemVisual3`, `VerifiedBuild`) VALUES
(167876, 1, 176451, 0, 0, 0, 0, 0, 0, 0, 0, 44325), -- 167876
(167615, 1, 177808, 0, 0, 0, 0, 0, 0, 0, 0, 44325), -- 167615
(167611, 1, 175926, 0, 0, 175926, 0, 0, 0, 0, 0, 44325), -- 167611
(167612, 1, 178230, 0, 0, 0, 0, 0, 0, 0, 0, 44325), -- 167612
(164562, 1, 0, 0, 0, 0, 0, 0, 176759, 0, 0, 44325), -- 164562
(165529, 1, 176454, 0, 0, 0, 0, 0, 0, 0, 0, 44325), -- 165529
(165414, 1, 176450, 0, 0, 0, 0, 0, 0, 0, 0, 44325), -- 165414
(165415, 1, 177033, 0, 0, 0, 0, 0, 0, 0, 0, 44325), -- 165415
(165515, 1, 175848, 0, 0, 0, 0, 0, 0, 0, 0, 44325); -- 165515


DELETE FROM `areatrigger_template` WHERE (`IsServerSide`=0 AND `Id` IN (28443,24147,23668,23349,23731,23808));
INSERT INTO `areatrigger_template` (`Id`, `IsServerSide`, `Type`, `Flags`, `Data0`, `Data1`, `Data2`, `Data3`, `Data4`, `Data5`, `VerifiedBuild`) VALUES
(28443, 0, 0, 0, 1, 1, 0, 0, 0, 0, 44325),
(24147, 0, 0, 0, 4, 4, 0, 0, 0, 0, 44325),
(23668, 0, 4, 4, 2.5, 2.5, 6, 6, 3, 3, 44325),
(23349, 0, 0, 0, 5, 5, 0, 0, 0, 0, 44325),
(23731, 0, 4, 0, 4, 4, 24, 24, 10, 10, 44325),
(23808, 0, 4, 0, 6, 6, 6, 6, 0.300000011920928955, 0.300000011920928955, 44325);


DELETE FROM `areatrigger_create_properties` WHERE `Id` IN (24391 /*SpellId : 365455*/, 20232 /*SpellId : 326849*/, 19355 /*SpellId : 319702*/, 19700 /*SpellId : 323116*/, 19769 /*SpellId : 323749*/, 19683 /*SpellId : 322936*/);
INSERT INTO `areatrigger_create_properties` (`Id`, `AreaTriggerId`, `MoveCurveId`, `ScaleCurveId`, `MorphCurveId`, `FacingCurveId`, `AnimId`, `AnimKitId`, `DecalPropertiesId`, `TimeToTarget`, `TimeToTargetScale`, `Shape`, `ShapeData0`, `ShapeData1`, `ShapeData2`, `ShapeData3`, `ShapeData4`, `ShapeData5`, `ShapeData6`, `ShapeData7`, `VerifiedBuild`) VALUES
(24391, 28443, 0, 0, 0, 0, -1, 0, 0, 0, 15000, 0, 1, 1, 0, 0, 0, 0, 0, 0, 44325), -- SpellId : 365455
(20232, 24147, 0, 0, 0, 0, -1, 0, 416, 0, 60000, 0, 4, 4, 0, 0, 0, 0, 0, 0, 44325), -- SpellId : 326849
(19355, 23349, 0, 0, 0, 0, -1, 0, 232, 0, 45000, 0, 5, 5, 0, 0, 0, 0, 0, 0, 44325), -- SpellId : 319702
(19700, 23668, 0, 0, 0, 0, -1, 0, 0, 0, 0, 4, 2.5, 2.5, 6, 6, 3, 3, 0, 0, 44325), -- SpellId : 323116
(19769, 23731, 0, 0, 0, 0, -1, 0, 0, 0, 0, 4, 4, 4, 24, 24, 10, 10, 0, 0, 44325), -- SpellId : 323749
(19683, 23808, 0, 0, 0, 0, -1, 0, 416, 0, 150000, 4, 6, 6, 6, 6, 0.300000011920928955, 0.300000011920928955, 0, 0, 44325); -- SpellId : 322936


SET @CGUID := 459039;
SET @OGUID := 239509;



DELETE FROM `creature` WHERE `guid` BETWEEN @CGUID+0 AND @CGUID+215;
INSERT INTO `creature` (`guid`, `id`, `map`, `zoneId`, `areaId`, `spawnDifficulties`, `PhaseId`, `PhaseGroup`, `modelid`, `equipment_id`, `position_x`, `position_y`, `position_z`, `orientation`, `spawntimesecs`, `wander_distance`, `currentwaypoint`, `curhealth`, `curmana`, `MovementType`, `npcflag`, `unit_flags`, `dynamicflags`, `VerifiedBuild`) VALUES
(@CGUID+0, 165515, 2287, 12831, 12831, '1,2,23,8', '0', 0, 0, 0, -2207.663330078125, 5141.57666015625, 4141.203125, 3.027385711669921875, 7200, 0, 0, 39860, 100, 0, 0, 0, 0, 44325), -- 165515 (Area: Halls of Atonement - Difficulty: Normal)
(@CGUID+1, 174175, 2287, 12831, 12831, '1,2,23,8', '0', 0, 0, 0, -2132.994873046875, 5121.8525390625, 4141.1904296875, 2.184129714965820312, 7200, 10, 0, 69056, 0, 1, 0, 0, 0, 44325), -- 174175 (Area: Halls of Atonement - Difficulty: Normal) (Auras: 342021 - Loyal Stoneborn, 341811 - Chiseled Statue) (possible waypoints or random movement)
(@CGUID+2, 165415, 2287, 12831, 12831, '1,2,23,8', '0', 0, 0, 0, -2306.390625, 5128.9541015625, 4141.9736328125, 5.071513175964355468, 7200, 0, 0, 23916, 0, 0, 0, 0, 0, 44325), -- 165415 (Area: Halls of Atonement - Difficulty: Normal) (Auras: 214567 - Mod Scale 90-110%)
(@CGUID+3, 165414, 2287, 12831, 12831, '1,2,23,8', '0', 0, 0, 0, -2140.76904296875, 5158.70166015625, 4141.755859375, 3.930519580841064453, 7200, 0, 0, 35874, 2289, 0, 0, 0, 0, 44325), -- 165414 (Area: Halls of Atonement - Difficulty: Normal)
(@CGUID+4, 165414, 2287, 12831, 12831, '1,2,23,8', '0', 0, 0, 0, -2275.319580078125, 5132.09619140625, 4141.61962890625, 5.640636920928955078, 7200, 0, 0, 35874, 2289, 0, 0, 0, 0, 44325), -- 165414 (Area: Halls of Atonement - Difficulty: Normal)
(@CGUID+5, 165415, 2287, 12831, 12831, '1,2,23,8', '0', 0, 0, 0, -2303.39404296875, 5128.9755859375, 4141.9736328125, 4.44901895523071289, 7200, 0, 0, 23916, 0, 0, 0, 0, 0, 44325), -- 165415 (Area: Halls of Atonement - Difficulty: Normal) (Auras: 214567 - Mod Scale 90-110%)
(@CGUID+6, 164557, 2287, 12831, 12831, '1,2,23,8', '0', 0, 0, 0, -2289.220458984375, 5149.9306640625, 4141.62353515625, 5.594292640686035156, 7200, 10, 0, 103584, 0, 1, 0, 0, 0, 44325), -- 164557 (Area: Halls of Atonement - Difficulty: Normal) (Auras: 325509 - Halkias's Anima) (possible waypoints or random movement)
(@CGUID+7, 165414, 2287, 12831, 12831, '1,2,23,8', '0', 0, 0, 0, -2270.25, 5137.10498046875, 4141.61962890625, 5.678234577178955078, 7200, 0, 0, 35874, 2289, 0, 0, 0, 0, 44325), -- 165414 (Area: Halls of Atonement - Difficulty: Normal)
(@CGUID+8, 165515, 2287, 12831, 12831, '1,2,23,8', '0', 0, 0, 0, -2197.888916015625, 5157.6474609375, 4141.33056640625, 5.117559432983398437, 7200, 0, 0, 39860, 100, 0, 0, 0, 0, 44325), -- 165515 (Area: Halls of Atonement - Difficulty: Normal) (Auras: )
(@CGUID+9, 164563, 2287, 12831, 12831, '1,2,23,8', '0', 0, 0, 0, -2252.260009765625, 5124.00732421875, 4140.06591796875, 2.424699783325195312, 7200, 0, 0, 43846, 0, 0, 0, 0, 0, 44325), -- 164563 (Area: Halls of Atonement - Difficulty: Normal) (Auras: 214567 - Mod Scale 90-110%, 18950 - Invisibility and Stealth Detection)
(@CGUID+10, 165515, 2287, 12831, 12831, '1,2,23,8', '0', 0, 0, 0, -2143.717041015625, 5156.126953125, 4141.755859375, 0.645752668380737304, 7200, 0, 0, 39860, 100, 0, 0, 0, 0, 44325), -- 165515 (Area: Halls of Atonement - Difficulty: Normal)
(@CGUID+11, 165515, 2287, 12831, 12831, '1,2,23,8', '0', 0, 0, 0, -2221.507080078125, 5157.6474609375, 4141.05908203125, 5.117559432983398437, 7200, 0, 0, 39860, 100, 0, 0, 0, 0, 44325), -- 165515 (Area: Halls of Atonement - Difficulty: Normal) (Auras: )
(@CGUID+12, 165414, 2287, 12831, 12831, '1,2,23,8', '0', 0, 0, 0, -2173.71875, 5160.7568359375, 4146.1796875, 4.094231605529785156, 7200, 0, 0, 35874, 2289, 0, 0, 0, 0, 44325), -- 165414 (Area: Halls of Atonement - Difficulty: Normal)
(@CGUID+13, 165515, 2287, 12831, 12831, '1,2,23,8', '0', 0, 0, 0, -2244.37158203125, 5160.1650390625, 4141.50732421875, 4.940778255462646484, 7200, 0, 0, 39860, 100, 0, 0, 0, 0, 44325), -- 165515 (Area: Halls of Atonement - Difficulty: Normal)
(@CGUID+14, 165414, 2287, 12831, 12831, '1,2,23,8', '0', 0, 0, 0, -2211.572998046875, 5141.73291015625, 4141.201171875, 0.028967203572392463, 7200, 0, 0, 35874, 2289, 0, 0, 0, 0, 44325), -- 165414 (Area: Halls of Atonement - Difficulty: Normal)
(@CGUID+15, 165415, 2287, 12831, 12831, '1,2,23,8', '0', 0, 0, 0, -2299.382080078125, 5125.0400390625, 4141.9736328125, 3.61071324348449707, 7200, 0, 0, 23916, 0, 0, 0, 0, 0, 44325), -- 165415 (Area: Halls of Atonement - Difficulty: Normal) (Auras: 214567 - Mod Scale 90-110%)
(@CGUID+16, 165515, 2287, 12831, 12831, '1,2,23,8', '0', 0, 0, 0, -2169.342041015625, 5158.15380859375, 4141.5068359375, 4.08308267593383789, 7200, 0, 0, 39860, 100, 0, 0, 0, 0, 44325), -- 165515 (Area: Halls of Atonement - Difficulty: Normal)
(@CGUID+17, 165415, 2287, 12831, 12831, '1,2,23,8', '0', 0, 0, 0, -2299.420166015625, 5122.4365234375, 4141.97314453125, 2.385854721069335937, 7200, 0, 0, 23916, 0, 0, 0, 0, 0, 44325), -- 165415 (Area: Halls of Atonement - Difficulty: Normal) (Auras: 214567 - Mod Scale 90-110%)
(@CGUID+18, 165414, 2287, 12831, 12831, '1,2,23,8', '0', 0, 0, 0, -2249.348876953125, 5157.1884765625, 4148.5234375, 5.108098506927490234, 7200, 0, 0, 35874, 2289, 0, 0, 0, 0, 44325), -- 165414 (Area: Halls of Atonement - Difficulty: Normal)
(@CGUID+19, 164563, 2287, 12831, 12831, '1,2,23,8', '0', 0, 0, 0, -2256.905029296875, 5118.67578125, 4140.06591796875, 2.424654006958007812, 7200, 0, 0, 43846, 0, 0, 0, 0, 0, 44325), -- 164563 (Area: Halls of Atonement - Difficulty: Normal) (Auras: 214567 - Mod Scale 90-110%, 18950 - Invisibility and Stealth Detection)
(@CGUID+20, 165529, 2287, 12831, 12831, '1,2,23,8', '0', 0, 0, 0, -2283.048583984375, 5144.16650390625, 4141.62646484375, 2.428079605102539062, 7200, 0, 0, 39860, 2289, 0, 0, 0, 0, 44325), -- 165529 (Area: Halls of Atonement - Difficulty: Normal) (Auras: )
(@CGUID+21, 164562, 2287, 12831, 12831, '1,2,23,8', '0', 0, 0, 0, -2257.24951171875, 5123.666015625, 4140.06591796875, 2.424667835235595703, 7200, 0, 0, 35874, 100, 0, 0, 0, 0, 44325), -- 164562 (Area: Halls of Atonement - Difficulty: Normal)
(@CGUID+22, 165415, 2287, 12831, 12831, '1,2,23,8', '0', 0, 0, 0, -2288.736083984375, 5201.73974609375, 4127.03125, 3.517797231674194335, 7200, 10, 0, 23916, 0, 1, 0, 0, 0, 44325), -- 165415 (Area: Halls of Atonement - Difficulty: Normal) (Auras: 214567 - Mod Scale 90-110%, 322437 - [DNT] Hold Crate) (possible waypoints or random movement)
(@CGUID+23, 164563, 2287, 12831, 12831, '1,2,23,8', '0', 0, 0, 0, -2211.734375, 5221.4921875, 4126.66455078125, 1.152956962585449218, 7200, 0, 0, 43846, 0, 0, 0, 0, 0, 44325), -- 164563 (Area: Halls of Atonement - Difficulty: Normal) (Auras: 214567 - Mod Scale 90-110%, 18950 - Invisibility and Stealth Detection)
(@CGUID+24, 164563, 2287, 12831, 12831, '1,2,23,8', '0', 0, 0, 0, -2113.18408203125, 5191.6083984375, 4126.490234375, 3.503716468811035156, 7200, 0, 0, 43846, 0, 0, 0, 0, 0, 44325), -- 164563 (Area: Halls of Atonement - Difficulty: Normal) (Auras: 214567 - Mod Scale 90-110%, 18950 - Invisibility and Stealth Detection)
(@CGUID+25, 165414, 2287, 12831, 12831, '1,2,23,8', '0', 0, 0, 0, -2210.767333984375, 5215.16845703125, 4126.66455078125, 6.235208034515380859, 7200, 0, 0, 35874, 2289, 0, 0, 0, 0, 44325), -- 165414 (Area: Halls of Atonement - Difficulty: Normal)
(@CGUID+26, 165415, 2287, 12831, 12831, '1,2,23,8', '0', 0, 0, 0, -2103.80029296875, 5136.80810546875, 4141.27294921875, 0.563672959804534912, 7200, 0, 0, 23916, 0, 0, 0, 0, 0, 44325), -- 165415 (Area: Halls of Atonement - Difficulty: Normal) (Auras: 214567 - Mod Scale 90-110%)
(@CGUID+27, 165415, 2287, 12831, 12831, '1,2,23,8', '0', 0, 0, 0, -2122.661376953125, 5215.251953125, 4126.64892578125, 0.217619135975837707, 7200, 0, 0, 23916, 0, 0, 0, 0, 0, 44325), -- 165415 (Area: Halls of Atonement - Difficulty: Normal) (Auras: 214567 - Mod Scale 90-110%)
(@CGUID+28, 164563, 2287, 12831, 12831, '1,2,23,8', '0', 0, 0, 0, -2145.416015625, 5237.66259765625, 4126.67822265625, 4.760280132293701171, 7200, 10, 0, 43846, 0, 1, 0, 0, 0, 44325), -- 164563 (Area: Halls of Atonement - Difficulty: Normal) (Auras: 214567 - Mod Scale 90-110%, 18950 - Invisibility and Stealth Detection) (possible waypoints or random movement)
(@CGUID+29, 165415, 2287, 12831, 12831, '1,2,23,8', '0', 0, 0, 0, -2100.87841796875, 5132.6015625, 4141.5, 0.873297929763793945, 7200, 0, 0, 23916, 0, 0, 0, 0, 0, 44325), -- 165415 (Area: Halls of Atonement - Difficulty: Normal) (Auras: 214567 - Mod Scale 90-110%)
(@CGUID+30, 165415, 2287, 12831, 12831, '1,2,23,8', '0', 0, 0, 0, -2123.71533203125, 5217.44287109375, 4126.64892578125, 0.601029098033905029, 7200, 0, 0, 23916, 0, 0, 0, 0, 0, 44325), -- 165415 (Area: Halls of Atonement - Difficulty: Normal) (Auras: 214567 - Mod Scale 90-110%)
(@CGUID+31, 165415, 2287, 12831, 12831, '1,2,23,8', '0', 0, 0, 0, -2329.6181640625, 5175.9599609375, 4126.76611328125, 4.110033988952636718, 7200, 0, 0, 23916, 0, 0, 0, 0, 0, 44325), -- 165415 (Area: Halls of Atonement - Difficulty: Normal) (Auras: 214567 - Mod Scale 90-110%)
(@CGUID+32, 165415, 2287, 12831, 12831, '1,2,23,8', '0', 0, 0, 0, -2125.189208984375, 5219.76220703125, 4126.64892578125, 1.053669571876525878, 7200, 0, 0, 23916, 0, 0, 0, 0, 0, 44325), -- 165415 (Area: Halls of Atonement - Difficulty: Normal) (Auras: 214567 - Mod Scale 90-110%)
(@CGUID+33, 165415, 2287, 12831, 12831, '1,2,23,8', '0', 0, 0, 0, -2330.532958984375, 5178.26025390625, 4126.7392578125, 3.564382314682006835, 7200, 0, 0, 23916, 0, 0, 0, 0, 0, 44325), -- 165415 (Area: Halls of Atonement - Difficulty: Normal) (Auras: 214567 - Mod Scale 90-110%)
(@CGUID+34, 164562, 2287, 12831, 12831, '1,2,23,8', '0', 0, 0, 0, -2209.145751953125, 5225.91943359375, 4126.66455078125, 4.759198665618896484, 7200, 0, 0, 35874, 100, 0, 0, 0, 0, 44325), -- 164562 (Area: Halls of Atonement - Difficulty: Normal)
(@CGUID+35, 164562, 2287, 12831, 12831, '1,2,23,8', '0', 0, 0, 0, -2148.81005859375, 5234.03662109375, 4126.6875, 4.737754344940185546, 7200, 10, 0, 35874, 100, 1, 0, 0, 0, 44325), -- 164562 (Area: Halls of Atonement - Difficulty: Normal) (possible waypoints or random movement)
(@CGUID+36, 164563, 2287, 12831, 12831, '1,2,23,8', '0', 0, 0, 0, -2310.60205078125, 5215.05078125, 4128.38818359375, 2.170521736145019531, 7200, 10, 0, 43846, 0, 1, 0, 0, 0, 44325), -- 164563 (Area: Halls of Atonement - Difficulty: Normal) (Auras: 214567 - Mod Scale 90-110%, 18950 - Invisibility and Stealth Detection) (possible waypoints or random movement)
(@CGUID+37, 164563, 2287, 12831, 12831, '1,2,23,8', '0', 0, 0, 0, -2206.6494140625, 5182.431640625, 4141.90283203125, 2.005423784255981445, 7200, 0, 0, 43846, 0, 0, 0, 0, 0, 44325), -- 164563 (Area: Halls of Atonement - Difficulty: Normal) (Auras: 214567 - Mod Scale 90-110%, 18950 - Invisibility and Stealth Detection)
(@CGUID+38, 165515, 2287, 12831, 12831, '1,2,23,8', '0', 0, 0, 0, -2284.632080078125, 5201.4287109375, 4126.83544921875, 1.802780508995056152, 7200, 10, 0, 39860, 100, 1, 0, 0, 0, 44325), -- 165515 (Area: Halls of Atonement - Difficulty: Normal) (Auras: ) (possible waypoints or random movement)
(@CGUID+39, 164562, 2287, 12831, 12831, '1,2,23,8', '0', 0, 0, 0, -2105.109375, 5163.3408203125, 4140.1435546875, 0.672081947326660156, 7200, 0, 0, 35874, 100, 0, 0, 0, 0, 44325), -- 164562 (Area: Halls of Atonement - Difficulty: Normal) (Auras: 325797 - Rapid Fire)
(@CGUID+40, 165415, 2287, 12831, 12831, '1,2,23,8', '0', 0, 0, 0, -2126.953125, 5216.9306640625, 4126.66064453125, 0.329969912767410278, 7200, 0, 0, 23916, 0, 0, 0, 0, 0, 44325), -- 165415 (Area: Halls of Atonement - Difficulty: Normal) (Auras: 214567 - Mod Scale 90-110%, 322471 - [DNT] Hold Barrel)
(@CGUID+41, 164562, 2287, 12831, 12831, '1,2,23,8', '0', 0, 0, 0, -2209.317626953125, 5188.09033203125, 4140.7666015625, 4.759198665618896484, 7200, 0, 0, 35874, 100, 0, 0, 0, 0, 44325), -- 164562 (Area: Halls of Atonement - Difficulty: Normal)
(@CGUID+42, 164563, 2287, 12831, 12831, '1,2,23,8', '0', 0, 0, 0, -2305.93310546875, 5218.24609375, 4127.51953125, 2.170719385147094726, 7200, 10, 0, 43846, 0, 1, 0, 0, 0, 44325), -- 164563 (Area: Halls of Atonement - Difficulty: Normal) (Auras: 214567 - Mod Scale 90-110%, 18950 - Invisibility and Stealth Detection) (possible waypoints or random movement)
(@CGUID+43, 164563, 2287, 12831, 12831, '1,2,23,8', '0', 0, 0, 0, -2306.3994140625, 5159.42431640625, 4126.7392578125, 4.467386245727539062, 7200, 0, 0, 43846, 0, 0, 0, 0, 0, 44325), -- 164563 (Area: Halls of Atonement - Difficulty: Normal) (Auras: 214567 - Mod Scale 90-110%, 18950 - Invisibility and Stealth Detection)
(@CGUID+44, 164562, 2287, 12831, 12831, '1,2,23,8', '0', 0, 0, 0, -2308.303955078125, 5153.89404296875, 4126.7392578125, 1.611884593963623046, 7200, 0, 0, 35874, 100, 0, 0, 0, 0, 44325), -- 164562 (Area: Halls of Atonement - Difficulty: Normal)
(@CGUID+45, 164563, 2287, 12831, 12831, '1,2,23,8', '0', 0, 0, 0, -2309.911376953125, 5159.07568359375, 4126.7392578125, 5.026860713958740234, 7200, 0, 0, 43846, 0, 0, 0, 0, 0, 44325), -- 164563 (Area: Halls of Atonement - Difficulty: Normal) (Auras: 214567 - Mod Scale 90-110%, 18950 - Invisibility and Stealth Detection)
(@CGUID+46, 174175, 2287, 12831, 12831, '1,2,23,8', '0', 0, 0, 0, -2210.350830078125, 5197.0615234375, 4126.66015625, 1.611904859542846679, 7200, 0, 0, 69056, 0, 0, 0, 0, 0, 44325), -- 174175 (Area: Halls of Atonement - Difficulty: Normal) (Auras: 342021 - Loyal Stoneborn, 341811 - Chiseled Statue)
(@CGUID+47, 165529, 2287, 12831, 12831, '1,2,23,8', '0', 0, 0, 0, -2344.78466796875, 5210.96533203125, 4128.234375, 2.428079605102539062, 7200, 10, 0, 39860, 2289, 1, 0, 0, 0, 44325), -- 165529 (Area: Halls of Atonement - Difficulty: Normal) (Auras: ) (possible waypoints or random movement)
(@CGUID+48, 165415, 2287, 12831, 12831, '1,2,23,8', '0', 0, 0, 0, -2106.125, 5140.18408203125, 4141.48681640625, 5.76180267333984375, 7200, 0, 0, 23916, 0, 0, 0, 0, 0, 44325), -- 165415 (Area: Halls of Atonement - Difficulty: Normal) (Auras: 214567 - Mod Scale 90-110%)
(@CGUID+49, 165415, 2287, 12831, 12831, '1,2,23,8', '0', 0, 0, 0, -2122.079833984375, 5212.77587890625, 4126.65478515625, 6.074306964874267578, 7200, 0, 0, 23916, 0, 0, 0, 0, 0, 44325), -- 165415 (Area: Halls of Atonement - Difficulty: Normal) (Auras: 214567 - Mod Scale 90-110%)
(@CGUID+50, 165415, 2287, 12831, 12831, '1,2,23,8', '0', 0, 0, 0, -2326.194580078125, 5172.1162109375, 4126.7392578125, 4.130814075469970703, 7200, 0, 0, 23916, 0, 0, 0, 0, 0, 44325), -- 165415 (Area: Halls of Atonement - Difficulty: Normal) (Auras: 214567 - Mod Scale 90-110%)
(@CGUID+51, 165415, 2287, 12831, 12831, '1,2,23,8', '0', 0, 0, 0, -2327.8837890625, 5174.0537109375, 4126.7392578125, 4.314132213592529296, 7200, 0, 0, 23916, 0, 0, 0, 0, 0, 44325), -- 165415 (Area: Halls of Atonement - Difficulty: Normal) (Auras: 214567 - Mod Scale 90-110%)
(@CGUID+52, 164563, 2287, 12831, 12831, '1,2,23,8', '0', 0, 0, 0, -2206.314208984375, 5221.3203125, 4126.66455078125, 2.093302011489868164, 7200, 0, 0, 43846, 0, 0, 0, 0, 0, 44325), -- 164563 (Area: Halls of Atonement - Difficulty: Normal) (Auras: 214567 - Mod Scale 90-110%, 18950 - Invisibility and Stealth Detection)
(@CGUID+53, 164563, 2287, 12831, 12831, '1,2,23,8', '0', 0, 0, 0, -2104.09033203125, 5159.6337890625, 4140.1435546875, 3.813529729843139648, 7200, 10, 0, 43846, 0, 1, 0, 0, 0, 44325), -- 164563 (Area: Halls of Atonement - Difficulty: Normal) (Auras: 214567 - Mod Scale 90-110%, 18950 - Invisibility and Stealth Detection) (possible waypoints or random movement)
(@CGUID+54, 164563, 2287, 12831, 12831, '1,2,23,8', '0', 0, 0, 0, -2152.45654296875, 5237.43115234375, 4126.67822265625, 4.748618125915527343, 7200, 10, 0, 43846, 0, 1, 0, 0, 0, 44325), -- 164563 (Area: Halls of Atonement - Difficulty: Normal) (Auras: 214567 - Mod Scale 90-110%, 18950 - Invisibility and Stealth Detection) (possible waypoints or random movement)
(@CGUID+55, 164562, 2287, 12831, 12831, '1,2,23,8', '0', 0, 0, 0, -2118.545166015625, 5190.8212890625, 4126.63037109375, 6.169614315032958984, 7200, 0, 0, 35874, 100, 0, 0, 0, 0, 44325), -- 164562 (Area: Halls of Atonement - Difficulty: Normal)
(@CGUID+56, 165415, 2287, 12831, 12831, '1,2,23,8', '0', 0, 0, 0, -2098.138916015625, 5130.63720703125, 4141.52099609375, 0.960019469261169433, 7200, 0, 0, 23916, 0, 0, 0, 0, 0, 44325), -- 165415 (Area: Halls of Atonement - Difficulty: Normal) (Auras: 214567 - Mod Scale 90-110%)
(@CGUID+57, 164563, 2287, 12831, 12831, '1,2,23,8', '0', 0, 0, 0, -2108.4921875, 5165.16796875, 4140.1435546875, 3.813457012176513671, 7200, 10, 0, 43846, 0, 1, 0, 0, 0, 44325), -- 164563 (Area: Halls of Atonement - Difficulty: Normal) (Auras: 214567 - Mod Scale 90-110%, 18950 - Invisibility and Stealth Detection) (possible waypoints or random movement)
(@CGUID+58, 164563, 2287, 12831, 12831, '1,2,23,8', '0', 0, 0, 0, -2212.069580078125, 5182.603515625, 4142.50341796875, 1.153759121894836425, 7200, 0, 0, 43846, 0, 0, 0, 0, 0, 44325), -- 164563 (Area: Halls of Atonement - Difficulty: Normal) (Auras: 214567 - Mod Scale 90-110%, 18950 - Invisibility and Stealth Detection)
(@CGUID+59, 165414, 2287, 12831, 12831, '1,2,23,8', '0', 0, 0, 0, -2285.8056640625, 5205.15185546875, 4126.76611328125, 5.08754730224609375, 7200, 10, 0, 35874, 2289, 1, 0, 0, 0, 44325), -- 165414 (Area: Halls of Atonement - Difficulty: Normal) (Auras: ) (possible waypoints or random movement)
(@CGUID+60, 165415, 2287, 12831, 12831, '1,2,23,8', '0', 0, 0, 0, -2116.26416015625, 5153.35693359375, 4141.73681640625, 0.215188518166542053, 7200, 10, 0, 23916, 0, 1, 0, 0, 0, 44325), -- 165415 (Area: Halls of Atonement - Difficulty: Normal) (Auras: 214567 - Mod Scale 90-110%, 322437 - [DNT] Hold Crate) (possible waypoints or random movement)
(@CGUID+61, 165414, 2287, 12831, 12831, '1,2,23,8', '0', 0, 0, 0, -2338.038330078125, 5197.453125, 4128.22705078125, 5.769478321075439453, 7200, 0, 0, 35874, 2289, 0, 0, 0, 0, 44325), -- 165414 (Area: Halls of Atonement - Difficulty: Normal)
(@CGUID+62, 165414, 2287, 12831, 12831, '1,2,23,8', '0', 0, 0, 0, -2332.604248046875, 5202.0693359375, 4128.2275390625, 6.137339591979980468, 7200, 0, 0, 35874, 2289, 0, 0, 0, 0, 44325), -- 165414 (Area: Halls of Atonement - Difficulty: Normal) (Auras: )
(@CGUID+63, 174175, 2287, 12831, 12831, '1,2,23,8', '0', 0, 0, 0, -2290.413330078125, 5221.8349609375, 4126.4609375, 0.19734928011894226, 7200, 10, 0, 69056, 0, 1, 0, 0, 0, 44325), -- 174175 (Area: Halls of Atonement - Difficulty: Normal) (Auras: 342021 - Loyal Stoneborn, 341811 - Chiseled Statue) (possible waypoints or random movement)
(@CGUID+64, 165515, 2287, 12831, 12831, '1,2,23,8', '0', 0, 0, 0, -2206.888916015625, 5214.712890625, 4126.66455078125, 2.950441598892211914, 7200, 0, 0, 39860, 100, 0, 0, 0, 0, 44325), -- 165515 (Area: Halls of Atonement - Difficulty: Normal)
(@CGUID+65, 165529, 2287, 12831, 12831, '1,2,23,8', '0', 0, 0, 0, -2206.35595703125, 5258.2890625, 4126.6611328125, 1.580561637878417968, 7200, 0, 0, 39860, 2289, 0, 0, 0, 0, 44325), -- 165529 (Area: Halls of Atonement - Difficulty: Normal) (Auras: 325988 - Cosmetic Feign Death)
(@CGUID+66, 164562, 2287, 12831, 12831, '1,2,23,8', '0', 0, 0, 0, -2309.8740234375, 5218.9990234375, 4128.29931640625, 2.170719385147094726, 7200, 10, 0, 35874, 100, 1, 0, 0, 0, 44325), -- 164562 (Area: Halls of Atonement - Difficulty: Normal) (Auras: ) (possible waypoints or random movement)
(@CGUID+67, 164563, 2287, 12831, 12831, '1,2,23,8', '0', 0, 0, 0, -2272.3232421875, 5204.4130859375, 4126.5107421875, 2.122743606567382812, 7200, 10, 0, 43846, 0, 1, 0, 0, 0, 44325), -- 164563 (Area: Halls of Atonement - Difficulty: Normal) (Auras: 214567 - Mod Scale 90-110%, 18950 - Invisibility and Stealth Detection) (possible waypoints or random movement)
(@CGUID+68, 174175, 2287, 12831, 12831, '1,2,23,8', '0', 0, 0, 0, -2128.42529296875, 5246.462890625, 4129.70703125, 3.788388729095458984, 7200, 0, 0, 69056, 0, 0, 0, 0, 0, 44325), -- 174175 (Area: Halls of Atonement - Difficulty: Normal) (Auras: 342021 - Loyal Stoneborn, 341811 - Chiseled Statue)
(@CGUID+69, 164562, 2287, 12831, 12831, '1,2,23,8', '0', 0, 0, 0, -2270.480224609375, 5208.82666015625, 4126.60107421875, 2.041241645812988281, 7200, 10, 0, 35874, 100, 1, 0, 0, 0, 44325), -- 164562 (Area: Halls of Atonement - Difficulty: Normal) (Auras: ) (possible waypoints or random movement)
(@CGUID+70, 164563, 2287, 12831, 12831, '1,2,23,8', '0', 0, 0, 0, -2265.835205078125, 5206.94140625, 4126.58251953125, 2.413760185241699218, 7200, 10, 0, 43846, 0, 1, 0, 0, 0, 44325), -- 164563 (Area: Halls of Atonement - Difficulty: Normal) (Auras: 214567 - Mod Scale 90-110%, 18950 - Invisibility and Stealth Detection) (possible waypoints or random movement)
(@CGUID+71, 164563, 2287, 12831, 12831, '1,2,23,8', '0', 0, 0, 0, -2113.382080078125, 5188.0693359375, 4126.67724609375, 2.720642805099487304, 7200, 0, 0, 43846, 0, 0, 0, 0, 0, 44325), -- 164563 (Area: Halls of Atonement - Difficulty: Normal) (Auras: 214567 - Mod Scale 90-110%, 18950 - Invisibility and Stealth Detection)
(@CGUID+72, 165515, 2287, 12831, 12831, '1,2,23,8', '0', 0, 0, 0, -2161.298583984375, 5271.99853515625, 4126.66357421875, 4.967682838439941406, 7200, 0, 0, 39860, 100, 0, 0, 0, 0, 44325), -- 165515 (Area: Halls of Atonement - Difficulty: Normal)
(@CGUID+73, 165414, 2287, 12831, 12831, '1,2,23,8', '0', 0, 0, 0, -2166.69091796875, 5270.81103515625, 4126.68212890625, 5.169497013092041015, 7200, 0, 0, 35874, 2289, 0, 0, 0, 0, 44325), -- 165414 (Area: Halls of Atonement - Difficulty: Normal)
(@CGUID+74, 165529, 2287, 12831, 12831, '1,2,23,8', '0', 0, 0, 0, -2197.5400390625, 5262.37841796875, 4126.66162109375, 2.163284778594970703, 7200, 0, 0, 39860, 2289, 0, 0, 0, 0, 44325), -- 165529 (Area: Halls of Atonement - Difficulty: Normal) (Auras: 325988 - Cosmetic Feign Death)
(@CGUID+75, 164557, 2287, 12831, 12831, '1,2,23,8', '0', 0, 0, 0, -2350.958251953125, 5216.72998046875, 4128.23095703125, 5.594292640686035156, 7200, 10, 0, 103584, 0, 1, 0, 0, 0, 44325), -- 164557 (Area: Halls of Atonement - Difficulty: Normal) (Auras: 325509 - Halkias's Anima) (possible waypoints or random movement)
(@CGUID+76, 164557, 2287, 12831, 12831, '1,2,23,8', '0', 0, 0, 0, -2036.9166259765625, 5221.7568359375, 4138.9130859375, 3.926498651504516601, 7200, 10, 0, 103584, 0, 1, 0, 0, 0, 44325), -- 164557 (Area: Halls of Atonement - Difficulty: Normal) (Auras: 325509 - Halkias's Anima) (possible waypoints or random movement)
(@CGUID+77, 165415, 2287, 12831, 12831, '1,2,23,8', '0', 0, 0, 0, -2007.3941650390625, 5214.087890625, 4140.1513671875, 0.056848902255296707, 7200, 0, 0, 23916, 0, 0, 0, 0, 0, 44325), -- 165415 (Area: Halls of Atonement - Difficulty: Normal) (Auras: 214567 - Mod Scale 90-110%)
(@CGUID+78, 165414, 2287, 12831, 12831, '1,2,23,8', '0', 0, 0, 0, -2272.170166015625, 5270.6806640625, 4127.80078125, 4.35911417007446289, 7200, 0, 0, 35874, 2289, 0, 0, 0, 0, 44325), -- 165414 (Area: Halls of Atonement - Difficulty: Normal)
(@CGUID+79, 165414, 2287, 12831, 12831, '1,2,23,8', '0', 0, 0, 0, -2057.3369140625, 5207.83837890625, 4138.9130859375, 3.874701261520385742, 7200, 0, 0, 35874, 2289, 0, 0, 0, 0, 44325), -- 165414 (Area: Halls of Atonement - Difficulty: Normal) (Auras: )
(@CGUID+80, 165415, 2287, 12831, 12831, '1,2,23,8', '0', 0, 0, 0, -2300.04345703125, 5249.8759765625, 4120.4501953125, 2.805601835250854492, 7200, 0, 0, 23916, 0, 0, 0, 0, 0, 44325), -- 165415 (Area: Halls of Atonement - Difficulty: Normal) (Auras: 214567 - Mod Scale 90-110%)
(@CGUID+81, 165414, 2287, 12831, 12831, '1,2,23,8', '0', 0, 0, 0, -2052.798583984375, 5202.34228515625, 4138.9130859375, 3.873683929443359375, 7200, 0, 0, 35874, 2289, 0, 0, 0, 0, 44325), -- 165414 (Area: Halls of Atonement - Difficulty: Normal) (Auras: )
(@CGUID+82, 165414, 2287, 12831, 12831, '1,2,23,8', '0', 0, 0, 0, -2252.796875, 5267.88720703125, 4126.5595703125, 4.486629009246826171, 7200, 0, 0, 35874, 2289, 0, 0, 0, 0, 44325), -- 165414 (Area: Halls of Atonement - Difficulty: Normal)
(@CGUID+83, 165529, 2287, 12831, 12831, '1,2,23,8', '0', 0, 0, 0, -2043.2535400390625, 5216.1787109375, 4138.9130859375, 0.760286688804626464, 7200, 10, 0, 39860, 2289, 1, 0, 0, 0, 44325), -- 165529 (Area: Halls of Atonement - Difficulty: Normal) (Auras: ) (possible waypoints or random movement)
(@CGUID+84, 165515, 2287, 12831, 12831, '1,2,23,8', '0', 0, 0, 0, -2247.467041015625, 5266.47216796875, 4126.5595703125, 4.281487464904785156, 7200, 0, 0, 39860, 100, 0, 0, 0, 0, 44325), -- 165515 (Area: Halls of Atonement - Difficulty: Normal) (Auras: )
(@CGUID+85, 165515, 2287, 12831, 12831, '1,2,23,8', '0', 0, 0, 0, -2130.236083984375, 5266.15625, 4126.64453125, 2.210083961486816406, 7200, 0, 0, 39860, 100, 0, 0, 0, 0, 44325), -- 165515 (Area: Halls of Atonement - Difficulty: Normal)
(@CGUID+86, 165515, 2287, 12831, 12831, '1,2,23,8', '0', 0, 0, 0, -2273.93408203125, 5267.74658203125, 4127.763671875, 1.074346899986267089, 7200, 0, 0, 39860, 100, 0, 0, 0, 0, 44325), -- 165515 (Area: Halls of Atonement - Difficulty: Normal)
(@CGUID+87, 165414, 2287, 12831, 12831, '1,2,23,8', '0', 0, 0, 0, -2132.791748046875, 5269.10791015625, 4126.63720703125, 5.49485015869140625, 7200, 0, 0, 35874, 2289, 0, 0, 0, 0, 44325), -- 165414 (Area: Halls of Atonement - Difficulty: Normal)
(@CGUID+88, 165415, 2287, 12831, 12831, '1,2,23,8', '0', 0, 0, 0, -2295.463623046875, 5254.94287109375, 4120.4501953125, 2.131955862045288085, 7200, 0, 0, 23916, 0, 0, 0, 0, 0, 44325), -- 165415 (Area: Halls of Atonement - Difficulty: Normal) (Auras: 214567 - Mod Scale 90-110%)
(@CGUID+89, 165529, 2287, 12831, 12831, '1,2,23,8', '0', 0, 0, 0, -2215.142333984375, 5261.90380859375, 4126.662109375, 1.013441920280456542, 7200, 0, 0, 39860, 2289, 0, 0, 0, 0, 44325), -- 165529 (Area: Halls of Atonement - Difficulty: Normal) (Auras: 325988 - Cosmetic Feign Death)
(@CGUID+90, 165415, 2287, 12831, 12831, '1,2,23,8', '0', 0, 0, 0, -2297.022705078125, 5253.2880859375, 4120.4560546875, 1.969551324844360351, 7200, 0, 0, 23916, 0, 0, 0, 0, 0, 44325), -- 165415 (Area: Halls of Atonement - Difficulty: Normal) (Auras: 214567 - Mod Scale 90-110%)
(@CGUID+91, 165415, 2287, 12831, 12831, '1,2,23,8', '0', 0, 0, 0, -2007.2379150390625, 5217.20166015625, 4140.1513671875, 0.111217334866523742, 7200, 0, 0, 23916, 0, 0, 0, 0, 0, 44325), -- 165415 (Area: Halls of Atonement - Difficulty: Normal) (Auras: 214567 - Mod Scale 90-110%)
(@CGUID+92, 174175, 2287, 12831, 12831, '1,2,23,8', '0', 0, 0, 0, -2262.515625, 5322.078125, 4140.36669921875, 0.870701313018798828, 7200, 0, 0, 69056, 0, 0, 0, 0, 0, 44325), -- 174175 (Area: Halls of Atonement - Difficulty: Normal) (Auras: 342021 - Loyal Stoneborn, 341811 - Chiseled Statue)
(@CGUID+93, 165415, 2287, 12831, 12831, '1,2,23,8', '0', 0, 0, 0, -2298.46875, 5251.70166015625, 4120.4609375, 2.352961301803588867, 7200, 0, 0, 23916, 0, 0, 0, 0, 0, 44325), -- 165415 (Area: Halls of Atonement - Difficulty: Normal) (Auras: 214567 - Mod Scale 90-110%)
(@CGUID+94, 165408, 2287, 12831, 12831, '1,2,23,8', '0', 0, 0, 0, -2206.413330078125, 5275.70556640625, 4126.66455078125, 4.659142017364501953, 7200, 0, 0, 365225, 100, 0, 0, 0, 0, 44325), -- 165408 (Area: Halls of Atonement - Difficulty: Normal) (Auras: 324062 - Override Display Power, 324871 - Anima Containment)
(@CGUID+95, 165415, 2287, 12831, 12831, '1,2,23,8', '0', 0, 0, 0, -2007.251708984375, 5220.6328125, 4140.1513671875, 0.038489069789648056, 7200, 0, 0, 23916, 0, 0, 0, 0, 0, 44325), -- 165415 (Area: Halls of Atonement - Difficulty: Normal) (Auras: 214567 - Mod Scale 90-110%)
(@CGUID+96, 165415, 2287, 12831, 12831, '1,2,23,8', '0', 0, 0, 0, -2006.5521240234375, 5223.55908203125, 4140.21142578125, 5.980181217193603515, 7200, 0, 0, 23916, 0, 0, 0, 0, 0, 44325), -- 165415 (Area: Halls of Atonement - Difficulty: Normal) (Auras: 214567 - Mod Scale 90-110%)
-- (@CGUID+97, 158637, 0, 12831, 12831, '1,2,23,8', '0', 0, 0, 0, 0, 0, 0, 0, 7200, 0, 0, 11791, 0, 0, 0, 0, 0, 44325), -- 158637 (Area: Halls of Atonement - Difficulty: Normal) (Auras: 46598 - Ride Vehicle Hardcoded) - !!! on transport - transport template not found !!!
(@CGUID+98, 167607, 2287, 12831, 12831, '1,2,23,8', '0', 0, 0, 0, -2211.56591796875, 5361.82275390625, 4140.21484375, 5.488474845886230468, 7200, 10, 0, 86320, 0, 1, 0, 0, 0, 44325), -- 167607 (Area: Halls of Atonement - Difficulty: Normal) (possible waypoints or random movement)
(@CGUID+99, 167607, 2287, 12831, 12831, '1,2,23,8', '0', 0, 0, 0, -2205.092041015625, 5360.775390625, 4140.21484375, 4.027666091918945312, 7200, 10, 0, 86320, 0, 1, 0, 0, 0, 44325), -- 167607 (Area: Halls of Atonement - Difficulty: Normal) (possible waypoints or random movement)
(@CGUID+100, 174175, 2287, 12831, 12831, '1,2,23,8', '0', 0, 0, 0, -2141.178955078125, 5395.33251953125, 4141.82861328125, 3.78877568244934082, 7200, 0, 0, 69056, 0, 0, 0, 0, 0, 44325), -- 174175 (Area: Halls of Atonement - Difficulty: Normal) (Auras: 342021 - Loyal Stoneborn, 341811 - Chiseled Statue)
(@CGUID+101, 167607, 2287, 12831, 12831, '1,2,23,8', '0', 0, 0, 0, -2219.635498046875, 5407.203125, 4146.37548828125, 4.306028366088867187, 7200, 0, 0, 86320, 0, 0, 0, 0, 0, 44325), -- 167607 (Area: Halls of Atonement - Difficulty: Normal) (Auras: 326771 - Stone Watcher)
(@CGUID+102, 167607, 2287, 12831, 12831, '1,2,23,8', '0', 0, 0, 0, -2198.842041015625, 5407.1328125, 4146.37548828125, 5.318391799926757812, 7200, 0, 0, 86320, 0, 0, 0, 0, 0, 44325), -- 167607 (Area: Halls of Atonement - Difficulty: Normal) (Auras: 326771 - Stone Watcher)
(@CGUID+103, 164185, 2287, 12831, 12831, '1,2,23,8', '0', 0, 0, 0, -2209.760498046875, 5517.5302734375, 4170.84375, 4.718061447143554687, 7200, 10, 0, 365225, 100, 1, 0, 0, 0, 44325), -- 164185 (Area: Halls of Atonement - Difficulty: Normal) (Auras: 319616 - Echelon Energize) (possible waypoints or random movement)
(@CGUID+104, 167612, 2287, 12831, 12831, '1,2,23,8', '0', 0, 0, 0, -2126.79345703125, 5310.4912109375, 4140.6806640625, 2.418071508407592773, 7200, 0, 0, 69056, 0, 0, 0, 0, 0, 44325), -- 167612 (Area: Halls of Atonement - Difficulty: Normal)
(@CGUID+105, 165414, 2287, 12831, 12831, '1,2,23,8', '0', 0, 0, 0, -2263.710205078125, 5328.8037109375, 4140.37158203125, 3.777540206909179687, 7200, 0, 0, 35874, 2289, 0, 0, 0, 0, 44325), -- 165414 (Area: Halls of Atonement - Difficulty: Normal)
(@CGUID+106, 167610, 2287, 12831, 12831, '1,2,23,8', '0', 0, 0, 0, -2156.376708984375, 5338.8974609375, 4140.21142578125, 3.884788274765014648, 7200, 10, 0, 11958, 0, 1, 0, 0, 0, 44325), -- 167610 (Area: Halls of Atonement - Difficulty: Normal) (Auras: 214567 - Mod Scale 90-110%) (possible waypoints or random movement)
(@CGUID+107, 167610, 2287, 12831, 12831, '1,2,23,8', '0', 0, 0, 0, -2239.53466796875, 5341.125, 4140.21142578125, 3.884788274765014648, 7200, 10, 0, 11958, 0, 1, 0, 0, 0, 44325), -- 167610 (Area: Halls of Atonement - Difficulty: Normal) (Auras: 214567 - Mod Scale 90-110%) (possible waypoints or random movement)
(@CGUID+108, 167610, 2287, 12831, 12831, '1,2,23,8', '0', 0, 0, 0, -2243.673583984375, 5345.01025390625, 4140.21142578125, 3.884788274765014648, 7200, 10, 0, 11958, 0, 1, 0, 0, 0, 44325), -- 167610 (Area: Halls of Atonement - Difficulty: Normal) (Auras: 214567 - Mod Scale 90-110%) (possible waypoints or random movement)
(@CGUID+109, 167610, 2287, 12831, 12831, '1,2,23,8', '0', 0, 0, 0, -2156.23095703125, 5342.71337890625, 4140.21142578125, 3.663792848587036132, 7200, 10, 0, 11958, 0, 1, 0, 0, 0, 44325), -- 167610 (Area: Halls of Atonement - Difficulty: Normal) (Auras: 214567 - Mod Scale 90-110%) (possible waypoints or random movement)
(@CGUID+110, 167610, 2287, 12831, 12831, '1,2,23,8', '0', 0, 0, 0, -2243.920166015625, 5337.09375, 4140.21142578125, 3.884788274765014648, 7200, 10, 0, 11958, 0, 1, 0, 0, 0, 44325), -- 167610 (Area: Halls of Atonement - Difficulty: Normal) (Auras: 214567 - Mod Scale 90-110%) (possible waypoints or random movement)
(@CGUID+111, 167610, 2287, 12831, 12831, '1,2,23,8', '0', 0, 0, 0, -2247.979248046875, 5340.50244140625, 4140.21142578125, 3.884788274765014648, 7200, 10, 0, 11958, 0, 1, 0, 0, 0, 44325), -- 167610 (Area: Halls of Atonement - Difficulty: Normal) (Auras: 214567 - Mod Scale 90-110%) (possible waypoints or random movement)
(@CGUID+112, 167610, 2287, 12831, 12831, '1,2,23,8', '0', 0, 0, 0, -2160.435791015625, 5342.3056640625, 4140.21142578125, 3.884788274765014648, 7200, 10, 0, 11958, 0, 1, 0, 0, 0, 44325), -- 167610 (Area: Halls of Atonement - Difficulty: Normal) (Auras: 214567 - Mod Scale 90-110%) (possible waypoints or random movement)
(@CGUID+113, 167610, 2287, 12831, 12831, '1,2,23,8', '0', 0, 0, 0, -2243.7744140625, 5340.90966796875, 4140.21142578125, 0.407439172267913818, 7200, 10, 0, 11958, 0, 1, 0, 0, 0, 44325), -- 167610 (Area: Halls of Atonement - Difficulty: Normal) (Auras: 214567 - Mod Scale 90-110%) (possible waypoints or random movement)
(@CGUID+114, 167612, 2287, 12831, 12831, '1,2,23,8', '0', 0, 0, 0, -2208.51220703125, 5348.65966796875, 4140.40283203125, 1.672272324562072753, 7200, 0, 0, 69056, 0, 0, 0, 0, 0, 44325), -- 167612 (Area: Halls of Atonement - Difficulty: Normal)
(@CGUID+115, 165415, 2287, 12831, 12831, '1,2,23,8', '0', 0, 0, 0, -2123.3837890625, 5351.41064453125, 4141.044921875, 0.387879818677902221, 7200, 0, 0, 23916, 0, 0, 0, 0, 0, 44325), -- 165415 (Area: Halls of Atonement - Difficulty: Normal) (Auras: 214567 - Mod Scale 90-110%)
(@CGUID+116, 165415, 2287, 12831, 12831, '1,2,23,8', '0', 0, 0, 0, -2274.53125, 5408.08935546875, 4139.14794921875, 2.918072462081909179, 7200, 0, 0, 23916, 0, 0, 0, 0, 0, 44325), -- 165415 (Area: Halls of Atonement - Difficulty: Normal) (Auras: 214567 - Mod Scale 90-110%)
(@CGUID+117, 167610, 2287, 12831, 12831, '1,2,23,8', '0', 0, 0, 0, -2156.130126953125, 5346.814453125, 4140.21142578125, 3.852745294570922851, 7200, 10, 0, 11958, 0, 1, 0, 0, 0, 44325), -- 167610 (Area: Halls of Atonement - Difficulty: Normal) (Auras: 214567 - Mod Scale 90-110%) (possible waypoints or random movement)
(@CGUID+118, 167611, 2287, 12831, 12831, '1,2,23,8', '0', 0, 0, 0, -2202.526123046875, 5381.6708984375, 4142.3271484375, 5.70175027847290039, 7200, 0, 0, 39860, 0, 0, 0, 0, 0, 44325), -- 167611 (Area: Halls of Atonement - Difficulty: Normal) (Auras: 42459 - Dual Wield)
(@CGUID+119, 165414, 2287, 12831, 12831, '1,2,23,8', '0', 0, 0, 0, -2261.458251953125, 5385.29443359375, 4139.5380859375, 4.698766708374023437, 7200, 0, 0, 35874, 2289, 0, 0, 0, 0, 44325), -- 165414 (Area: Halls of Atonement - Difficulty: Normal)
(@CGUID+120, 165415, 2287, 12831, 12831, '1,2,23,8', '0', 0, 0, 0, -2274.84716796875, 5362.9931640625, 4138.96484375, 2.931489467620849609, 7200, 0, 0, 23916, 0, 0, 0, 0, 0, 44325), -- 165415 (Area: Halls of Atonement - Difficulty: Normal) (Auras: 214567 - Mod Scale 90-110%)
(@CGUID+121, 167611, 2287, 12831, 12831, '1,2,23,8', '0', 0, 0, 0, -2239.538330078125, 5356.4375, 4140.40380859375, 5.004171371459960937, 7200, 0, 0, 39860, 0, 0, 0, 0, 0, 44325), -- 167611 (Area: Halls of Atonement - Difficulty: Normal) (Auras: 42459 - Dual Wield)
(@CGUID+122, 167610, 2287, 12831, 12831, '1,2,23,8', '0', 0, 0, 0, -2182.27783203125, 5420.82470703125, 4146.37548828125, 1.705835580825805664, 7200, 0, 0, 11958, 0, 0, 0, 0, 0, 44325), -- 167610 (Area: Halls of Atonement - Difficulty: Normal) (Auras: 214567 - Mod Scale 90-110%)
(@CGUID+123, 165415, 2287, 12831, 12831, '1,2,23,8', '0', 0, 0, 0, -2275.171875, 5360.60595703125, 4138.93994140625, 3.384130477905273437, 7200, 0, 0, 23916, 0, 0, 0, 0, 0, 44325), -- 165415 (Area: Halls of Atonement - Difficulty: Normal) (Auras: 214567 - Mod Scale 90-110%)
(@CGUID+124, 165415, 2287, 12831, 12831, '1,2,23,8', '0', 0, 0, 0, -2274.18408203125, 5401.2646484375, 4139.1015625, 3.59171915054321289, 7200, 0, 0, 23916, 0, 0, 0, 0, 0, 44325), -- 165415 (Area: Halls of Atonement - Difficulty: Normal) (Auras: 214567 - Mod Scale 90-110%)
(@CGUID+125, 165415, 2287, 12831, 12831, '1,2,23,8', '0', 0, 0, 0, -2123.463623046875, 5344.5771484375, 4141.04541015625, 5.997418403625488281, 7200, 0, 0, 23916, 0, 0, 0, 0, 0, 44325), -- 165415 (Area: Halls of Atonement - Difficulty: Normal) (Auras: 214567 - Mod Scale 90-110%)
(@CGUID+126, 165415, 2287, 12831, 12831, '1,2,23,8', '0', 0, 0, 0, -2123.392333984375, 5346.84814453125, 4141.0732421875, 5.835014820098876953, 7200, 0, 0, 23916, 0, 0, 0, 0, 0, 44325), -- 165415 (Area: Halls of Atonement - Difficulty: Normal) (Auras: 214567 - Mod Scale 90-110%)
(@CGUID+127, 167612, 2287, 12831, 12831, '1,2,23,8', '0', 0, 0, 0, -2172.2119140625, 5357.8037109375, 4140.236328125, 4.968997001647949218, 7200, 0, 0, 69056, 0, 0, 0, 0, 0, 44325), -- 167612 (Area: Halls of Atonement - Difficulty: Normal)
(@CGUID+128, 165415, 2287, 12831, 12831, '1,2,23,8', '0', 0, 0, 0, -2123.36279296875, 5349.00439453125, 4141.04638671875, 6.218423366546630859, 7200, 0, 0, 23916, 0, 0, 0, 0, 0, 44325), -- 165415 (Area: Halls of Atonement - Difficulty: Normal) (Auras: 214567 - Mod Scale 90-110%)
(@CGUID+129, 167612, 2287, 12831, 12831, '1,2,23,8', '0', 0, 0, 0, -2246.83154296875, 5356.09912109375, 4140.40380859375, 4.477041244506835937, 7200, 0, 0, 69056, 0, 0, 0, 0, 0, 44325), -- 167612 (Area: Halls of Atonement - Difficulty: Normal)
(@CGUID+130, 167611, 2287, 12831, 12831, '1,2,23,8', '0', 0, 0, 0, -2153.498291015625, 5380.5859375, 4140.21875, 5.515698909759521484, 7200, 0, 0, 39860, 0, 0, 0, 0, 0, 44325), -- 167611 (Area: Halls of Atonement - Difficulty: Normal) (Auras: 42459 - Dual Wield)
(@CGUID+131, 167610, 2287, 12831, 12831, '1,2,23,8', '0', 0, 0, 0, -2151.989501953125, 5342.9296875, 4140.21142578125, 3.726848840713500976, 7200, 10, 0, 11958, 0, 1, 0, 0, 0, 44325), -- 167610 (Area: Halls of Atonement - Difficulty: Normal) (Auras: 214567 - Mod Scale 90-110%) (possible waypoints or random movement)
(@CGUID+132, 165415, 2287, 12831, 12831, '1,2,23,8', '0', 0, 0, 0, -2274.107666015625, 5367.35595703125, 4138.93408203125, 2.710484266281127929, 7200, 0, 0, 23916, 0, 0, 0, 0, 0, 44325), -- 165415 (Area: Halls of Atonement - Difficulty: Normal) (Auras: 214567 - Mod Scale 90-110%)
(@CGUID+133, 167611, 2287, 12831, 12831, '1,2,23,8', '0', 0, 0, 0, -2180.104248046875, 5357.52099609375, 4140.23681640625, 4.587864398956298828, 7200, 0, 0, 39860, 0, 0, 0, 0, 0, 44325), -- 167611 (Area: Halls of Atonement - Difficulty: Normal) (Auras: 42459 - Dual Wield)
(@CGUID+134, 165415, 2287, 12831, 12831, '1,2,23,8', '0', 0, 0, 0, -2274.505126953125, 5365.11279296875, 4138.95068359375, 2.5480804443359375, 7200, 0, 0, 23916, 0, 0, 0, 0, 0, 44325), -- 165415 (Area: Halls of Atonement - Difficulty: Normal) (Auras: 214567 - Mod Scale 90-110%)
(@CGUID+135, 165415, 2287, 12831, 12831, '1,2,23,8', '0', 0, 0, 0, -2274.458251953125, 5405.8134765625, 4139.13427734375, 2.75566864013671875, 7200, 0, 0, 23916, 0, 0, 0, 0, 0, 44325), -- 165415 (Area: Halls of Atonement - Difficulty: Normal) (Auras: 214567 - Mod Scale 90-110%)
(@CGUID+136, 165415, 2287, 12831, 12831, '1,2,23,8', '0', 0, 0, 0, -2274.357666015625, 5403.66650390625, 4139.12109375, 3.139077425003051757, 7200, 0, 0, 23916, 0, 0, 0, 0, 0, 44325), -- 165415 (Area: Halls of Atonement - Difficulty: Normal) (Auras: 214567 - Mod Scale 90-110%)
(@CGUID+137, 165515, 2287, 12831, 12831, '1,2,23,8', '0', 0, 0, 0, -2261.77783203125, 5381.40625, 4139.5107421875, 1.413997888565063476, 7200, 0, 0, 39860, 100, 0, 0, 0, 0, 44325), -- 165515 (Area: Halls of Atonement - Difficulty: Normal)
(@CGUID+138, 167610, 2287, 12831, 12831, '1,2,23,8', '0', 0, 0, 0, -2184.444580078125, 5423.345703125, 4146.37548828125, 1.381193041801452636, 7200, 0, 0, 11958, 0, 0, 0, 0, 0, 44325), -- 167610 (Area: Halls of Atonement - Difficulty: Normal) (Auras: 214567 - Mod Scale 90-110%)
(@CGUID+139, 165415, 2287, 12831, 12831, '1,2,23,8', '0', 0, 0, 0, -2124.682373046875, 5415.44189453125, 4141.29638671875, 6.218423366546630859, 7200, 0, 0, 23916, 0, 0, 0, 0, 0, 44325), -- 165415 (Area: Halls of Atonement - Difficulty: Normal) (Auras: 214567 - Mod Scale 90-110%)
(@CGUID+140, 167610, 2287, 12831, 12831, '1,2,23,8', '0', 0, 0, 0, -2208.935791015625, 5353.00537109375, 4140.2119140625, 4.833874702453613281, 7200, 0, 0, 11958, 0, 0, 0, 0, 0, 44325), -- 167610 (Area: Halls of Atonement - Difficulty: Normal) (Auras: 214567 - Mod Scale 90-110%)
(@CGUID+141, 165415, 2287, 12831, 12831, '1,2,23,8', '0', 0, 0, 0, -2124.703125, 5417.84814453125, 4141.06005859375, 0.387879818677902221, 7200, 0, 0, 23916, 0, 0, 0, 0, 0, 44325), -- 165415 (Area: Halls of Atonement - Difficulty: Normal) (Auras: 214567 - Mod Scale 90-110%)
(@CGUID+142, 167610, 2287, 12831, 12831, '1,2,23,8', '0', 0, 0, 0, -2132.982666015625, 5308.08154296875, 4140.6806640625, 0.403583943843841552, 7200, 0, 0, 11958, 0, 0, 0, 0, 0, 44325), -- 167610 (Area: Halls of Atonement - Difficulty: Normal) (Auras: 214567 - Mod Scale 90-110%)
(@CGUID+143, 167612, 2287, 12831, 12831, '1,2,23,8', '0', 0, 0, 0, -2183.092041015625, 5428.658203125, 4146.37548828125, 4.781185626983642578, 7200, 0, 0, 69056, 0, 0, 0, 0, 0, 44325), -- 167612 (Area: Halls of Atonement - Difficulty: Normal)
(@CGUID+144, 167610, 2287, 12831, 12831, '1,2,23,8', '0', 0, 0, 0, -2132.963623046875, 5311.7880859375, 4140.6806640625, 6.104014873504638671, 7200, 0, 0, 11958, 0, 0, 0, 0, 0, 44325), -- 167610 (Area: Halls of Atonement - Difficulty: Normal) (Auras: 214567 - Mod Scale 90-110%)
(@CGUID+145, 165515, 2287, 12831, 12831, '1,2,23,8', '0', 0, 0, 0, -2267.001708984375, 5326.70654296875, 4140.0390625, 0.492773205041885375, 7200, 0, 0, 39860, 100, 0, 0, 0, 0, 44325), -- 165515 (Area: Halls of Atonement - Difficulty: Normal)
(@CGUID+146, 167610, 2287, 12831, 12831, '1,2,23,8', '0', 0, 0, 0, -2187.913330078125, 5424.7568359375, 4146.37548828125, 0.741365432739257812, 7200, 0, 0, 11958, 0, 0, 0, 0, 0, 44325), -- 167610 (Area: Halls of Atonement - Difficulty: Normal) (Auras: 214567 - Mod Scale 90-110%)
(@CGUID+147, 167610, 2287, 12831, 12831, '1,2,23,8', '0', 0, 0, 0, -2130.053955078125, 5313.39306640625, 4140.6806640625, 5.576791286468505859, 7200, 0, 0, 11958, 0, 0, 0, 0, 0, 44325), -- 167610 (Area: Halls of Atonement - Difficulty: Normal) (Auras: 214567 - Mod Scale 90-110%)
(@CGUID+148, 167610, 2287, 12831, 12831, '1,2,23,8', '0', 0, 0, 0, -2188.927001953125, 5428.1318359375, 4146.37548828125, 0.139714762568473815, 7200, 0, 0, 11958, 0, 0, 0, 0, 0, 44325), -- 167610 (Area: Halls of Atonement - Difficulty: Normal) (Auras: 214567 - Mod Scale 90-110%)
(@CGUID+149, 165415, 2287, 12831, 12831, '1,2,23,8', '0', 0, 0, 0, -2124.782958984375, 5411.0146484375, 4141.060546875, 5.997418403625488281, 7200, 0, 0, 23916, 0, 0, 0, 0, 0, 44325), -- 165415 (Area: Halls of Atonement - Difficulty: Normal) (Auras: 214567 - Mod Scale 90-110%)
(@CGUID+150, 167610, 2287, 12831, 12831, '1,2,23,8', '0', 0, 0, 0, -2205.291748046875, 5353.86962890625, 4140.21142578125, 4.188519001007080078, 7200, 0, 0, 11958, 0, 0, 0, 0, 0, 44325), -- 167610 (Area: Halls of Atonement - Difficulty: Normal) (Auras: 214567 - Mod Scale 90-110%)
(@CGUID+151, 165415, 2287, 12831, 12831, '1,2,23,8', '0', 0, 0, 0, -2124.7119140625, 5413.28564453125, 4141.29638671875, 5.835014820098876953, 7200, 0, 0, 23916, 0, 0, 0, 0, 0, 44325), -- 165415 (Area: Halls of Atonement - Difficulty: Normal) (Auras: 214567 - Mod Scale 90-110%)
(@CGUID+152, 167610, 2287, 12831, 12831, '1,2,23,8', '0', 0, 0, 0, -2203.217041015625, 5347.375, 4140.44287109375, 2.971525192260742187, 7200, 0, 0, 11958, 0, 0, 0, 0, 0, 44325), -- 167610 (Area: Halls of Atonement - Difficulty: Normal) (Auras: 214567 - Mod Scale 90-110%)
(@CGUID+153, 167610, 2287, 12831, 12831, '1,2,23,8', '0', 0, 0, 0, -2178.645751953125, 5421.5693359375, 4146.37548828125, 2.14320540428161621, 7200, 0, 0, 11958, 0, 0, 0, 0, 0, 44325), -- 167610 (Area: Halls of Atonement - Difficulty: Normal) (Auras: 214567 - Mod Scale 90-110%)
(@CGUID+154, 167610, 2287, 12831, 12831, '1,2,23,8', '0', 0, 0, 0, -2213.234375, 5347.736328125, 4140.37646484375, 0.151774615049362182, 7200, 0, 0, 11958, 0, 0, 0, 0, 0, 44325), -- 167610 (Area: Halls of Atonement - Difficulty: Normal) (Auras: 214567 - Mod Scale 90-110%)
(@CGUID+155, 167610, 2287, 12831, 12831, '1,2,23,8', '0', 0, 0, 0, -2212.157958984375, 5353.80224609375, 4140.2109375, 5.331627368927001953, 7200, 0, 0, 11958, 0, 0, 0, 0, 0, 44325), -- 167610 (Area: Halls of Atonement - Difficulty: Normal) (Auras: 214567 - Mod Scale 90-110%)
(@CGUID+156, 165515, 2287, 12831, 12831, '1,2,23,8', '0', 0, 0, 0, -2237.314208984375, 5431.6865234375, 4146.37548828125, 6.098025798797607421, 7200, 0, 0, 39860, 100, 0, 0, 0, 0, 44325), -- 165515 (Area: Halls of Atonement - Difficulty: Normal)
(@CGUID+157, 167611, 2287, 12831, 12831, '1,2,23,8', '0', 0, 0, 0, -2216.140625, 5381.6708984375, 4142.3271484375, 3.932799577713012695, 7200, 0, 0, 39860, 0, 0, 0, 0, 0, 44325), -- 167611 (Area: Halls of Atonement - Difficulty: Normal) (Auras: 42459 - Dual Wield)
(@CGUID+158, 167611, 2287, 12831, 12831, '1,2,23,8', '0', 0, 0, 0, -2147.8212890625, 5374.98779296875, 4140.234375, 2.352286100387573242, 7200, 0, 0, 39860, 0, 0, 0, 0, 0, 44325), -- 167611 (Area: Halls of Atonement - Difficulty: Normal) (Auras: 42459 - Dual Wield)
(@CGUID+159, 165515, 2287, 12831, 12831, '1,2,23,8', '0', 0, 0, 0, -2155.9375, 5414.28662109375, 4140.158203125, 0.002783535979688167, 7200, 0, 0, 39860, 100, 0, 0, 0, 0, 44325), -- 165515 (Area: Halls of Atonement - Difficulty: Normal)
(@CGUID+160, 165414, 2287, 12831, 12831, '1,2,23,8', '0', 0, 0, 0, -2233.439208984375, 5431.26318359375, 4146.37548828125, 3.099610567092895507, 7200, 0, 0, 35874, 2289, 0, 0, 0, 0, 44325), -- 165414 (Area: Halls of Atonement - Difficulty: Normal)
(@CGUID+161, 165414, 2287, 12831, 12831, '1,2,23,8', '0', 0, 0, 0, -2152.048583984375, 5414.59130859375, 4140.15478515625, 3.287553071975708007, 7200, 0, 0, 35874, 2289, 0, 0, 0, 0, 44325), -- 165414 (Area: Halls of Atonement - Difficulty: Normal)
(@CGUID+162, 167610, 2287, 12831, 12831, '1,2,23,8', '0', 0, 0, 0, -2127.96875, 5316.5009765625, 4140.6806640625, 4.897181510925292968, 7200, 0, 0, 11958, 0, 0, 0, 0, 0, 44325), -- 167610 (Area: Halls of Atonement - Difficulty: Normal) (Auras: 214567 - Mod Scale 90-110%)
(@CGUID+163, 167610, 2287, 12831, 12831, '1,2,23,8', '0', 0, 0, 0, -2124.458251953125, 5316.80126953125, 4140.6806640625, 4.335013389587402343, 7200, 0, 0, 11958, 0, 0, 0, 0, 0, 44325), -- 167610 (Area: Halls of Atonement - Difficulty: Normal) (Auras: 214567 - Mod Scale 90-110%)
(@CGUID+164, 167612, 2287, 12831, 12831, '1,2,23,8', '0', 0, 0, 0, -2209.725830078125, 5377.20849609375, 4142.24609375, 4.695035934448242187, 7200, 0, 0, 69056, 0, 0, 0, 0, 0, 44325), -- 167612 (Area: Halls of Atonement - Difficulty: Normal)
(@CGUID+165, 165410, 2287, 12831, 12831, '1,2,23,8', '0', 0, 0, 0, -2209.77783203125, 5682.4599609375, 4179.91357421875, 4.771651268005371093, 7200, 10, 0, 365225, 100, 1, 0, 0, 0, 44325), -- 165410 (Area: Halls of Atonement - Difficulty: Normal) (possible waypoints or random movement)
(@CGUID+166, 164218, 2287, 12831, 12831, '1,2,23,8', '0', 0, 0, 0, -2209.704833984375, 5724.62060546875, 4223.44921875, 4.687039852142333984, 7200, 0, 0, 417400, 2434, 0, 0, 0, 0, 44325), -- 164218 (Area: Halls of Atonement - Difficulty: Normal) (Auras: 335359 - Glowing Hands)
(@CGUID+167, 166497, 2287, 12831, 12831, '1,2,23,8', '0', 0, 0, 0, -2209.78466796875, 5641.3369140625, 4170.16943359375, 4.71094512939453125, 7200, 0, 0, 7972, 0, 0, 0, 0, 0, 44325), -- 166497 (Area: Halls of Atonement - Difficulty: Normal) (Auras: 324475 - Anima Fountain)
(@CGUID+168, 164562, 2287, 12831, 12831, '1,2,23,8', '0', 0, 0, 0, -2255.16845703125, 5644.533203125, 4179.6376953125, 4.753300189971923828, 7200, 10, 0, 35874, 100, 1, 0, 0, 0, 44325), -- 164562 (Area: Halls of Atonement - Difficulty: Normal) (possible waypoints or random movement)
(@CGUID+169, 164563, 2287, 12831, 12831, '1,2,23,8', '0', 0, 0, 0, -2251.780517578125, 5648.21044921875, 4154.20068359375, 4.709794044494628906, 7200, 10, 0, 43846, 0, 1, 0, 0, 0, 44325), -- 164563 (Area: Halls of Atonement - Difficulty: Normal) (Auras: 214567 - Mod Scale 90-110%, 18950 - Invisibility and Stealth Detection) (possible waypoints or random movement)
(@CGUID+170, 164563, 2287, 12831, 12831, '1,2,23,8', '0', 0, 0, 0, -2255.16845703125, 5644.533203125, 4154.07568359375, 5.294392108917236328, 7200, 10, 0, 43846, 0, 1, 0, 0, 0, 44325), -- 164563 (Area: Halls of Atonement - Difficulty: Normal) (Auras: 214567 - Mod Scale 90-110%, 18950 - Invisibility and Stealth Detection) (possible waypoints or random movement)
(@CGUID+171, 166034, 2287, 12831, 12831, '1,2,23,8', '0', 0, 0, 0, -2200.920166015625, 5661.94189453125, 4179.91796875, 4.594826698303222656, 7200, 0, 0, 7972, 0, 0, 0, 0, 0, 44325), -- 166034 (Area: Halls of Atonement - Difficulty: Normal)
(@CGUID+172, 166034, 2287, 12831, 12831, '1,2,23,8', '0', 0, 0, 0, -2218.755126953125, 5662.0009765625, 4179.9189453125, 4.832703590393066406, 7200, 0, 0, 7972, 0, 0, 0, 0, 0, 44325), -- 166034 (Area: Halls of Atonement - Difficulty: Normal)
(@CGUID+173, 166034, 2287, 12831, 12831, '1,2,23,8', '0', 0, 0, 0, -2198.572998046875, 5679.38720703125, 4179.70703125, 3.790926933288574218, 7200, 0, 0, 7972, 0, 0, 0, 0, 0, 44325), -- 166034 (Area: Halls of Atonement - Difficulty: Normal)
(@CGUID+174, 166034, 2287, 12831, 12831, '1,2,23,8', '0', 0, 0, 0, -2220.98095703125, 5678.87060546875, 4179.70068359375, 5.661424160003662109, 7200, 0, 0, 7972, 0, 0, 0, 0, 0, 44325), -- 166034 (Area: Halls of Atonement - Difficulty: Normal)
(@CGUID+175, 165737, 2287, 12831, 12831, '1,2,23,8', '0', 0, 0, 0, -2186.15625, 5702.77880859375, 4223.482421875, 3.948878765106201171, 7200, 0, 0, 7972, 0, 0, 0, 0, 0, 44325), -- 165737 (Area: Halls of Atonement - Difficulty: Normal) (Auras: 328551 - Statue Collision, 323116 - Telekinetic Collision)
(@CGUID+176, 165737, 2287, 12831, 12831, '1,2,23,8', '0', 0, 0, 0, -2233.126708984375, 5702.8505859375, 4223.4765625, 5.537547111511230468, 7200, 0, 0, 7972, 0, 0, 0, 0, 0, 44325), -- 165737 (Area: Halls of Atonement - Difficulty: Normal) (Auras: 328551 - Statue Collision, 323116 - Telekinetic Collision)
(@CGUID+177, 165737, 2287, 12831, 12831, '1,2,23,8', '0', 0, 0, 0, -2222.354248046875, 5713.6943359375, 4223.44921875, 5.485267162322998046, 7200, 0, 0, 7972, 0, 0, 0, 0, 0, 44325), -- 165737 (Area: Halls of Atonement - Difficulty: Normal) (Auras: 328551 - Statue Collision, 323116 - Telekinetic Collision)
(@CGUID+178, 165737, 2287, 12831, 12831, '1,2,23,8', '0', 0, 0, 0, -2196.882080078125, 5713.5849609375, 4223.44921875, 3.945362329483032226, 7200, 0, 0, 7972, 0, 0, 0, 0, 0, 44325), -- 165737 (Area: Halls of Atonement - Difficulty: Normal) (Auras: 328551 - Statue Collision, 323116 - Telekinetic Collision)
(@CGUID+179, 164563, 2287, 12831, 12831, '1,2,23,8', '0', 0, 0, 0, -2200.333251953125, 5553.19873046875, 4170.37353515625, 4.735088825225830078, 7200, 10, 0, 43846, 0, 1, 0, 0, 0, 44325), -- 164563 (Area: Halls of Atonement - Difficulty: Normal) (Auras: 214567 - Mod Scale 90-110%) (possible waypoints or random movement)
(@CGUID+180, 164562, 2287, 12831, 12831, '1,2,23,8', '0', 0, 0, 0, -2203.71533203125, 5562.96435546875, 4170.82861328125, 4.735088825225830078, 7200, 10, 0, 35874, 100, 1, 0, 0, 0, 44325), -- 164562 (Area: Halls of Atonement - Difficulty: Normal) (Auras: ) (possible waypoints or random movement)
(@CGUID+181, 164563, 2287, 12831, 12831, '1,2,23,8', '0', 0, 0, 0, -2209.90625, 5547.36474609375, 4170.82861328125, 4.735088825225830078, 7200, 10, 0, 43846, 0, 1, 0, 0, 0, 44325), -- 164563 (Area: Halls of Atonement - Difficulty: Normal) (Auras: 214567 - Mod Scale 90-110%) (possible waypoints or random movement)
(@CGUID+182, 164562, 2287, 12831, 12831, '1,2,23,8', '0', 0, 0, 0, -2215.84375, 5562.75537109375, 4170.82861328125, 4.735088825225830078, 7200, 10, 0, 35874, 100, 1, 0, 0, 0, 44325), -- 164562 (Area: Halls of Atonement - Difficulty: Normal) (Auras: ) (possible waypoints or random movement)
(@CGUID+183, 164563, 2287, 12831, 12831, '1,2,23,8', '0', 0, 0, 0, -2218.802001953125, 5553.19873046875, 4170.37353515625, 4.735088825225830078, 7200, 10, 0, 43846, 0, 1, 0, 0, 0, 44325), -- 164563 (Area: Halls of Atonement - Difficulty: Normal) (Auras: 214567 - Mod Scale 90-110%) (possible waypoints or random movement)
(@CGUID+184, 174175, 2287, 12831, 12831, '1,2,23,8', '0', 0, 0, 0, -2187.552001953125, 5612.16845703125, 4170.12646484375, 3.161977291107177734, 7200, 0, 0, 69056, 0, 0, 0, 0, 0, 44325), -- 174175 (Area: Halls of Atonement - Difficulty: Normal) (Auras: 342021 - Loyal Stoneborn, 341811 - Chiseled Statue)
(@CGUID+185, 174175, 2287, 12831, 12831, '1,2,23,8', '0', 0, 0, 0, -2230.895751953125, 5612.14501953125, 4170.12646484375, 0.003882888937368988, 7200, 0, 0, 69056, 0, 0, 0, 0, 0, 44325), -- 174175 (Area: Halls of Atonement - Difficulty: Normal) (Auras: 342021 - Loyal Stoneborn, 341811 - Chiseled Statue)
(@CGUID+186, 165529, 2287, 12831, 12831, '1,2,23,8', '0', 0, 0, 0, -2214.935791015625, 5625.5849609375, 4169.72265625, 4.835748672485351562, 7200, 10, 0, 39860, 2289, 1, 0, 0, 0, 44325), -- 165529 (Area: Halls of Atonement - Difficulty: Normal) (Auras: ) (possible waypoints or random movement)
(@CGUID+187, 167615, 2287, 12831, 12831, '1,2,23,8', '0', 0, 0, 0, -2216.84033203125, 5609.13916015625, 4169.74951171875, 6.278778076171875, 7200, 10, 0, 39860, 100, 1, 0, 0, 0, 44325), -- 167615 (Area: Halls of Atonement - Difficulty: Normal) (Auras: ) (possible waypoints or random movement)
(@CGUID+188, 167615, 2287, 12831, 12831, '1,2,23,8', '0', 0, 0, 0, -2202.757080078125, 5609.00341796875, 4169.71484375, 3.060579299926757812, 7200, 10, 0, 39860, 100, 1, 0, 0, 0, 44325), -- 167615 (Area: Halls of Atonement - Difficulty: Normal) (Auras: ) (possible waypoints or random movement)
(@CGUID+189, 165414, 2287, 12831, 12831, '1,2,23,8', '0', 0, 0, 0, -2205.092041015625, 5624.890625, 4169.6962890625, 4.597831249237060546, 7200, 10, 0, 35874, 2289, 1, 0, 0, 0, 44325), -- 165414 (Area: Halls of Atonement - Difficulty: Normal) (Auras: ) (possible waypoints or random movement)
(@CGUID+190, 167876, 2287, 12831, 12831, '1,2,23,8', '0', 0, 0, 0, -2209.92529296875, 5621.1787109375, 4227.150390625, 4.715013980865478515, 7200, 10, 0, 129480, 2369, 1, 0, 0, 0, 44325), -- 167876 (Area: Halls of Atonement - Difficulty: Normal) (Auras: ) (possible waypoints or random movement)
(@CGUID+191, 167892, 2287, 12831, 12831, '1,2,23,8', '0', 0, 0, 0, -2217.7744140625, 5598.84375, 4224.67431640625, 0.223807796835899353, 7200, 0, 0, 7972, 0, 0, 0, 0, 0, 44325), -- 167892 (Area: Halls of Atonement - Difficulty: Normal) (Auras: 284754 - Shade Small Spawn)
(@CGUID+192, 167892, 2287, 12831, 12831, '1,2,23,8', '0', 0, 0, 0, -2197.39404296875, 5599.23291015625, 4224.67431640625, 2.15304422378540039, 7200, 0, 0, 7972, 0, 0, 0, 0, 0, 44325), -- 167892 (Area: Halls of Atonement - Difficulty: Normal) (Auras: 284754 - Shade Small Spawn)
(@CGUID+193, 167892, 2287, 12831, 12831, '1,2,23,8', '0', 0, 0, 0, -2202.229248046875, 5598.515625, 4224.67431640625, 1.938110113143920898, 7200, 0, 0, 7972, 0, 0, 0, 0, 0, 44325), -- 167892 (Area: Halls of Atonement - Difficulty: Normal) (Auras: 284754 - Shade Small Spawn)
(@CGUID+194, 167892, 2287, 12831, 12831, '1,2,23,8', '0', 0, 0, 0, -2223.03125, 5594.09375, 4224.67431640625, 1.184697628021240234, 7200, 0, 0, 7972, 0, 0, 0, 0, 0, 44325), -- 167892 (Area: Halls of Atonement - Difficulty: Normal) (Auras: 284754 - Shade Small Spawn)
(@CGUID+195, 167892, 2287, 12831, 12831, '1,2,23,8', '0', 0, 0, 0, -2221.380126953125, 5613.29345703125, 4224.67431640625, 0.742573440074920654, 7200, 0, 0, 7972, 0, 0, 0, 0, 0, 44325), -- 167892 (Area: Halls of Atonement - Difficulty: Normal) (Auras: 284754 - Shade Small Spawn)
(@CGUID+196, 167892, 2287, 12831, 12831, '1,2,23,8', '0', 0, 0, 0, -2220.802001953125, 5603.16650390625, 4224.67431640625, 0.36119389533996582, 7200, 0, 0, 7972, 0, 0, 0, 0, 0, 44325), -- 167892 (Area: Halls of Atonement - Difficulty: Normal) (Auras: 284754 - Shade Small Spawn)
(@CGUID+197, 167892, 2287, 12831, 12831, '1,2,23,8', '0', 0, 0, 0, -2217.388916015625, 5607.7119140625, 4224.67431640625, 1.014536499977111816, 7200, 0, 0, 7972, 0, 0, 0, 0, 0, 44325), -- 167892 (Area: Halls of Atonement - Difficulty: Normal) (Auras: 284754 - Shade Small Spawn)
(@CGUID+198, 167892, 2287, 12831, 12831, '1,2,23,8', '0', 0, 0, 0, -2199.857666015625, 5568.751953125, 4224.67431640625, 1.92011725902557373, 7200, 0, 0, 7972, 0, 0, 0, 0, 0, 44325), -- 167892 (Area: Halls of Atonement - Difficulty: Normal) (Auras: 284754 - Shade Small Spawn)
(@CGUID+199, 167892, 2287, 12831, 12831, '1,2,23,8', '0', 0, 0, 0, -2197.623291015625, 5558.4931640625, 4224.67431640625, 1.805309295654296875, 7200, 0, 0, 7972, 0, 0, 0, 0, 0, 44325), -- 167892 (Area: Halls of Atonement - Difficulty: Normal) (Auras: 284754 - Shade Small Spawn)
(@CGUID+200, 167892, 2287, 12831, 12831, '1,2,23,8', '0', 0, 0, 0, -2222.567626953125, 5558.6171875, 4224.67431640625, 0.909763514995574951, 7200, 0, 0, 7972, 0, 0, 0, 0, 0, 44325), -- 167892 (Area: Halls of Atonement - Difficulty: Normal) (Auras: 284754 - Shade Small Spawn)
(@CGUID+201, 167892, 2287, 12831, 12831, '1,2,23,8', '0', 0, 0, 0, -2201.229248046875, 5572.94287109375, 4224.6904296875, 1.148023724555969238, 7200, 0, 0, 7972, 0, 0, 0, 0, 0, 44325), -- 167892 (Area: Halls of Atonement - Difficulty: Normal) (Auras: 284754 - Shade Small Spawn)
(@CGUID+202, 167892, 2287, 12831, 12831, '1,2,23,8', '0', 0, 0, 0, -2220.953125, 5562.58935546875, 4224.67431640625, 0.36119389533996582, 7200, 0, 0, 7972, 0, 0, 0, 0, 0, 44325), -- 167892 (Area: Halls of Atonement - Difficulty: Normal) (Auras: 284754 - Shade Small Spawn)
(@CGUID+203, 167892, 2287, 12831, 12831, '1,2,23,8', '0', 0, 0, 0, -2219.30908203125, 5554.275390625, 4224.673828125, 1.184697628021240234, 7200, 0, 0, 7972, 0, 0, 0, 0, 0, 44325), -- 167892 (Area: Halls of Atonement - Difficulty: Normal) (Auras: 284754 - Shade Small Spawn)
(@CGUID+204, 167892, 2287, 12831, 12831, '1,2,23,8', '0', 0, 0, 0, -2222.69091796875, 5568.2724609375, 4224.67431640625, 0.223807796835899353, 7200, 0, 0, 7972, 0, 0, 0, 0, 0, 44325), -- 167892 (Area: Halls of Atonement - Difficulty: Normal) (Auras: 284754 - Shade Small Spawn)
(@CGUID+205, 167892, 2287, 12831, 12831, '1,2,23,8', '0', 0, 0, 0, -2200.651123046875, 5562.81591796875, 4224.67431640625, 1.661031723022460937, 7200, 0, 0, 7972, 0, 0, 0, 0, 0, 44325), -- 167892 (Area: Halls of Atonement - Difficulty: Normal) (Auras: 284754 - Shade Small Spawn)
(@CGUID+206, 167892, 2287, 12831, 12831, '1,2,23,8', '0', 0, 0, 0, -2217.5400390625, 5567.134765625, 4224.67431640625, 1.014536499977111816, 7200, 0, 0, 7972, 0, 0, 0, 0, 0, 44325), -- 167892 (Area: Halls of Atonement - Difficulty: Normal) (Auras: 284754 - Shade Small Spawn)
(@CGUID+207, 167892, 2287, 12831, 12831, '1,2,23,8', '0', 0, 0, 0, -2196.583251953125, 5563.27783203125, 4224.67431640625, 1.934929251670837402, 7200, 0, 0, 7972, 0, 0, 0, 0, 0, 44325), -- 167892 (Area: Halls of Atonement - Difficulty: Normal) (Auras: 284754 - Shade Small Spawn)
(@CGUID+208, 167892, 2287, 12831, 12831, '1,2,23,8', '0', 0, 0, 0, -2221.53125, 5572.71630859375, 4224.67431640625, 0.742573440074920654, 7200, 0, 0, 7972, 0, 0, 0, 0, 0, 44325), -- 167892 (Area: Halls of Atonement - Difficulty: Normal) (Auras: 284754 - Shade Small Spawn)
(@CGUID+209, 167892, 2287, 12831, 12831, '1,2,23,8', '0', 0, 0, 0, -2222.416748046875, 5599.1943359375, 4224.67431640625, 0.909763514995574951, 7200, 0, 0, 7972, 0, 0, 0, 0, 0, 44325), -- 167892 (Area: Halls of Atonement - Difficulty: Normal) (Auras: 284754 - Shade Small Spawn)
(@CGUID+210, 167892, 2287, 12831, 12831, '1,2,23,8', '0', 0, 0, 0, -2200.30029296875, 5594.611328125, 4224.67431640625, 1.841698527336120605, 7200, 0, 0, 7972, 0, 0, 0, 0, 0, 44325), -- 167892 (Area: Halls of Atonement - Difficulty: Normal) (Auras: 284754 - Shade Small Spawn)
(@CGUID+211, 167892, 2287, 12831, 12831, '1,2,23,8', '0', 0, 0, 0, -2202.01904296875, 5602.3115234375, 4224.67431640625, 2.143687963485717773, 7200, 0, 0, 7972, 0, 0, 0, 0, 0, 44325), -- 167892 (Area: Halls of Atonement - Difficulty: Normal) (Auras: 284754 - Shade Small Spawn)
(@CGUID+212, 167892, 2287, 12831, 12831, '1,2,23,8', '0', 0, 0, 0, -2198.60595703125, 5606.85693359375, 4224.67431640625, 1.715925335884094238, 7200, 0, 0, 7972, 0, 0, 0, 0, 0, 44325), -- 167892 (Area: Halls of Atonement - Difficulty: Normal) (Auras: 284754 - Shade Small Spawn)
(@CGUID+213, 167892, 2287, 12831, 12831, '1,2,23,8', '0', 0, 0, 0, -2202.59716796875, 5612.4384765625, 4224.6748046875, 2.502179384231567382, 7200, 0, 0, 7972, 0, 0, 0, 0, 0, 44325), -- 167892 (Area: Halls of Atonement - Difficulty: Normal) (Auras: 284754 - Shade Small Spawn)
(@CGUID+214, 167892, 2287, 12831, 12831, '1,2,23,8', '0', 0, 0, 0, -2202.880126953125, 5553.7431640625, 4224.6728515625, 1.924186110496520996, 7200, 0, 0, 7972, 0, 0, 0, 0, 0, 44325), -- 167892 (Area: Halls of Atonement - Difficulty: Normal) (Auras: 284754 - Shade Small Spawn)
(@CGUID+215, 175577, 2287, 12831, 12831, '1,2,23,8', '0', 0, 0, 0, -2209.460205078125, 5721.45654296875, 4246.99169921875, 4.636378765106201171, 7200, 0, 0, 8630, 0, 0, 0, 0, 0, 44325); -- Sinfall Flyer (Area: Halls of Atonement - Difficulty: Normal)
DELETE FROM `creature_addon` WHERE `guid` BETWEEN @CGUID+0 AND @CGUID+215;
INSERT INTO `creature_addon` (`guid`, `path_id`, `mount`, `bytes1`, `bytes2`, `emote`, `aiAnimKit`, `movementAnimKit`, `meleeAnimKit`, `visibilityDistanceType`, `auras`) VALUES
(@CGUID+0, 0, 0, 0, 0, 0, 0, 0, 0, 0, ''), -- 165515
(@CGUID+1, 0, 0, 0, 1, 0, 0, 0, 0, 0, '342021 341811'), -- 174175 - 342021 - Loyal Stoneborn, 341811 - Chiseled Statue
(@CGUID+2, 0, 0, 0, 1, 0, 20301, 0, 0, 0, '214567'), -- 165415 - 214567 - Mod Scale 90-110%
(@CGUID+3, 0, 0, 0, 0, 0, 0, 0, 0, 0, ''), -- 165414
(@CGUID+4, 0, 0, 0, 1, 0, 11726, 0, 0, 0, ''), -- 165414
(@CGUID+5, 0, 0, 0, 1, 0, 20300, 0, 0, 0, '214567'), -- 165415 - 214567 - Mod Scale 90-110%
(@CGUID+6, 0, 0, 0, 1, 0, 0, 0, 0, 5, '325509'), -- 164557 - 325509 - Halkias's Anima
(@CGUID+7, 0, 0, 0, 1, 0, 11726, 0, 0, 0, ''), -- 165414
(@CGUID+8, 0, 0, 0, 1, 0, 0, 0, 0, 0, ''), -- 165515
(@CGUID+9, 0, 0, 0, 1, 0, 0, 0, 0, 0, '214567 18950'), -- 164563 - 214567 - Mod Scale 90-110%, 18950 - Invisibility and Stealth Detection
(@CGUID+10, 0, 0, 0, 0, 0, 0, 0, 0, 0, ''), -- 165515
(@CGUID+11, 0, 0, 0, 1, 0, 0, 0, 0, 0, ''), -- 165515
(@CGUID+12, 0, 0, 0, 1, 0, 11726, 0, 0, 0, ''), -- 165414
(@CGUID+13, 0, 0, 0, 1, 0, 0, 0, 0, 0, ''), -- 165515
(@CGUID+14, 0, 0, 0, 0, 0, 0, 0, 0, 0, ''), -- 165414
(@CGUID+15, 0, 0, 0, 1, 0, 14585, 0, 0, 0, '214567'), -- 165415 - 214567 - Mod Scale 90-110%
(@CGUID+16, 0, 0, 0, 1, 0, 0, 0, 0, 0, ''), -- 165515
(@CGUID+17, 0, 0, 0, 1, 0, 20301, 0, 0, 0, '214567'), -- 165415 - 214567 - Mod Scale 90-110%
(@CGUID+18, 0, 0, 0, 1, 0, 11726, 0, 0, 0, ''), -- 165414
(@CGUID+19, 0, 0, 0, 1, 0, 0, 0, 0, 0, '214567 18950'), -- 164563 - 214567 - Mod Scale 90-110%, 18950 - Invisibility and Stealth Detection
(@CGUID+20, 0, 0, 0, 1, 0, 0, 0, 0, 0, ''), -- 165529
(@CGUID+21, 0, 0, 0, 1, 0, 0, 0, 0, 0, ''), -- 164562
(@CGUID+22, 0, 0, 0, 1, 0, 0, 0, 0, 0, '214567 322437'), -- 165415 - 214567 - Mod Scale 90-110%, 322437 - [DNT] Hold Crate
(@CGUID+23, 0, 0, 8, 1, 0, 0, 0, 0, 0, '214567 18950'), -- 164563 - 214567 - Mod Scale 90-110%, 18950 - Invisibility and Stealth Detection
(@CGUID+24, 0, 0, 8, 1, 0, 0, 0, 0, 0, '214567 18950'), -- 164563 - 214567 - Mod Scale 90-110%, 18950 - Invisibility and Stealth Detection
(@CGUID+25, 0, 0, 0, 0, 0, 0, 0, 0, 0, ''), -- 165414
(@CGUID+26, 0, 0, 0, 1, 0, 20300, 0, 0, 0, '214567'), -- 165415 - 214567 - Mod Scale 90-110%
(@CGUID+27, 0, 0, 0, 1, 0, 20300, 0, 0, 0, '214567'), -- 165415 - 214567 - Mod Scale 90-110%
(@CGUID+28, 0, 0, 0, 1, 0, 0, 0, 0, 0, '214567 18950'), -- 164563 - 214567 - Mod Scale 90-110%, 18950 - Invisibility and Stealth Detection
(@CGUID+29, 0, 0, 0, 1, 0, 14585, 0, 0, 0, '214567'), -- 165415 - 214567 - Mod Scale 90-110%
(@CGUID+30, 0, 0, 0, 1, 0, 14585, 0, 0, 0, '214567'), -- 165415 - 214567 - Mod Scale 90-110%
(@CGUID+31, 0, 0, 0, 1, 0, 14585, 0, 0, 0, '214567'), -- 165415 - 214567 - Mod Scale 90-110%
(@CGUID+32, 0, 0, 0, 1, 0, 20301, 0, 0, 0, '214567'), -- 165415 - 214567 - Mod Scale 90-110%
(@CGUID+33, 0, 0, 0, 1, 0, 20301, 0, 0, 0, '214567'), -- 165415 - 214567 - Mod Scale 90-110%
(@CGUID+34, 0, 0, 8, 2, 0, 0, 0, 0, 0, ''), -- 164562
(@CGUID+35, 0, 0, 0, 1, 0, 0, 0, 0, 0, ''), -- 164562
(@CGUID+36, 0, 0, 0, 1, 0, 0, 0, 0, 0, '214567 18950'), -- 164563 - 214567 - Mod Scale 90-110%, 18950 - Invisibility and Stealth Detection
(@CGUID+37, 0, 0, 8, 1, 0, 0, 0, 0, 0, '214567 18950'), -- 164563 - 214567 - Mod Scale 90-110%, 18950 - Invisibility and Stealth Detection
(@CGUID+38, 0, 0, 0, 1, 0, 0, 0, 0, 0, ''), -- 165515
(@CGUID+39, 0, 0, 0, 1, 0, 0, 0, 0, 0, '325797'), -- 164562 - 325797 - Rapid Fire
(@CGUID+40, 0, 0, 0, 0, 0, 0, 0, 0, 0, '214567 322471'), -- 165415 - 214567 - Mod Scale 90-110%, 322471 - [DNT] Hold Barrel
(@CGUID+41, 0, 0, 8, 2, 0, 0, 0, 0, 0, ''), -- 164562
(@CGUID+42, 0, 0, 0, 1, 0, 0, 0, 0, 0, '214567 18950'), -- 164563 - 214567 - Mod Scale 90-110%, 18950 - Invisibility and Stealth Detection
(@CGUID+43, 0, 0, 8, 1, 0, 0, 0, 0, 0, '214567 18950'), -- 164563 - 214567 - Mod Scale 90-110%, 18950 - Invisibility and Stealth Detection
(@CGUID+44, 0, 0, 8, 2, 0, 0, 0, 0, 0, ''), -- 164562
(@CGUID+45, 0, 0, 8, 1, 0, 0, 0, 0, 0, '214567 18950'), -- 164563 - 214567 - Mod Scale 90-110%, 18950 - Invisibility and Stealth Detection
(@CGUID+46, 0, 0, 0, 1, 0, 0, 0, 0, 0, '342021 341811'), -- 174175 - 342021 - Loyal Stoneborn, 341811 - Chiseled Statue
(@CGUID+47, 0, 0, 0, 1, 0, 0, 0, 0, 0, ''), -- 165529
(@CGUID+48, 0, 0, 0, 1, 0, 20301, 0, 0, 0, '214567'), -- 165415 - 214567 - Mod Scale 90-110%
(@CGUID+49, 0, 0, 0, 1, 0, 20301, 0, 0, 0, '214567'), -- 165415 - 214567 - Mod Scale 90-110%
(@CGUID+50, 0, 0, 0, 1, 0, 20301, 0, 0, 0, '214567'), -- 165415 - 214567 - Mod Scale 90-110%
(@CGUID+51, 0, 0, 0, 1, 0, 20300, 0, 0, 0, '214567'), -- 165415 - 214567 - Mod Scale 90-110%
(@CGUID+52, 0, 0, 8, 1, 0, 0, 0, 0, 0, '214567 18950'), -- 164563 - 214567 - Mod Scale 90-110%, 18950 - Invisibility and Stealth Detection
(@CGUID+53, 0, 0, 0, 1, 0, 0, 0, 0, 0, '214567 18950'), -- 164563 - 214567 - Mod Scale 90-110%, 18950 - Invisibility and Stealth Detection
(@CGUID+54, 0, 0, 0, 1, 0, 0, 0, 0, 0, '214567 18950'), -- 164563 - 214567 - Mod Scale 90-110%, 18950 - Invisibility and Stealth Detection
(@CGUID+55, 0, 0, 8, 2, 0, 0, 0, 0, 0, ''), -- 164562
(@CGUID+56, 0, 0, 0, 1, 0, 20301, 0, 0, 0, '214567'), -- 165415 - 214567 - Mod Scale 90-110%
(@CGUID+57, 0, 0, 0, 1, 0, 0, 0, 0, 0, '214567 18950'), -- 164563 - 214567 - Mod Scale 90-110%, 18950 - Invisibility and Stealth Detection
(@CGUID+58, 0, 0, 8, 1, 0, 0, 0, 0, 0, '214567 18950'), -- 164563 - 214567 - Mod Scale 90-110%, 18950 - Invisibility and Stealth Detection
(@CGUID+59, 0, 0, 0, 1, 0, 0, 0, 0, 0, ''), -- 165414
(@CGUID+60, 0, 0, 0, 1, 0, 0, 0, 0, 0, '214567 322437'), -- 165415 - 214567 - Mod Scale 90-110%, 322437 - [DNT] Hold Crate
(@CGUID+61, 0, 0, 0, 1, 0, 11726, 0, 0, 0, ''), -- 165414
(@CGUID+62, 0, 0, 0, 1, 0, 11726, 0, 0, 0, ''), -- 165414
(@CGUID+63, 0, 0, 0, 1, 0, 0, 0, 0, 0, '342021 341811'), -- 174175 - 342021 - Loyal Stoneborn, 341811 - Chiseled Statue
(@CGUID+64, 0, 0, 0, 0, 0, 0, 0, 0, 0, ''), -- 165515
(@CGUID+65, 0, 0, 0, 1, 0, 0, 0, 0, 0, '325988'), -- 165529 - 325988 - Cosmetic Feign Death
(@CGUID+66, 0, 0, 0, 1, 0, 0, 0, 0, 0, ''), -- 164562
(@CGUID+67, 0, 0, 0, 1, 0, 0, 0, 0, 0, '214567 18950'), -- 164563 - 214567 - Mod Scale 90-110%, 18950 - Invisibility and Stealth Detection
(@CGUID+68, 0, 0, 0, 1, 0, 0, 0, 0, 0, '342021 341811'), -- 174175 - 342021 - Loyal Stoneborn, 341811 - Chiseled Statue
(@CGUID+69, 0, 0, 0, 1, 0, 0, 0, 0, 0, ''), -- 164562
(@CGUID+70, 0, 0, 0, 1, 0, 0, 0, 0, 0, '214567 18950'), -- 164563 - 214567 - Mod Scale 90-110%, 18950 - Invisibility and Stealth Detection
(@CGUID+71, 0, 0, 8, 1, 0, 0, 0, 0, 0, '214567 18950'), -- 164563 - 214567 - Mod Scale 90-110%, 18950 - Invisibility and Stealth Detection
(@CGUID+72, 0, 0, 0, 1, 0, 0, 0, 0, 0, ''), -- 165515
(@CGUID+73, 0, 0, 0, 1, 0, 11726, 0, 0, 0, ''), -- 165414
(@CGUID+74, 0, 0, 0, 1, 0, 0, 0, 0, 0, '325988'), -- 165529 - 325988 - Cosmetic Feign Death
(@CGUID+75, 0, 0, 0, 1, 0, 0, 0, 0, 5, '325509'), -- 164557 - 325509 - Halkias's Anima
(@CGUID+76, 0, 0, 0, 1, 0, 0, 0, 0, 5, '325509'), -- 164557 - 325509 - Halkias's Anima
(@CGUID+77, 0, 0, 0, 1, 0, 20301, 0, 0, 0, '214567'), -- 165415 - 214567 - Mod Scale 90-110%
(@CGUID+78, 0, 0, 0, 0, 0, 0, 0, 0, 0, ''), -- 165414
(@CGUID+79, 0, 0, 0, 1, 0, 13249, 0, 0, 0, ''), -- 165414
(@CGUID+80, 0, 0, 0, 1, 0, 20301, 0, 0, 0, '214567'), -- 165415 - 214567 - Mod Scale 90-110%
(@CGUID+81, 0, 0, 0, 1, 0, 13249, 0, 0, 0, ''), -- 165414
(@CGUID+82, 0, 0, 0, 1, 0, 11726, 0, 0, 0, ''), -- 165414
(@CGUID+83, 0, 0, 0, 1, 0, 0, 0, 0, 0, ''), -- 165529
(@CGUID+84, 0, 0, 0, 1, 0, 0, 0, 0, 0, ''), -- 165515
(@CGUID+85, 0, 0, 0, 0, 0, 0, 0, 0, 0, ''), -- 165515
(@CGUID+86, 0, 0, 0, 0, 0, 0, 0, 0, 0, ''), -- 165515
(@CGUID+87, 0, 0, 0, 0, 0, 0, 0, 0, 0, ''), -- 165414
(@CGUID+88, 0, 0, 0, 1, 0, 20301, 0, 0, 0, '214567'), -- 165415 - 214567 - Mod Scale 90-110%
(@CGUID+89, 0, 0, 0, 1, 0, 0, 0, 0, 0, '325988'), -- 165529 - 325988 - Cosmetic Feign Death
(@CGUID+90, 0, 0, 0, 1, 0, 20300, 0, 0, 0, '214567'), -- 165415 - 214567 - Mod Scale 90-110%
(@CGUID+91, 0, 0, 0, 1, 0, 20300, 0, 0, 0, '214567'), -- 165415 - 214567 - Mod Scale 90-110%
(@CGUID+92, 0, 0, 0, 1, 0, 0, 0, 0, 0, '342021 341811'), -- 174175 - 342021 - Loyal Stoneborn, 341811 - Chiseled Statue
(@CGUID+93, 0, 0, 0, 1, 0, 14585, 0, 0, 0, '214567'), -- 165415 - 214567 - Mod Scale 90-110%
(@CGUID+94, 0, 0, 0, 1, 0, 0, 0, 0, 3, '324062 324871'), -- 165408 - 324062 - Override Display Power, 324871 - Anima Containment
(@CGUID+95, 0, 0, 0, 1, 0, 14585, 0, 0, 0, '214567'), -- 165415 - 214567 - Mod Scale 90-110%
(@CGUID+96, 0, 0, 0, 1, 0, 20301, 0, 0, 0, '214567'), -- 165415 - 214567 - Mod Scale 90-110%
-- (@CGUID+97, 0, 0, 0, 1, 0, 0, 0, 0, 0, '46598'), -- 158637 - 46598 - Ride Vehicle Hardcoded - !!! on transport - transport template not found !!!
(@CGUID+98, 0, 0, 0, 1, 0, 0, 0, 0, 0, ''), -- 167607
(@CGUID+99, 0, 0, 0, 1, 0, 0, 0, 0, 0, ''), -- 167607
(@CGUID+100, 0, 0, 0, 1, 0, 0, 0, 0, 0, '342021 341811'), -- 174175 - 342021 - Loyal Stoneborn, 341811 - Chiseled Statue
(@CGUID+101, 0, 0, 0, 1, 0, 0, 0, 0, 0, '326771'), -- 167607 - 326771 - Stone Watcher
(@CGUID+102, 0, 0, 0, 1, 0, 0, 0, 0, 0, '326771'), -- 167607 - 326771 - Stone Watcher
(@CGUID+103, 0, 0, 0, 1, 0, 0, 0, 0, 3, '319616'), -- 164185 - 319616 - Echelon Energize
(@CGUID+104, 0, 0, 0, 1, 0, 0, 0, 0, 0, ''), -- 167612
(@CGUID+105, 0, 0, 0, 0, 0, 0, 0, 0, 0, ''), -- 165414
(@CGUID+106, 0, 0, 0, 1, 0, 0, 0, 0, 0, '214567'), -- 167610 - 214567 - Mod Scale 90-110%
(@CGUID+107, 0, 0, 0, 1, 0, 0, 0, 0, 0, '214567'), -- 167610 - 214567 - Mod Scale 90-110%
(@CGUID+108, 0, 0, 0, 1, 0, 0, 0, 0, 0, '214567'), -- 167610 - 214567 - Mod Scale 90-110%
(@CGUID+109, 0, 0, 0, 1, 0, 0, 0, 0, 0, '214567'), -- 167610 - 214567 - Mod Scale 90-110%
(@CGUID+110, 0, 0, 0, 1, 0, 0, 0, 0, 0, '214567'), -- 167610 - 214567 - Mod Scale 90-110%
(@CGUID+111, 0, 0, 0, 1, 0, 0, 0, 0, 0, '214567'), -- 167610 - 214567 - Mod Scale 90-110%
(@CGUID+112, 0, 0, 0, 1, 0, 0, 0, 0, 0, '214567'), -- 167610 - 214567 - Mod Scale 90-110%
(@CGUID+113, 0, 0, 0, 1, 0, 0, 0, 0, 0, '214567'), -- 167610 - 214567 - Mod Scale 90-110%
(@CGUID+114, 0, 0, 0, 1, 0, 0, 0, 0, 0, ''), -- 167612
(@CGUID+115, 0, 0, 0, 1, 0, 20301, 0, 0, 0, '214567'), -- 165415 - 214567 - Mod Scale 90-110%
(@CGUID+116, 0, 0, 0, 1, 0, 20301, 0, 0, 0, '214567'), -- 165415 - 214567 - Mod Scale 90-110%
(@CGUID+117, 0, 0, 0, 1, 0, 0, 0, 0, 0, '214567'), -- 167610 - 214567 - Mod Scale 90-110%
(@CGUID+118, 0, 0, 0, 1, 0, 0, 0, 0, 0, '42459'), -- 167611 - 42459 - Dual Wield
(@CGUID+119, 0, 0, 0, 0, 0, 0, 0, 0, 0, ''), -- 165414
(@CGUID+120, 0, 0, 0, 1, 0, 14585, 0, 0, 0, '214567'), -- 165415 - 214567 - Mod Scale 90-110%
(@CGUID+121, 0, 0, 0, 1, 0, 0, 0, 0, 0, '42459'), -- 167611 - 42459 - Dual Wield
(@CGUID+122, 0, 0, 0, 1, 0, 0, 0, 0, 0, '214567'), -- 167610 - 214567 - Mod Scale 90-110%
(@CGUID+123, 0, 0, 0, 1, 0, 20301, 0, 0, 0, '214567'), -- 165415 - 214567 - Mod Scale 90-110%
(@CGUID+124, 0, 0, 0, 1, 0, 20301, 0, 0, 0, '214567'), -- 165415 - 214567 - Mod Scale 90-110%
(@CGUID+125, 0, 0, 0, 1, 0, 20301, 0, 0, 0, '214567'), -- 165415 - 214567 - Mod Scale 90-110%
(@CGUID+126, 0, 0, 0, 1, 0, 20300, 0, 0, 0, '214567'), -- 165415 - 214567 - Mod Scale 90-110%
(@CGUID+127, 0, 0, 0, 1, 0, 0, 0, 0, 0, ''), -- 167612
(@CGUID+128, 0, 0, 0, 1, 0, 14585, 0, 0, 0, '214567'), -- 165415 - 214567 - Mod Scale 90-110%
(@CGUID+129, 0, 0, 0, 1, 0, 0, 0, 0, 0, ''), -- 167612
(@CGUID+130, 0, 0, 0, 1, 0, 0, 0, 0, 0, '42459'), -- 167611 - 42459 - Dual Wield
(@CGUID+131, 0, 0, 0, 1, 0, 0, 0, 0, 0, '214567'), -- 167610 - 214567 - Mod Scale 90-110%
(@CGUID+132, 0, 0, 0, 1, 0, 20301, 0, 0, 0, '214567'), -- 165415 - 214567 - Mod Scale 90-110%
(@CGUID+133, 0, 0, 0, 1, 0, 0, 0, 0, 0, '42459'), -- 167611 - 42459 - Dual Wield
(@CGUID+134, 0, 0, 0, 1, 0, 20300, 0, 0, 0, '214567'), -- 165415 - 214567 - Mod Scale 90-110%
(@CGUID+135, 0, 0, 0, 1, 0, 20300, 0, 0, 0, '214567'), -- 165415 - 214567 - Mod Scale 90-110%
(@CGUID+136, 0, 0, 0, 1, 0, 14585, 0, 0, 0, '214567'), -- 165415 - 214567 - Mod Scale 90-110%
(@CGUID+137, 0, 0, 0, 0, 0, 0, 0, 0, 0, ''), -- 165515
(@CGUID+138, 0, 0, 0, 1, 0, 0, 0, 0, 0, '214567'), -- 167610 - 214567 - Mod Scale 90-110%
(@CGUID+139, 0, 0, 0, 1, 0, 14585, 0, 0, 0, '214567'), -- 165415 - 214567 - Mod Scale 90-110%
(@CGUID+140, 0, 0, 0, 1, 0, 0, 0, 0, 0, '214567'), -- 167610 - 214567 - Mod Scale 90-110%
(@CGUID+141, 0, 0, 0, 1, 0, 20301, 0, 0, 0, '214567'), -- 165415 - 214567 - Mod Scale 90-110%
(@CGUID+142, 0, 0, 0, 1, 0, 0, 0, 0, 0, '214567'), -- 167610 - 214567 - Mod Scale 90-110%
(@CGUID+143, 0, 0, 0, 1, 0, 0, 0, 0, 0, ''), -- 167612
(@CGUID+144, 0, 0, 0, 1, 0, 0, 0, 0, 0, '214567'), -- 167610 - 214567 - Mod Scale 90-110%
(@CGUID+145, 0, 0, 0, 0, 0, 0, 0, 0, 0, ''), -- 165515
(@CGUID+146, 0, 0, 0, 1, 0, 0, 0, 0, 0, '214567'), -- 167610 - 214567 - Mod Scale 90-110%
(@CGUID+147, 0, 0, 0, 1, 0, 0, 0, 0, 0, '214567'), -- 167610 - 214567 - Mod Scale 90-110%
(@CGUID+148, 0, 0, 0, 1, 0, 0, 0, 0, 0, '214567'), -- 167610 - 214567 - Mod Scale 90-110%
(@CGUID+149, 0, 0, 0, 1, 0, 20301, 0, 0, 0, '214567'), -- 165415 - 214567 - Mod Scale 90-110%
(@CGUID+150, 0, 0, 0, 1, 0, 0, 0, 0, 0, '214567'), -- 167610 - 214567 - Mod Scale 90-110%
(@CGUID+151, 0, 0, 0, 1, 0, 20300, 0, 0, 0, '214567'), -- 165415 - 214567 - Mod Scale 90-110%
(@CGUID+152, 0, 0, 0, 1, 0, 0, 0, 0, 0, '214567'), -- 167610 - 214567 - Mod Scale 90-110%
(@CGUID+153, 0, 0, 0, 1, 0, 0, 0, 0, 0, '214567'), -- 167610 - 214567 - Mod Scale 90-110%
(@CGUID+154, 0, 0, 0, 1, 0, 0, 0, 0, 0, '214567'), -- 167610 - 214567 - Mod Scale 90-110%
(@CGUID+155, 0, 0, 0, 1, 0, 0, 0, 0, 0, '214567'), -- 167610 - 214567 - Mod Scale 90-110%
(@CGUID+156, 0, 0, 0, 0, 0, 0, 0, 0, 0, ''), -- 165515
(@CGUID+157, 0, 0, 0, 1, 0, 0, 0, 0, 0, '42459'), -- 167611 - 42459 - Dual Wield
(@CGUID+158, 0, 0, 0, 1, 0, 0, 0, 0, 0, '42459'), -- 167611 - 42459 - Dual Wield
(@CGUID+159, 0, 0, 0, 0, 0, 0, 0, 0, 0, ''), -- 165515
(@CGUID+160, 0, 0, 0, 0, 0, 0, 0, 0, 0, ''), -- 165414
(@CGUID+161, 0, 0, 0, 0, 0, 0, 0, 0, 0, ''), -- 165414
(@CGUID+162, 0, 0, 0, 1, 0, 0, 0, 0, 0, '214567'), -- 167610 - 214567 - Mod Scale 90-110%
(@CGUID+163, 0, 0, 0, 1, 0, 0, 0, 0, 0, '214567'), -- 167610 - 214567 - Mod Scale 90-110%
(@CGUID+164, 0, 0, 0, 1, 0, 0, 0, 0, 0, ''), -- 167612
(@CGUID+165, 0, 0, 0, 1, 0, 0, 0, 0, 3, ''), -- 165410
(@CGUID+166, 0, 0, 0, 1, 0, 0, 0, 0, 3, '335359'), -- 164218 - 335359 - Glowing Hands
(@CGUID+167, 0, 0, 0, 1, 0, 0, 0, 0, 0, '324475'), -- 166497 - 324475 - Anima Fountain
(@CGUID+168, 0, 0, 0, 1, 0, 0, 0, 0, 0, ''), -- 164562
(@CGUID+169, 0, 0, 0, 1, 0, 0, 0, 0, 0, '214567 18950'), -- 164563 - 214567 - Mod Scale 90-110%, 18950 - Invisibility and Stealth Detection
(@CGUID+170, 0, 0, 0, 1, 0, 0, 0, 0, 0, '214567 18950'), -- 164563 - 214567 - Mod Scale 90-110%, 18950 - Invisibility and Stealth Detection
(@CGUID+171, 0, 0, 0, 1, 0, 0, 0, 0, 0, ''), -- 166034
(@CGUID+172, 0, 0, 0, 1, 0, 0, 0, 0, 0, ''), -- 166034
(@CGUID+173, 0, 0, 0, 1, 0, 0, 0, 0, 0, ''), -- 166034
(@CGUID+174, 0, 0, 0, 1, 0, 0, 0, 0, 0, ''), -- 166034
(@CGUID+175, 0, 0, 0, 1, 0, 0, 0, 0, 0, '328551 323116'), -- 165737 - 328551 - Statue Collision, 323116 - Telekinetic Collision
(@CGUID+176, 0, 0, 0, 1, 0, 0, 0, 0, 0, '328551 323116'), -- 165737 - 328551 - Statue Collision, 323116 - Telekinetic Collision
(@CGUID+177, 0, 0, 0, 1, 0, 0, 0, 0, 0, '328551 323116'), -- 165737 - 328551 - Statue Collision, 323116 - Telekinetic Collision
(@CGUID+178, 0, 0, 0, 1, 0, 0, 0, 0, 0, '328551 323116'), -- 165737 - 328551 - Statue Collision, 323116 - Telekinetic Collision
(@CGUID+179, 0, 0, 0, 1, 0, 0, 0, 0, 0, '214567'), -- 164563 - 214567 - Mod Scale 90-110%
(@CGUID+180, 0, 0, 0, 2, 0, 0, 0, 0, 0, ''), -- 164562
(@CGUID+181, 0, 0, 0, 1, 0, 0, 0, 0, 0, '214567'), -- 164563 - 214567 - Mod Scale 90-110%
(@CGUID+182, 0, 0, 0, 2, 0, 0, 0, 0, 0, ''), -- 164562
(@CGUID+183, 0, 0, 0, 1, 0, 0, 0, 0, 0, '214567'), -- 164563 - 214567 - Mod Scale 90-110%
(@CGUID+184, 0, 0, 0, 1, 0, 0, 0, 0, 0, '342021 341811'), -- 174175 - 342021 - Loyal Stoneborn, 341811 - Chiseled Statue
(@CGUID+185, 0, 0, 0, 1, 0, 0, 0, 0, 0, '342021 341811'), -- 174175 - 342021 - Loyal Stoneborn, 341811 - Chiseled Statue
(@CGUID+186, 0, 0, 0, 1, 0, 20326, 0, 0, 0, ''), -- 165529
(@CGUID+187, 0, 0, 0, 1, 0, 20326, 0, 0, 0, ''), -- 167615
(@CGUID+188, 0, 0, 0, 1, 0, 20326, 0, 0, 0, ''), -- 167615
(@CGUID+189, 0, 0, 0, 1, 0, 20326, 0, 0, 0, ''), -- 165414
(@CGUID+190, 0, 0, 0, 1, 0, 0, 0, 0, 0, ''), -- 167876
(@CGUID+191, 0, 0, 50331648, 1, 0, 0, 0, 0, 0, '284754'), -- 167892 - 284754 - Shade Small Spawn
(@CGUID+192, 0, 0, 50331648, 1, 0, 0, 0, 0, 0, '284754'), -- 167892 - 284754 - Shade Small Spawn
(@CGUID+193, 0, 0, 50331648, 1, 0, 0, 0, 0, 0, '284754'), -- 167892 - 284754 - Shade Small Spawn
(@CGUID+194, 0, 0, 50331648, 1, 0, 0, 0, 0, 0, '284754'), -- 167892 - 284754 - Shade Small Spawn
(@CGUID+195, 0, 0, 50331648, 1, 0, 0, 0, 0, 0, '284754'), -- 167892 - 284754 - Shade Small Spawn
(@CGUID+196, 0, 0, 50331648, 1, 0, 0, 0, 0, 0, '284754'), -- 167892 - 284754 - Shade Small Spawn
(@CGUID+197, 0, 0, 50331648, 1, 0, 0, 0, 0, 0, '284754'), -- 167892 - 284754 - Shade Small Spawn
(@CGUID+198, 0, 0, 50331648, 1, 0, 0, 0, 0, 0, '284754'), -- 167892 - 284754 - Shade Small Spawn
(@CGUID+199, 0, 0, 50331648, 1, 0, 0, 0, 0, 0, '284754'), -- 167892 - 284754 - Shade Small Spawn
(@CGUID+200, 0, 0, 50331648, 1, 0, 0, 0, 0, 0, '284754'), -- 167892 - 284754 - Shade Small Spawn
(@CGUID+201, 0, 0, 50331648, 1, 0, 0, 0, 0, 0, '284754'), -- 167892 - 284754 - Shade Small Spawn
(@CGUID+202, 0, 0, 50331648, 1, 0, 0, 0, 0, 0, '284754'), -- 167892 - 284754 - Shade Small Spawn
(@CGUID+203, 0, 0, 50331648, 1, 0, 0, 0, 0, 0, '284754'), -- 167892 - 284754 - Shade Small Spawn
(@CGUID+204, 0, 0, 50331648, 1, 0, 0, 0, 0, 0, '284754'), -- 167892 - 284754 - Shade Small Spawn
(@CGUID+205, 0, 0, 50331648, 1, 0, 0, 0, 0, 0, '284754'), -- 167892 - 284754 - Shade Small Spawn
(@CGUID+206, 0, 0, 50331648, 1, 0, 0, 0, 0, 0, '284754'), -- 167892 - 284754 - Shade Small Spawn
(@CGUID+207, 0, 0, 50331648, 1, 0, 0, 0, 0, 0, '284754'), -- 167892 - 284754 - Shade Small Spawn
(@CGUID+208, 0, 0, 50331648, 1, 0, 0, 0, 0, 0, '284754'), -- 167892 - 284754 - Shade Small Spawn
(@CGUID+209, 0, 0, 50331648, 1, 0, 0, 0, 0, 0, '284754'), -- 167892 - 284754 - Shade Small Spawn
(@CGUID+210, 0, 0, 50331648, 1, 0, 0, 0, 0, 0, '284754'), -- 167892 - 284754 - Shade Small Spawn
(@CGUID+211, 0, 0, 50331648, 1, 0, 0, 0, 0, 0, '284754'), -- 167892 - 284754 - Shade Small Spawn
(@CGUID+212, 0, 0, 50331648, 1, 0, 0, 0, 0, 0, '284754'), -- 167892 - 284754 - Shade Small Spawn
(@CGUID+213, 0, 0, 50331648, 1, 0, 0, 0, 0, 0, '284754'), -- 167892 - 284754 - Shade Small Spawn
(@CGUID+214, 0, 0, 50331648, 1, 0, 0, 0, 0, 0, '284754'), -- 167892 - 284754 - Shade Small Spawn
(@CGUID+215, 0, 0, 50331648, 257, 0, 0, 0, 0, 0, ''); -- Sinfall Flyer

DELETE FROM `gameobject` WHERE `guid` BETWEEN @OGUID+0 AND @OGUID+59;
INSERT INTO `gameobject` (`guid`, `id`, `map`, `zoneId`, `areaId`, `spawnDifficulties`, `PhaseId`, `PhaseGroup`, `position_x`, `position_y`, `position_z`, `orientation`, `rotation0`, `rotation1`, `rotation2`, `rotation3`, `spawntimesecs`, `animprogress`, `state`, `VerifiedBuild`) VALUES
(@OGUID+0, 353290, 2287, 12831, 12831, '1,2,23,8', '0', 0, -2186.795166015625, 4998.9375, 4074.19140625, 0.811578273773193359, 0, 0, 0.394743919372558593, 0.918791174888610839, 7200, 255, 1, 44325), -- 353290 (Area: Halls of Atonement - Difficulty: Normal)
(@OGUID+1, 252245, 2287, 12831, 12831, '1,2,23,8', '0', 0, -2209.36279296875, 4991.7275390625, 4150.0224609375, 1.538609027862548828, 0, 0, 0.695635795593261718, 0.718394637107849121, 7200, 255, 1, 44325), -- 252245 (Area: Halls of Atonement - Difficulty: Normal)
(@OGUID+2, 353178, 2287, 12831, 12831, '1,2,23,8', '0', 0, -2209.794677734375, 5452.48779296875, 4170.49609375, 3.141592741012573242, 0, 0, -1, 0, 7200, 255, 0, 44325), -- 353178 (Area: Halls of Atonement - Difficulty: Normal)
(@OGUID+3, 353179, 2287, 12831, 12831, '1,2,23,8', '0', 0, -2209.776611328125, 5509.51806640625, 4170.6240234375, 4.712392330169677734, 0, 0, -0.70710563659667968, 0.707107901573181152, 7200, 255, 0, 44325), -- 353179 (Area: Halls of Atonement - Difficulty: Normal)
(@OGUID+4, 353261, 2287, 12831, 12831, '1,2,23,8', '0', 0, -2370.713623046875, 5427.3662109375, 4135.83544921875, 1.858777165412902832, 0, 0, 0.8012542724609375, 0.598324000835418701, 7200, 255, 1, 44325), -- 353261 (Area: Halls of Atonement - Difficulty: Normal)
(@OGUID+5, 353048, 2287, 12831, 12831, '1,2,23,8', '0', 0, -1988.4879150390625, 5402.0556640625, 4127.1630859375, 4.380779743194580078, 0, 0, -0.81411457061767578, 0.580704271793365478, 7200, 255, 1, 44325), -- 353048 (Area: Halls of Atonement - Difficulty: Normal)
(@OGUID+6, 353049, 2287, 12831, 12831, '1,2,23,8', '0', 0, -2006.4566650390625, 5408.4912109375, 4126.74267578125, 4.389506340026855468, 0, 0, -0.81157302856445312, 0.584250986576080322, 7200, 255, 1, 44325), -- 353049 (Area: Halls of Atonement - Difficulty: Normal)
(@OGUID+7, 353269, 2287, 12831, 12831, '1,2,23,8', '0', 0, -2403.947998046875, 5424.37353515625, 4135.88232421875, 1.535889506340026855, 0, 0, 0.694658279418945312, 0.719339847564697265, 7200, 255, 1, 44325), -- 353269 (Area: Halls of Atonement - Difficulty: Normal)
(@OGUID+8, 353271, 2287, 12831, 12831, '1,2,23,8', '0', 0, -2391.788330078125, 5464.33056640625, 4135.6064453125, 1.736601948738098144, 0, 0, 0.763232231140136718, 0.646124243736267089, 7200, 255, 1, 44325), -- 353271 (Area: Halls of Atonement - Difficulty: Normal)
(@OGUID+9, 353056, 2287, 12831, 12831, '1,2,23,8', '0', 0, -1997.5086669921875, 5405.29345703125, 4127.0166015625, 4.380779743194580078, 0, 0, -0.81411457061767578, 0.580704271793365478, 7200, 255, 1, 44325), -- 353056 (Area: Halls of Atonement - Difficulty: Normal)
(@OGUID+10, 353783, 2287, 12831, 12831, '1,2,23,8', '0', 0, -1855.939208984375, 4892.26904296875, 4087.294677734375, 1.047197580337524414, 0, 0, 0.5, 0.866025388240814208, 7200, 255, 1, 44325), -- 353783 (Area: Halls of Atonement - Difficulty: Normal)
(@OGUID+11, 353274, 2287, 12831, 12831, '1,2,23,8', '0', 0, -2787.510498046875, 5093.83349609375, 4142.4375, 2.487092971801757812, 0, 0, 0.946929931640625, 0.321440041065216064, 7200, 255, 1, 44325), -- 353274 (Area: Halls of Atonement - Difficulty: Normal)
(@OGUID+12, 353275, 2287, 12831, 12831, '1,2,23,8', '0', 0, -2791.895751953125, 5055.60791015625, 4144.08837890625, 5.637415885925292968, 0, 0, -0.31730365753173828, 0.948323965072631835, 7200, 255, 1, 44325), -- 353275 (Area: Halls of Atonement - Difficulty: Normal)
(@OGUID+13, 353284, 2287, 12831, 12831, '1,2,23,8', '0', 0, -2774.666748046875, 5083.8193359375, 4144.41845703125, 5.637415885925292968, 0, 0, -0.31730365753173828, 0.948323965072631835, 7200, 255, 1, 44325), -- 353284 (Area: Halls of Atonement - Difficulty: Normal)
(@OGUID+14, 353286, 2287, 12831, 12831, '1,2,23,8', '0', 0, -2415.982666015625, 5464.04443359375, 4135.72265625, 1.448624610900878906, 0, 0, 0.66262054443359375, 0.748955249786376953, 7200, 255, 1, 44325), -- 353286 (Area: Halls of Atonement - Difficulty: Normal)
(@OGUID+15, 353287, 2287, 12831, 12831, '1,2,23,8', '0', 0, -2807.40966796875, 5067.751953125, 4144.1181640625, 2.487092971801757812, 0, 0, 0.946929931640625, 0.321440041065216064, 7200, 255, 1, 44325), -- 353287 (Area: Halls of Atonement - Difficulty: Normal)
(@OGUID+16, 353280, 2287, 12831, 12831, '1,2,23,8', '0', 0, -2361.678955078125, 5454.984375, 4135.806640625, 3.385940074920654296, 0, 0, -0.99254608154296875, 0.121869951486587524, 7200, 255, 1, 44325), -- 353280 (Area: Halls of Atonement - Difficulty: Normal)
(@OGUID+17, 355591, 2287, 12831, 12831, '1,2,23,8', '0', 0, -2209.78271484375, 5511.0087890625, 4171.91796875, 4.712392330169677734, 0, 0, -0.70710563659667968, 0.707107901573181152, 7200, 255, 0, 44325), -- 355591 (Area: Halls of Atonement - Difficulty: Normal)
(@OGUID+18, 349933, 2287, 12831, 12831, '1,2,23,8', '0', 0, -2249.427001953125, 5271.830078125, 4126.77978515625, 2.853604078292846679, 0, 0, 0.989650726318359375, 0.143497169017791748, 7200, 255, 0, 44325), -- 349933 (Area: Halls of Atonement - Difficulty: Normal)
(@OGUID+19, 349935, 2287, 12831, 12831, '1,2,23,8', '0', 0, -2164.585205078125, 5273.6181640625, 4126.57763671875, 3.394674062728881835, 0, 0, -0.99200439453125, 0.126203224062919616, 7200, 255, 0, 44325), -- 349935 (Area: Halls of Atonement - Difficulty: Normal)
(@OGUID+20, 355592, 2287, 12831, 12831, '1,2,23,8', '0', 0, -2200.111328125, 5655.73779296875, 4180.05322265625, 2.455187797546386718, 0, 0, 0.941681861877441406, 0.336504518985748291, 7200, 255, 0, 44325), -- 355592 (Area: Halls of Atonement - Difficulty: Normal)
(@OGUID+21, 355593, 2287, 12831, 12831, '1,2,23,8', '0', 0, -2219.5498046875, 5655.73779296875, 4180.05322265625, 0.708916068077087402, 0, 0, 0.347082138061523437, 0.937834739685058593, 7200, 255, 0, 44325), -- 355593 (Area: Halls of Atonement - Difficulty: Normal)
(@OGUID+22, 353302, 2287, 12831, 12831, '1,2,23,8', '0', 0, -2375.397705078125, 5537.9921875, 4135.82666015625, 5.157448768615722656, 0, 0, -0.53361415863037109, 0.845728039741516113, 7200, 255, 1, 44325), -- 353302 (Area: Halls of Atonement - Difficulty: Normal)
(@OGUID+23, 349931, 2287, 12831, 12831, '1,2,23,8', '0', 0, -2242.447998046875, 5297.2646484375, 4141.1015625, 6.003933906555175781, 0, 0, -0.13917255401611328, 0.990268170833587646, 7200, 255, 0, 44325), -- 349931 (Area: Halls of Atonement - Difficulty: Normal)
(@OGUID+24, 353297, 2287, 12831, 12831, '1,2,23,8', '0', 0, -1811.001708984375, 5057.13916015625, 4089.10498046875, 2.556905269622802734, 0, 0, 0.957571029663085937, 0.288197338581085205, 7200, 255, 1, 44325), -- 353297 (Area: Halls of Atonement - Difficulty: Normal)
(@OGUID+25, 349936, 2287, 12831, 12831, '1,2,23,8', '0', 0, -2171.75, 5299.13916015625, 4140.98388671875, 0.27925160527229309, 0, 0, 0.139172554016113281, 0.990268170833587646, 7200, 255, 0, 44325), -- 349936 (Area: Halls of Atonement - Difficulty: Normal)
(@OGUID+26, 353304, 2287, 12831, 12831, '1,2,23,8', '0', 0, -2420.9619140625, 5535.26220703125, 4135.89306640625, 4.459322929382324218, 0, 0, -0.79068756103515625, 0.612219870090484619, 7200, 255, 1, 44325), -- 353304 (Area: Halls of Atonement - Difficulty: Normal)
(@OGUID+27, 353262, 2287, 12831, 12831, '1,2,23,8', '0', 0, -2192.69970703125, 5901.7255859375, 4191.28271484375, 0, 0, 0, 0, 1, 7200, 255, 1, 44325), -- 353262 (Area: Halls of Atonement - Difficulty: Normal)
(@OGUID+28, 353782, 2287, 12831, 12831, '1,2,23,8', '0', 0, -2418.4619140625, 6723.265625, 4273.95947265625, 6.04756784439086914, 0, 0, -0.11753654479980468, 0.993068516254425048, 7200, 255, 1, 44325), -- 353782 (Area: Halls of Atonement - Difficulty: Normal)
(@OGUID+29, 353276, 2287, 12831, 12831, '1,2,23,8', '0', 0, -2996.6806640625, 6149.58349609375, 4081.77734375, 0.340339541435241699, 0, 0, 0.16934967041015625, 0.985556006431579589, 7200, 255, 1, 44325), -- 353276 (Area: Halls of Atonement - Difficulty: Normal)
(@OGUID+30, 353277, 2287, 12831, 12831, '1,2,23,8', '0', 0, -2729.673583984375, 5913.4150390625, 4099.33154296875, 6.003935813903808593, 0, 0, -0.13917160034179687, 0.990268290042877197, 7200, 255, 1, 44325), -- 353277 (Area: Halls of Atonement - Difficulty: Normal)
(@OGUID+31, 349294, 2287, 12831, 12831, '1,2,23,8', '0', 0, -2229.10107421875, 5677.875, 4179.9111328125, 2.44346022605895996, 0, 0, 0.939692497253417968, 0.34202045202255249, 7200, 255, 1, 44325), -- 349294 (Area: Halls of Atonement - Difficulty: Normal)
(@OGUID+32, 349295, 2287, 12831, 12831, '1,2,23,8', '0', 0, -2190.537109375, 5677.875, 4179.9111328125, 0.698131442070007324, 0, 0, 0.342020034790039062, 0.939692676067352294, 7200, 255, 0, 44325), -- 349295 (Area: Halls of Atonement - Difficulty: Normal)
(@OGUID+33, 353291, 2287, 12831, 12831, '1,2,23,8', '0', 0, -1704.7066650390625, 5942.13916015625, 4193.66650390625, 3.09791874885559082, 0, 0, 0.999761581420898437, 0.021835235878825187, 7200, 255, 1, 44325), -- 353291 (Area: Halls of Atonement - Difficulty: Normal)
(@OGUID+34, 353300, 2287, 12831, 12831, '1,2,23,8', '0', 0, -1830.1927490234375, 5945.48779296875, 4165.0107421875, 3.09791874885559082, 0, 0, 0.999761581420898437, 0.021835235878825187, 7200, 255, 1, 44325), -- 353300 (Area: Halls of Atonement - Difficulty: Normal)
(@OGUID+35, 353301, 2287, 12831, 12831, '1,2,23,8', '0', 0, -2226.1181640625, 5901.97900390625, 4191.478515625, 3.159062385559082031, 0, 0, -0.99996185302734375, 0.008734640665352344, 7200, 255, 1, 44325), -- 353301 (Area: Halls of Atonement - Difficulty: Normal)
(@OGUID+36, 353298, 2287, 12831, 12831, '1,2,23,8', '0', 0, -2209.62841796875, 5888.1884765625, 4190.767578125, 4.712392330169677734, 0, 0, -0.70710563659667968, 0.707107901573181152, 7200, 255, 1, 44325), -- 353298 (Area: Halls of Atonement - Difficulty: Normal)
(@OGUID+37, 353180, 2287, 12831, 12831, '1,2,23,8', '0', 0, -2209.879638671875, 5656.1806640625, 4229.30322265625, 4.712392330169677734, 0, 0, -0.70710563659667968, 0.707107901573181152, 7200, 255, 0, 44325), -- 353180 (Area: Halls of Atonement - Difficulty: Normal)
(@OGUID+38, 352524, 2287, 12831, 12831, '1,2,23,8', '0', 0, -2186.15625, 5702.77880859375, 4223.68798828125, 3.948881149291992187, 0, 0, -0.91963577270507812, 0.392772257328033447, 7200, 255, 1, 44325), -- 352524 (Area: Halls of Atonement - Difficulty: Normal)
(@OGUID+39, 352524, 2287, 12831, 12831, '1,2,23,8', '0', 0, -2233.126708984375, 5702.8505859375, 4223.6943359375, 5.537549018859863281, 0, 0, -0.36424160003662109, 0.931304514408111572, 7200, 255, 1, 44325), -- 352524 (Area: Halls of Atonement - Difficulty: Normal)
(@OGUID+40, 352524, 2287, 12831, 12831, '1,2,23,8', '0', 0, -2222.354248046875, 5713.6943359375, 4223.669921875, 5.48526763916015625, 0, 0, -0.3884592056274414, 0.921465933322906494, 7200, 255, 1, 44325), -- 352524 (Area: Halls of Atonement - Difficulty: Normal)
(@OGUID+41, 352524, 2287, 12831, 12831, '1,2,23,8', '0', 0, -2196.882080078125, 5713.5849609375, 4223.619140625, 3.945363044738769531, 0, 0, -0.92032527923583984, 0.391153901815414428, 7200, 255, 1, 44325), -- 352524 (Area: Halls of Atonement - Difficulty: Normal)
(@OGUID+42, 349099, 2287, 12831, 12831, '1,2,23,8', '0', 0, -2182.211669921875, 5553.48388671875, 4224.5849609375, 1.570795774459838867, 0, 0, 0.707106590270996093, 0.707106947898864746, 7200, 255, 1, 44325), -- 349099 (Area: Halls of Atonement - Difficulty: Normal)
(@OGUID+43, 349098, 2287, 12831, 12831, '1,2,23,8', '0', 0, -2182.211669921875, 5557.158203125, 4224.5849609375, 1.570795774459838867, 0, 0, 0.707106590270996093, 0.707106947898864746, 7200, 255, 1, 44325), -- 349098 (Area: Halls of Atonement - Difficulty: Normal)
(@OGUID+44, 355589, 2287, 12831, 12831, '1,2,23,8', '0', 0, -2232.536376953125, 5680.7470703125, 4179.8857421875, 2.44346022605895996, 0, 0, 0.939692497253417968, 0.34202045202255249, 7200, 255, 1, 44325), -- 355589 (Area: Halls of Atonement - Difficulty: Normal)
(@OGUID+45, 355590, 2287, 12831, 12831, '1,2,23,8', '0', 0, -2187.211181640625, 5680.5830078125, 4179.8857421875, 0.698131442070007324, 0, 0, 0.342020034790039062, 0.939692676067352294, 7200, 255, 1, 44325), -- 355590 (Area: Halls of Atonement - Difficulty: Normal)
(@OGUID+46, 352524, 2287, 12831, 12831, '1,2,23,8', '0', 0, -2202.4677734375, 5719.73828125, 4223.62060546875, 0.295050621032714843, 0, 0, 0.146990776062011718, 0.989137887954711914, 7200, 255, 1, 44325), -- 352524 (Area: Halls of Atonement - Difficulty: Normal)
(@OGUID+47, 352524, 2287, 12831, 12831, '1,2,23,8', '0', 0, -2212.427978515625, 5708.42529296875, 4223.60595703125, 3.990497350692749023, 0, 0, -0.91126441955566406, 0.411821752786636352, 7200, 255, 1, 44325), -- 352524 (Area: Halls of Atonement - Difficulty: Normal)
(@OGUID+48, 352524, 2287, 12831, 12831, '1,2,23,8', '0', 0, -2209.72998046875, 5695.490234375, 4223.55712890625, 5.978399276733398437, 0, 0, -0.15180397033691406, 0.988410592079162597, 7200, 255, 1, 44325), -- 352524 (Area: Halls of Atonement - Difficulty: Normal)
(@OGUID+49, 352524, 2287, 12831, 12831, '1,2,23,8', '0', 0, -2209.72998046875, 5705.490234375, 4223.58447265625, 3.703815460205078125, 0, 0, -0.96074771881103515, 0.277423590421676635, 7200, 255, 1, 44325), -- 352524 (Area: Halls of Atonement - Difficulty: Normal)
(@OGUID+50, 352524, 2287, 12831, 12831, '1,2,23,8', '0', 0, -2214.72998046875, 5700.490234375, 4223.595703125, 4.43003702163696289, 0, 0, -0.79956722259521484, 0.600576579570770263, 7200, 255, 1, 44325), -- 352524 (Area: Halls of Atonement - Difficulty: Normal)
(@OGUID+51, 352524, 2287, 12831, 12831, '1,2,23,8', '0', 0, -2204.72998046875, 5700.490234375, 4223.5458984375, 3.264208793640136718, 0, 0, -0.99812126159667968, 0.061269570142030715, 7200, 255, 1, 44325), -- 352524 (Area: Halls of Atonement - Difficulty: Normal)
(@OGUID+52, 352524, 2287, 12831, 12831, '1,2,23,8', '0', 0, -2209.72998046875, 5679.93896484375, 4223.69580078125, 5.978399276733398437, 0, 0, -0.15180397033691406, 0.988410592079162597, 7200, 255, 1, 44325), -- 352524 (Area: Halls of Atonement - Difficulty: Normal)
(@OGUID+53, 352524, 2287, 12831, 12831, '1,2,23,8', '0', 0, -2230.28125, 5700.490234375, 4223.673828125, 4.43003702163696289, 0, 0, -0.79956722259521484, 0.600576579570770263, 7200, 255, 1, 44325), -- 352524 (Area: Halls of Atonement - Difficulty: Normal)
(@OGUID+54, 352524, 2287, 12831, 12831, '1,2,23,8', '0', 0, -2209.72998046875, 5721.04150390625, 4223.54052734375, 3.703815460205078125, 0, 0, -0.96074771881103515, 0.277423590421676635, 7200, 255, 1, 44325), -- 352524 (Area: Halls of Atonement - Difficulty: Normal)
(@OGUID+55, 352524, 2287, 12831, 12831, '1,2,23,8', '0', 0, -2189.1787109375, 5700.490234375, 4223.64501953125, 3.264208793640136718, 0, 0, -0.99812126159667968, 0.061269570142030715, 7200, 255, 1, 44325), -- 352524 (Area: Halls of Atonement - Difficulty: Normal)
(@OGUID+56, 352524, 2287, 12831, 12831, '1,2,23,8', '0', 0, -2209.72998046875, 5695.490234375, 4223.55712890625, 6.044528961181640625, 0, 0, -0.11904525756835937, 0.992888808250427246, 7200, 255, 1, 44325), -- 352524 (Area: Halls of Atonement - Difficulty: Normal)
(@OGUID+57, 352524, 2287, 12831, 12831, '1,2,23,8', '0', 0, -2209.72998046875, 5705.490234375, 4223.58447265625, 2.902929544448852539, 0, 0, 0.992888450622558593, 0.119048535823822021, 7200, 255, 1, 44325), -- 352524 (Area: Halls of Atonement - Difficulty: Normal)
(@OGUID+58, 352524, 2287, 12831, 12831, '1,2,23,8', '0', 0, -2214.72998046875, 5700.490234375, 4223.595703125, 1.809451818466186523, 0, 0, 0.786255836486816406, 0.617901086807250976, 7200, 255, 1, 44325), -- 352524 (Area: Halls of Atonement - Difficulty: Normal)
(@OGUID+59, 352524, 2287, 12831, 12831, '1,2,23,8', '0', 0, -2204.72998046875, 5700.490234375, 4223.5458984375, 4.951047897338867187, 0, 0, -0.61789989471435546, 0.786256790161132812, 7200, 255, 1, 44325); -- 352524 (Area: Halls of Atonement - Difficulty: Normal)
DELETE FROM `gameobject_addon` WHERE `guid` BETWEEN @OGUID+0 AND @OGUID+59;
INSERT INTO `gameobject_addon` (`guid`, `parent_rotation0`, `parent_rotation1`, `parent_rotation2`, `parent_rotation3`, `WorldEffectID`, `AIAnimKitID`) VALUES
(@OGUID+2, 0, 0, 1, -0.00000004371138828, 0, 0), -- 353178
(@OGUID+3, 0, 0, 1, -0.00000004371138828, 0, 0), -- 353179
(@OGUID+17, 0, 0, 1, -0.00000004371138828, 0, 0), -- 355591
(@OGUID+20, 0, 0, 1, -0.00000004371138828, 0, 0), -- 355592
(@OGUID+21, 0, 0, 1, -0.00000004371138828, 0, 0), -- 355593
(@OGUID+31, 0, 0, 1, -0.00000004371138828, 0, 0), -- 349294
(@OGUID+32, 0, 0, 1, -0.00000004371138828, 0, 0), -- 349295
(@OGUID+37, 0, 0, 1, -0.00000004371138828, 0, 0), -- 353180
(@OGUID+42, 0, 0, 1, -0.00000004371138828, 0, 0), -- 349099
(@OGUID+43, 0, 0, 1, -0.00000004371138828, 0, 0), -- 349098
(@OGUID+44, 0, 0, 1, -0.00000004371138828, 0, 0), -- 355589
(@OGUID+45, 0, 0, 1, -0.00000004371138828, 0, 0); -- 355590

DELETE FROM `spell_target_position` WHERE (`ID`=323581 AND `EffectIndex`=0);
INSERT INTO `spell_target_position` (`ID`, `EffectIndex`, `MapID`, `PositionX`, `PositionY`, `PositionZ`, `VerifiedBuild`) VALUES
(323581, 0, 2287, -2209.85009765625, 5544.759765625, 4224.14013671875, 44325); -- Spell: 323581 (Nathrian Mirror) Efffect: 252 (SPELL_EFFECT_TELEPORT_UNITS)

DELETE FROM `creature_template_addon` WHERE `entry` IN (175577 /*175577 (Sinfall Flyer)*/, 167892 /*167892 - Shade Small Spawn*/, 167876 /*167876*/, 167615 /*167615*/, 165737 /*165737 - Statue Collision, Telekinetic Collision*/, 166034 /*166034*/, 166497 /*166497 - Anima Fountain*/, 164218 /*164218 - Glowing Hands*/, 165410 /*165410*/, 167611 /*167611 - Dual Wield*/, 167610 /*167610 - Mod Scale 90-110%*/, 167612 /*167612*/, 164185 /*164185 - Echelon Energize*/, 167607 /*167607*/, 158637 /*158637 - Ride Vehicle Hardcoded*/, 165408 /*165408 - Override Display Power, Anima Containment*/, 164562 /*164562*/, 165529 /*165529*/, 164563 /*164563 - Mod Scale 90-110%, Invisibility and Stealth Detection*/, 164557 /*164557 - Halkias's Anima*/, 165414 /*165414*/, 165415 /*165415 - Mod Scale 90-110%*/, 174175 /*174175 - Loyal Stoneborn, Chiseled Statue*/, 165515 /*165515*/);
INSERT INTO `creature_template_addon` (`entry`, `path_id`, `mount`, `bytes1`, `bytes2`, `emote`, `aiAnimKit`, `movementAnimKit`, `meleeAnimKit`, `visibilityDistanceType`, `auras`) VALUES
(175577, 0, 0, 50331648, 257, 0, 0, 0, 0, 0, ''), -- 175577 (Sinfall Flyer)
(167892, 0, 0, 50331648, 1, 0, 0, 0, 0, 0, '284754'), -- 167892 - Shade Small Spawn
(167876, 0, 0, 0, 1, 0, 0, 0, 0, 0, ''), -- 167876
(167615, 0, 0, 0, 1, 0, 20326, 0, 0, 0, ''), -- 167615
(165737, 0, 0, 0, 1, 0, 0, 0, 0, 0, '328551 323116'), -- 165737 - Statue Collision, Telekinetic Collision
(166034, 0, 0, 0, 1, 0, 0, 0, 0, 0, ''), -- 166034
(166497, 0, 0, 0, 1, 0, 0, 0, 0, 0, '324475'), -- 166497 - Anima Fountain
(164218, 0, 0, 0, 1, 0, 0, 0, 0, 3, '335359'), -- 164218 - Glowing Hands
(165410, 0, 0, 0, 1, 0, 0, 0, 0, 3, ''), -- 165410
(167611, 0, 0, 0, 1, 0, 0, 0, 0, 0, '42459'), -- 167611 - Dual Wield
(167610, 0, 0, 0, 1, 0, 0, 0, 0, 0, '214567'), -- 167610 - Mod Scale 90-110%
(167612, 0, 0, 0, 1, 0, 0, 0, 0, 0, ''), -- 167612
(164185, 0, 0, 0, 1, 0, 0, 0, 0, 3, '319616'), -- 164185 - Echelon Energize
(167607, 0, 0, 0, 1, 0, 0, 0, 0, 0, ''), -- 167607
(158637, 0, 0, 0, 1, 0, 0, 0, 0, 0, '46598'), -- 158637 - Ride Vehicle Hardcoded
(165408, 0, 0, 0, 1, 0, 0, 0, 0, 3, '324062 324871'), -- 165408 - Override Display Power, Anima Containment
(164562, 0, 0, 0, 1, 0, 0, 0, 0, 0, ''), -- 164562
(165529, 0, 0, 0, 1, 0, 0, 0, 0, 0, ''), -- 165529
(164563, 0, 0, 0, 1, 0, 0, 0, 0, 0, '214567 18950'), -- 164563 - Mod Scale 90-110%, Invisibility and Stealth Detection
(164557, 0, 0, 0, 1, 0, 0, 0, 0, 5, '325509'), -- 164557 - Halkias's Anima
(165414, 0, 0, 0, 0, 0, 0, 0, 0, 0, ''), -- 165414
(165415, 0, 0, 0, 1, 0, 20301, 0, 0, 0, '214567'), -- 165415 - Mod Scale 90-110%
(174175, 0, 0, 0, 1, 0, 0, 0, 0, 0, '342021 341811'), -- 174175 - Loyal Stoneborn, Chiseled Statue
(165515, 0, 0, 0, 0, 0, 0, 0, 0, 0, ''); -- 165515


DELETE FROM `creature_template_scaling` WHERE (`DifficultyID`=1 AND `Entry` IN (175577,167892,167876,167615,165737,166034,166497,164218,165410,167611,167610,167612,164185,167607,158637,165408,164562,165529,164563,164557,165414,165415,174175,165515));
INSERT INTO `creature_template_scaling` (`Entry`, `DifficultyID`, `LevelScalingDeltaMin`, `LevelScalingDeltaMax`, `ContentTuningID`, `VerifiedBuild`) VALUES
(175577, 1, 0, 0, 2044, 44325),
(167892, 1, 0, 0, 1712, 44325),
(167876, 1, 1, 1, 1712, 44325),
(167615, 1, 0, 0, 1712, 44325),
(165737, 1, 0, 0, 1712, 44325),
(166034, 1, 0, 0, 1712, 44325),
(166497, 1, 0, 0, 1712, 44325),
(164218, 1, 2, 2, 1712, 44325),
(165410, 1, 2, 2, 1712, 44325),
(167611, 1, 0, 0, 1712, 44325),
(167610, 1, 0, 0, 1712, 44325),
(167612, 1, 1, 1, 1712, 44325),
(164185, 1, 2, 2, 1712, 44325),
(167607, 1, 1, 1, 1712, 44325),
(158637, 1, 0, 0, 872, 44325),
(165408, 1, 2, 2, 1712, 44325),
(164562, 1, 0, 0, 1712, 44325),
(165529, 1, 0, 0, 1712, 44325),
(164563, 1, 0, 0, 1712, 44325),
(164557, 1, 1, 1, 1712, 44325),
(165414, 1, 0, 0, 1712, 44325),
(165415, 1, 0, 0, 1712, 44325),
(174175, 1, 1, 1, 1712, 44325),
(165515, 1, 0, 0, 1712, 44325);


DELETE FROM `creature_model_info` WHERE `DisplayID` IN (94173, 90426, 93070, 93072, 96853, 96296, 11686, 95103, 94503, 94724, 94765, 93854, 93829, 96260, 95707, 93574, 98764, 93033, 94570, 97003, 97001, 94573, 97002, 93163, 97004, 94571, 93680, 93813, 93034, 93683, 93032, 93160, 94868, 93815, 93681, 93682, 93814, 95706, 93035);
INSERT INTO `creature_model_info` (`DisplayID`, `BoundingRadius`, `CombatReach`, `DisplayID_Other_Gender`, `VerifiedBuild`) VALUES
(94173, 2.429767370223999023, 2, 0, 44325),
(90426, 0.95922398567199707, 1.5, 0, 44325),
(93070, 3.125, 1.5, 0, 44325),
(93072, 3.125, 1.5, 0, 44325),
(96853, 4.375827312469482421, 0, 0, 44325),
(96296, 1, 0, 0, 44325),
(11686, 0.5, 1, 0, 44325),
(95103, 3.75, 1.80000007152557373, 0, 44325),
(94503, 3.125, 1.5, 0, 44325),
(94724, 1.02247023582458496, 0, 0, 44325),
(94765, 0.691784977912902832, 1.299999952316284179, 0, 44325),
(93854, 0.691784918308258056, 1.299999952316284179, 0, 44325),
(93829, 2.670772314071655273, 2.309999942779541015, 0, 44325),
(96260, 3.344639778137207031, 0, 0, 44325),
(95707, 4.59174346923828125, 3.375, 0, 44325),
(93574, 0.360905170440673828, 0, 0, 44325),
(98764, 4.399278163909912109, 6, 0, 44325),
(93033, 2.5, 1.20000004768371582, 0, 44325),
(94570, 2.5, 1.20000004768371582, 0, 44325),
(97003, 2.5, 1.20000004768371582, 0, 44325),
(97001, 2.5, 1.20000004768371582, 0, 44325),
(94573, 2.5, 1.20000004768371582, 0, 44325),
(97002, 2.5, 1.20000004768371582, 0, 44325),
(93163, 1.036973834037780761, 2.20000004768371582, 0, 44325),
(97004, 2.5, 1.20000004768371582, 0, 44325),
(94571, 2.5, 1.20000004768371582, 0, 44325),
(93680, 2.5, 1.20000004768371582, 0, 44325),
(93813, 0.5, 1, 0, 44325),
(93034, 2.5, 1.20000004768371582, 0, 44325),
(93683, 2.5, 1.20000004768371582, 0, 44325),
(93032, 2.5, 1.20000004768371582, 0, 44325),
(93160, 1.036973834037780761, 2.20000004768371582, 0, 44325),
(94868, 2.857102870941162109, 4, 0, 44325),
(93815, 0.5, 1, 0, 44325),
(93681, 2.5, 1.20000004768371582, 0, 44325),
(93682, 2.5, 1.20000004768371582, 0, 44325),
(93814, 0.5, 1, 0, 44325),
(95706, 4.081549644470214843, 3, 0, 44325),
(93035, 2.5, 1.20000004768371582, 0, 44325);

SET @GROUP_ID = 0;

REPLACE INTO `creature_text` (`CreatureID`, `GroupID`, `ID`, `Text`, `Type`, `Language`, `Probability`, `Emote`, `Duration`, `Sound`, `BroadcastTextId`, `TextRange`, `comment`) VALUES
(164185, @GROUP_ID+0, 0, 'Begone, rebel filth!', 14, 0, 100, 0, 0, 157569, 0, 0, 'Echelon'),
(164185, @GROUP_ID+1, 0, 'Blood take you!', 14, 0, 100, 0, 0, 157558, 0, 0, 'Echelon'),
(164185, @GROUP_ID+2, 0, 'Obey me, minions!', 14, 0, 100, 0, 0, 157568, 0, 0, 'Echelon'),
(164185, @GROUP_ID+3, 0, 'Your fate is carved in stone!', 14, 0, 100, 0, 0, 157560, 0, 0, 'Echelon'),
(164185, @GROUP_ID+4, 0, '|TInterface\\Icons\\Ability_Earthen_Pillar.blp:20|t%s targets you with |cFFFF0000|Hspell:319941|h[Stone Shattering Leap]|h|r!', 42, 0, 100, 0, 0, 157565, 0, 0, 'Echelon to Player'),
(164185, @GROUP_ID+5, 0, 'Dust to dust!', 14, 0, 100, 0, 0, 157565, 0, 0, 'Echelon to Player'),
(164185, @GROUP_ID+6, 0, 'Your failure is complete.', 14, 0, 100, 0, 0, 157573, 0, 0, 'Echelon to Undying Stonefiend'),
(164185, @GROUP_ID+7, 0, 'The ground bleeds!', 14, 0, 100, 0, 0, 157573, 0, 0, 'Echelon'),
(164185, @GROUP_ID+8, 0, 'This... cannot... be...', 14, 0, 100, 0, 0, 157570, 0, 0, 'Echelon to Player'),
(164218, @GROUP_ID+0, 0, 'I tire of your boorish presence. It seems I must deal with you myself.', 14, 0, 100, 0, 0, 156553, 0, 0, 'Lord Chamberlain to 24387'),
(164218, @GROUP_ID+1, 0, 'Begone, rabble!', 14, 0, 100, 0, 0, 156551, 0, 0, 'Lord Chamberlain'),
(164218, @GROUP_ID+2, 0, 'You are beneath my contempt!', 14, 0, 100, 0, 0, 156549, 0, 0, 'Lord Chamberlain to Sinstone Statue'),
(164218, @GROUP_ID+3, 0, 'You have not earned your pride.', 14, 0, 100, 0, 0, 156546, 0, 0, 'Lord Chamberlain to Player'),
(164218, @GROUP_ID+4, 0, 'I am losing my patience!', 14, 0, 100, 0, 0, 156550, 0, 0, 'Lord Chamberlain to Sinstone Statue'),
(164218, @GROUP_ID+5, 0, '|TInterface\\Icons\\SPELL_DEATHKNIGHT_VENDETTA.BLP:20|t%s begins casting |cFFFF0000|Hspell:323393|h[Ritual of Woe]|h|r!', 41, 0, 100, 0, 0, 156543, 0, 0, 'Lord Chamberlain'),
(164218, @GROUP_ID+6, 0, 'The anima overflows!', 14, 0, 100, 0, 0, 156543, 0, 0, 'Lord Chamberlain'),
(164218, @GROUP_ID+7, 0, 'Worthless... servants...', 14, 0, 100, 0, 0, 156552, 0, 0, 'Lord Chamberlain to Player'),
(165410, @GROUP_ID+0, 0, 'Your penance is at hand!', 14, 0, 100, 0, 0, 157541, 0, 0, 'High Adjudicator Aleez'),
(165410, @GROUP_ID+1, 0, 'You must face your punishment.', 14, 0, 100, 0, 0, 157538, 0, 0, 'High Adjudicator Aleez'),
(165410, @GROUP_ID+2, 0, 'Their pain shall enlighten you.', 14, 0, 100, 0, 0, 157539, 0, 0, 'High Adjudicator Aleez'),
(165410, @GROUP_ID+3, 0, 'My flock... needs me...', 14, 0, 100, 0, 0, 157542, 0, 0, 'High Adjudicator Aleez to Player'),
(165414, @GROUP_ID+0, 0, 'Your arrogance stains this realm!', 12, 0, 100, 0, 0, 150665, 0, 0, 'Depraved Obliterator to Player'),
(165515, @GROUP_ID+0, 0, 'We will break you, like all the rest!', 12, 0, 100, 6, 0, 167700, 0, 0, 'Depraved Darkblade to Player'),
(165529, @GROUP_ID+0, 0, 'The Master... will stop you...', 12, 0, 100, 0, 0, 150648, 0, 0, 'Depraved Collector to Player');

REPLACE INTO `npc_spellclick_spells` (`npc_entry`, `spell_id`, `cast_flags`, `user_type`) VALUES
(158637, 311231, 0, 0);



DELETE FROM `creature_template_model` WHERE (`Idx`=0 AND `CreatureID` IN (175577,165770,167898,167892,167876,165913,167615,164363,165737,166034,166497,164218,165410,167611,167610,167612,171185,171396,167806,164185,167607,158637)) OR (`Idx`=1 AND `CreatureID` IN (165770,167615,166497,167610)) OR (`Idx`=3 AND `CreatureID`=167615) OR (`Idx`=2 AND `CreatureID`=167615);
INSERT INTO `creature_template_model` (`CreatureID`, `Idx`, `CreatureDisplayID`, `DisplayScale`, `Probability`, `VerifiedBuild`) VALUES
(175577, 0, 94173, 1, 0, 44325), -- Sinfall Flyer
(165770, 1, 65854, 1, 0, 44325), -- 165770
(165770, 0, 16925, 1, 1, 44325), -- 165770
(167898, 0, 94281, 1, 1, 44325), -- 167898
(167892, 0, 90426, 1, 1, 44325), -- 167892
(167876, 0, 93070, 1, 1, 44325), -- 167876
(165913, 0, 99386, 1.5, 1, 44325), -- 165913
(167615, 3, 93071, 1, 1, 44325), -- 167615
(167615, 2, 93072, 1, 1, 44325), -- 167615
(167615, 1, 93073, 1, 1, 44325), -- 167615
(167615, 0, 93074, 1, 1, 44325), -- 167615
(164363, 0, 93854, 2, 1, 44325), -- 164363
(165737, 0, 96853, 0.5, 1, 44325), -- 165737
(166034, 0, 96296, 1, 1, 44325), -- 166034
(166497, 1, 11686, 1, 1, 44325), -- 166497
(166497, 0, 1126, 1, 0, 44325), -- 166497
(164218, 0, 95103, 1.20000004768371582, 1, 44325), -- 164218
(165410, 0, 94503, 1, 1, 44325), -- 165410
(167611, 0, 94724, 0.699999988079071044, 1, 44325), -- 167611
(167610, 1, 93854, 1, 1, 44325), -- 167610
(167610, 0, 94765, 1, 1, 44325), -- 167610
(167612, 0, 93829, 0.699999988079071044, 1, 44325), -- 167612
(171185, 0, 92534, 1, 1, 44325), -- 171185
(171396, 0, 106981, 0.800000011920928955, 1, 44325), -- 171396
(167806, 0, 94279, 0.5, 1, 44325), -- 167806
(164185, 0, 96260, 1.5, 1, 44325), -- 164185
(167607, 0, 95707, 0.899999976158142089, 1, 44325), -- 167607
(158637, 0, 93574, 1, 1, 44325); -- 158637

DELETE FROM `creature_questitem` WHERE (`CreatureEntry`=164218 AND `Idx` IN (2,1,0));
INSERT INTO `creature_questitem` (`CreatureEntry`, `Idx`, `ItemId`, `VerifiedBuild`) VALUES
(164218, 2, 179024, 44325), -- 164218
(164218, 1, 178575, 44325), -- 164218
(164218, 0, 178583, 44325); -- 164218


DELETE FROM `gameobject_template` WHERE `entry` IN (355590 /*355590*/, 355589 /*355589*/, 349098 /*349098*/, 349099 /*349099*/, 352524 /*352524*/);
INSERT INTO `gameobject_template` (`entry`, `type`, `displayId`, `name`, `IconName`, `castBarCaption`, `unk1`, `size`, `Data0`, `Data1`, `Data2`, `Data3`, `Data4`, `Data5`, `Data6`, `Data7`, `Data8`, `Data9`, `Data10`, `Data11`, `Data12`, `Data13`, `Data14`, `Data15`, `Data16`, `Data17`, `Data18`, `Data19`, `Data20`, `Data21`, `Data22`, `Data23`, `Data24`, `Data25`, `Data26`, `Data27`, `Data28`, `Data29`, `Data30`, `Data31`, `Data32`, `Data33`, `Data34`, `ContentTuningId`, `VerifiedBuild`) VALUES
(355590, 5, 59458, 'Doodad_9VM_VAMPIRE_MIRROR003', '', '', '', 0.999999940395355224, 0, 0, 0, 0, 0, 0, 0, 0, 0, 0, 0, 0, 0, 0, 0, 0, 0, 0, 0, 0, 0, 0, 0, 0, 0, 0, 0, 0, 0, 0, 0, 0, 0, 0, 0, 0, 44325), -- 355590
(355589, 5, 59458, 'Doodad_9VM_VAMPIRE_MIRROR002', '', '', '', 0.999999880790710449, 0, 0, 0, 0, 0, 0, 0, 0, 0, 0, 0, 0, 0, 0, 0, 0, 0, 0, 0, 0, 0, 0, 0, 0, 0, 0, 0, 0, 0, 0, 0, 0, 0, 0, 0, 0, 44325), -- 355589
(349098, 7, 61326, 'Doodad_9DU_VAMPIRE_CATHEDRAL_PEW030', '', '', '', 1, 1, 1, 0, 0, 0, 0, 0, 0, 0, 0, 0, 0, 0, 0, 0, 0, 0, 0, 0, 0, 0, 0, 0, 0, 0, 0, 0, 0, 0, 0, 0, 0, 0, 0, 0, 0, 44325), -- 349098
(349099, 7, 61326, 'Doodad_9DU_VAMPIRE_CATHEDRAL_PEW029', '', '', '', 1, 1, 1, 0, 0, 0, 0, 0, 0, 0, 0, 0, 0, 0, 0, 0, 0, 0, 0, 0, 0, 0, 0, 0, 0, 0, 0, 0, 0, 0, 0, 0, 0, 0, 0, 0, 0, 44325), -- 349099
(352524, 5, 37971, 'Statue Collision', '', '', '', 1.299999952316284179, 0, 0, 0, 1, 0, 0, 0, 0, 0, 0, 0, 0, 0, 0, 0, 0, 0, 0, 0, 0, 0, 0, 0, 0, 0, 0, 0, 0, 0, 0, 0, 0, 0, 0, 0, 498, 44325); -- 352524

REPLACE INTO `instance_template` (`map`, `parent`, `script`) VALUES (2287, 0, 'instance_halls_of_attonement');
