-- spires of ascension stuff
DELETE FROM `areatrigger_template` WHERE (`IsServerSide`=0 AND `Id` IN (8352,23641,23648,23644,23665,25537,25376,6439,24355,27225,23726,24299,23858,23840,25518,25517,25511,25377,24272,24241,23813,10202,12929,23887,23839));
INSERT INTO `areatrigger_template` (`Id`, `IsServerSide`, `Type`, `Flags`, `Data0`, `Data1`, `Data2`, `Data3`, `Data4`, `Data5`, `VerifiedBuild`) VALUES
(23641, 0, 4, 0, 5, 5, 3, 3, 0.300000011920928955, 0.300000011920928955, 44061),
(23648, 0, 3, 1, 0, 0, 0, 0, 0, 0, 44061),
(23644, 0, 3, 1, 0, 0, 0, 0, 0, 0, 44061),
(23665, 0, 4, 0, 2, 2, 10, 10, 3, 3, 44061),
(25537, 0, 4, 4, 6, 6, 10, 10, 5, 5, 44061),
(25376, 0, 4, 2, 1, 1, 3, 3, 1.5, 1.5, 44061),
(6439, 0, 4, 2, 1, 1, 3, 3, 1.5, 1.5, 44061),
(27225, 0, 0, 0, 2, 2, 0, 0, 0, 0, 44061),
(23726, 0, 0, 0, 5, 5, 0, 0, 0, 0, 44061),
(24299, 0, 0, 0, 5, 5, 0, 0, 0, 0, 44061),
(23858, 0, 0, 4, 10, 10, 0, 0, 0, 0, 44061),
(23840, 0, 0, 4, 10, 10, 0, 0, 0, 0, 44061),
(25518, 0, 0, 1024, 1, 1, 0, 0, 0, 0, 44061),
(25517, 0, 0, 1024, 1, 1, 0, 0, 0, 0, 44061),
(25511, 0, 4, 4, 10, 10, 50, 50, 0.300000011920928955, 0.300000011920928955, 44061),
(25377, 0, 0, 4, 5, 5, 0, 0, 0, 0, 44061),
(24272, 0, 0, 0, 6, 6, 0, 0, 0, 0, 44061),
(24241, 0, 0, 4, 15, 15, 0, 0, 0, 0, 44061),
(23813, 0, 4, 4, 0.5, 0.5, 10, 10, 3, 3, 44061),
(10202, 0, 3, 12, 0, 0, 0, 0, 0, 0, 44061),
(23887, 0, 0, 0, 5, 5, 0, 0, 0, 0, 44061),
(23839, 0, 4, 0, 1, 1, 3, 3, 0.5, 0.5, 44061);


DELETE FROM `areatrigger_create_properties` WHERE `Id` IN (3680 /*SpellId : 209693*/, 19672 /*SpellId : 322816*/, 19679 /*SpellId : 322908*/, 19675 /*SpellId : 322893*/, 19697 /*SpellId : 323080*/, 21248 /*SpellId : 336555*/, 21063 /*SpellId : 334626*/, 21874 /*SpellId : 343481*/, 20460 /*SpellId : 328951*/, 22778 /*SpellId : 351733*/, 19766 /*SpellId : 328452*/, 20400 /*SpellId : 342652*/, 19907 /*SpellId : 323791*/, 19888 /*SpellId : 324388*/, 21227 /*SpellId : 336309*/, 21226 /*SpellId : 336283*/, 21228 /*SpellId : 336312*/, 21215 /*SpellId : 331235*/, 21064 /*SpellId : 334573*/, 2147483648 /*SpellId : 0 CANNOT FIND PROPERTIES ID, USED SPELL ID AS KEY (NEEDS MANUAL CORRECTION)*/, 19826 /*SpellId : 323928*/, 19856 /*SpellId : 324108*/, 21204 /*SpellId : 336060*/, 20331 /*SpellId : 327812*/, 8867 /*SpellId : 228537*/, 19938 /*SpellId : 324663*/, 19882 /*SpellId : 324369*/);
INSERT INTO `areatrigger_create_properties` (`Id`, `AreaTriggerId`, `MoveCurveId`, `ScaleCurveId`, `MorphCurveId`, `FacingCurveId`, `AnimId`, `AnimKitId`, `DecalPropertiesId`, `TimeToTarget`, `TimeToTargetScale`, `Shape`, `ShapeData0`, `ShapeData1`, `ShapeData2`, `ShapeData3`, `ShapeData4`, `ShapeData5`, `ShapeData6`, `ShapeData7`, `VerifiedBuild`) VALUES
(19672, 23641, 0, 0, 0, 0, -1, 0, 446, 0, 30000, 4, 5, 5, 3, 3, 0.300000011920928955, 0.300000011920928955, 0, 0, 44061), -- SpellId : 322816
(19679, 23648, 0, 0, 0, 0, -1, 0, 0, 0, 18000, 3, 0, 0, 0, 0, 0, 0, 0, 0, 44061), -- SpellId : 322908
(19675, 23644, 0, 0, 0, 0, -1, 0, 0, 0, 18000, 3, 0, 0, 0, 0, 0, 0, 0, 0, 44061), -- SpellId : 322893
(19697, 23665, 0, 0, 0, 0, -1, 0, 0, 0, 0, 4, 2, 2, 10, 10, 3, 3, 0, 0, 44061), -- SpellId : 323080
(21248, 25537, 0, 0, 0, 0, -1, 0, 0, 0, 0, 4, 6, 6, 10, 10, 5, 5, 0, 0, 44061), -- SpellId : 336555
(21063, 25376, 0, 19009, 0, 0, -1, 0, 0, 4000, 4000, 4, 1, 1, 3, 3, 1.5, 1.5, 0, 0, 44061), -- SpellId : 334626
(21874, 6439, 0, 21955, 0, 0, -1, 0, 0, 0, 4000, 4, 1, 1, 3, 3, 1.5, 1.5, 0, 0, 44061), -- SpellId : 343481
(22778, 27225, 0, 0, 0, 0, -1, 0, 0, 2003, 10000, 0, 2, 2, 0, 0, 0, 0, 0, 0, 44061), -- SpellId : 351733
(19766, 23726, 0, 0, 0, 0, -1, 0, 446, 0, 15000, 0, 5, 5, 0, 0, 0, 0, 0, 0, 44061), -- SpellId : 328452
(20400, 24299, 0, 0, 0, 0, -1, 0, 0, 0, 45000, 0, 5, 5, 0, 0, 0, 0, 0, 0, 44061), -- SpellId : 342652
(19907, 23858, 0, 0, 0, 0, -1, 0, 413, 0, 600000, 0, 10, 10, 0, 0, 0, 0, 0, 0, 44061), -- SpellId : 323791
(19888, 23840, 0, 0, 0, 0, -1, 0, 0, 0, 600000, 0, 10, 10, 0, 0, 0, 0, 0, 0, 44061), -- SpellId : 324388
(21227, 25518, 0, 0, 0, 0, -1, 0, 0, 2038, 0, 0, 1, 1, 0, 0, 0, 0, 0, 0, 44061), -- SpellId : 336309
(21226, 25517, 0, 0, 0, 0, -1, 0, 0, 1257, 0, 0, 1, 1, 0, 0, 0, 0, 0, 0, 44061), -- SpellId : 336283
(21228, 25518, 0, 0, 0, 0, -1, 0, 0, 3278, 0, 0, 1, 1, 0, 0, 0, 0, 0, 0, 44061), -- SpellId : 336312
(21215, 25511, 0, 0, 0, 0, -1, 0, 0, 0, 0, 4, 10, 10, 50, 50, 0.300000011920928955, 0.300000011920928955, 0, 0, 44061), -- SpellId : 331235
(21064, 25377, 0, 0, 0, 0, -1, 0, 0, 0, 0, 0, 5, 5, 0, 0, 0, 0, 0, 0, 44061), -- SpellId : 334573
(2147483648, 24272, 0, 0, 0, 0, -1, 0, 0, 0, 0, 0, 6, 6, 0, 0, 0, 0, 0, 0, 44061), -- SpellId : 0 CANNOT FIND PROPERTIES ID, USED SPELL ID AS KEY (NEEDS MANUAL CORRECTION)
(19826, 23813, 0, 0, 0, 0, -1, 0, 0, 0, 10000, 4, 0.5, 0.5, 10, 10, 3, 3, 0, 0, 44061), -- SpellId : 323928
(19856, 23813, 0, 0, 0, 0, -1, 0, 0, 0, 0, 4, 3, 3, 6, 6, 0.300000011920928955, 0.300000011920928955, 0, 0, 44061), -- SpellId : 324108
(21204, 10202, 0, 0, 0, 0, -1, 0, 0, 0, 2000, 3, 0, 0, 0, 0, 0, 0, 0, 0, 44061), -- SpellId : 336060
(20331, 24241, 0, 0, 0, 0, -1, 0, 0, 0, 0, 0, 15, 15, 0, 0, 0, 0, 0, 0, 44061), -- SpellId : 327812
(19938, 23887, 0, 0, 0, 0, -1, 0, 0, 0, 60000, 0, 5, 5, 0, 0, 0, 0, 0, 0, 44061), -- SpellId : 324663
(19882, 23839, 0, 0, 0, 0, -1, 0, 0, 10381, 12000, 4, 1, 1, 3, 3, 0.5, 0.5, 0, 0, 44061); -- SpellId : 324369


DELETE FROM `areatrigger_create_properties_orbit` WHERE `AreaTriggerCreatePropertiesId` IN (21228 /*SpellId : 336312*/, 21227 /*SpellId : 336309*/, 21226 /*SpellId : 336283*/);
INSERT INTO `areatrigger_create_properties_orbit` (`AreaTriggerCreatePropertiesId`, `StartDelay`, `CircleRadius`, `BlendFromRadius`, `InitialAngle`, `ZOffset`, `CounterClockwise`, `CanLoop`, `VerifiedBuild`) VALUES
(21228, 0, 6, 0, 0, 0, 1, 0, 44061), -- SpellId : 336312
(21227, 0, 6, 0, 0, 0, 1, 0, 44061), -- SpellId : 336309
(21226, 0, 6, 0, 0, 0, 0, 0, 44061); -- SpellId : 336283


DELETE FROM `areatrigger_create_properties_polygon_vertex` WHERE (`AreaTriggerCreatePropertiesId`=19679 AND `Idx` IN (13,12,11,10,9,8,7,6,5,4,3,2,1,0)) OR (`AreaTriggerCreatePropertiesId`=19675 AND `Idx` IN (13,12,11,10,9,8,7,6,5,4,3,2,1,0)) OR (`AreaTriggerCreatePropertiesId`=21204 AND `Idx` IN (3,2,1,0));
INSERT INTO `areatrigger_create_properties_polygon_vertex` (`AreaTriggerCreatePropertiesId`, `Idx`, `VerticeX`, `VerticeY`, `VerticeTargetX`, `VerticeTargetY`, `VerifiedBuild`) VALUES
(19679, 13, -13.48870849609375, 36.39453125, NULL, NULL, 44061), -- SpellId : 322908
(19679, 12, -9.39495849609375, 44.05419921875, NULL, NULL, 44061), -- SpellId : 322908
(19679, 11, -6.9140625, 59.58349609375, NULL, NULL, 44061), -- SpellId : 322908
(19679, 10, 46.03038787841796875, 31.35107421875, NULL, NULL, 44061), -- SpellId : 322908
(19679, 9, 55.74913787841796875, 12.6201171875, NULL, NULL, 44061), -- SpellId : 322908
(19679, 8, 49.34114837646484375, -11.49462890625, NULL, NULL, 44061), -- SpellId : 322908
(19679, 7, 27.8289947509765625, -17.80859375, NULL, NULL, 44061), -- SpellId : 322908
(19679, 6, 33.447052001953125, -40.42333984375, NULL, NULL, 44061), -- SpellId : 322908
(19679, 5, 19.2821197509765625, -58.11083984375, NULL, NULL, 44061), -- SpellId : 322908
(19679, 4, -4.5286407470703125, -59.5830078125, NULL, NULL, 44061), -- SpellId : 322908
(19679, 3, -55.7491302490234375, -29.74462890625, NULL, NULL, 44061), -- SpellId : 322908
(19679, 2, -44.08245849609375, -18.61572265625, NULL, NULL, 44061), -- SpellId : 322908
(19679, 1, -40.0269012451171875, -11.66455078125, NULL, NULL, 44061), -- SpellId : 322908
(19679, 0, -42.9088592529296875, 21.34912109375, NULL, NULL, 44061), -- SpellId : 322908
(19675, 13, -13.48870849609375, 36.39453125, NULL, NULL, 44061), -- SpellId : 322893
(19675, 12, -9.39495849609375, 44.05419921875, NULL, NULL, 44061), -- SpellId : 322893
(19675, 11, -6.9140625, 59.58349609375, NULL, NULL, 44061), -- SpellId : 322893
(19675, 10, 46.03038787841796875, 31.35107421875, NULL, NULL, 44061), -- SpellId : 322893
(19675, 9, 55.74913787841796875, 12.6201171875, NULL, NULL, 44061), -- SpellId : 322893
(19675, 8, 49.34114837646484375, -11.49462890625, NULL, NULL, 44061), -- SpellId : 322893
(19675, 7, 27.8289947509765625, -17.80859375, NULL, NULL, 44061), -- SpellId : 322893
(19675, 6, 33.447052001953125, -40.42333984375, NULL, NULL, 44061), -- SpellId : 322893
(19675, 5, 19.2821197509765625, -58.11083984375, NULL, NULL, 44061), -- SpellId : 322893
(19675, 4, -4.5286407470703125, -59.5830078125, NULL, NULL, 44061), -- SpellId : 322893
(19675, 3, -55.7491302490234375, -29.74462890625, NULL, NULL, 44061), -- SpellId : 322893
(19675, 2, -44.08245849609375, -18.61572265625, NULL, NULL, 44061), -- SpellId : 322893
(19675, 1, -40.0269012451171875, -11.66455078125, NULL, NULL, 44061), -- SpellId : 322893
(19675, 0, -42.9088592529296875, 21.34912109375, NULL, NULL, 44061), -- SpellId : 322893
(21204, 3, 28.96999931335449218, 7.764570236206054687, NULL, NULL, 44061), -- SpellId : 336060
(21204, 2, 28.96999931335449218, -7.76457023620605468, NULL, NULL, 44061), -- SpellId : 336060
(21204, 1, -0.00409686984494328, -0.09904810041189193, NULL, NULL, 44061), -- SpellId : 336060
(21204, 0, -0.00409650988876819, 0.092515602707862854, NULL, NULL, 44061); -- SpellId : 336060


DELETE FROM `areatrigger_create_properties_spline_point` WHERE (`AreaTriggerCreatePropertiesId`=21063 AND `Idx` IN (3,2,1,0)) OR (`AreaTriggerCreatePropertiesId`=22778 AND `Idx` IN (26,25,24,23,22,21,20,19,18,17,16,15,14,13,12,11,10,9,8,7,6,5,4,3,2,1,0)) OR (`AreaTriggerCreatePropertiesId`=21227 AND `Idx` IN (14,13,12,11,10,9,8,7,6,5,4,3,2,1,0)) OR (`AreaTriggerCreatePropertiesId`=21226 AND `Idx` IN (14,13,12,11,10,9,8,7,6,5,4,3,2,1,0)) OR (`AreaTriggerCreatePropertiesId`=21228 AND `Idx` IN (14,13,12,11,10,9,8,7,6,5,4,3,2,1,0)) OR (`AreaTriggerCreatePropertiesId`=19882 AND `Idx` IN (26,25,24,23,22,21,20,19,18,17,16,15,14,13,12,11,10,9,8,7,6,5,4,3,2,1,0));
INSERT INTO `areatrigger_create_properties_spline_point` (`AreaTriggerCreatePropertiesId`, `Idx`, `X`, `Y`, `Z`, `VerifiedBuild`) VALUES
(21063, 3, -0.00444864528253674, -0.00894984509795904, 5, 44061), -- SpellId : 334626
(21063, 2, -0.00444864528253674, -0.00894984509795904, 5, 44061), -- SpellId : 334626
(21063, 1, -0, -0, 0, 44061), -- SpellId : 334626
(21063, 0, -0, -0, 0, 44061), -- SpellId : 334626
(22778, 26, 60.00010299682617187, -0.00001198641530208, 0.71728515625, 44061), -- SpellId : 351733
(22778, 25, 60.00010299682617187, -0.00001198641530208, 0.71728515625, 44061), -- SpellId : 351733
(22778, 24, 57.5001983642578125, 0.000210783488000743, 0.71728515625, 44061), -- SpellId : 351733
(22778, 23, 55.00008773803710937, -0.00000719154377293, 0.71728515625, 44061), -- SpellId : 351733
(22778, 22, 52.5001983642578125, 0.000208570359973236, 0.71728515625, 44061), -- SpellId : 351733
(22778, 21, 50.00008392333984375, -0.00000940467907639, 0.71728515625, 44061), -- SpellId : 351733
(22778, 20, 47.50018310546875, 0.000213365230592899, 0.71728515625, 44061), -- SpellId : 351733
(22778, 19, 45.00006866455078125, -0.00000460980754724, 0.71728515625, 44061), -- SpellId : 351733
(22778, 18, 42.50017929077148437, 0.000211152088013477, 0.71728515625, 44061), -- SpellId : 351733
(22778, 17, 40.00762939453125, -0.07262696325778961, 0.71728515625, 44061), -- SpellId : 351733
(22778, 16, 37.50017547607421875, 0.000208938959985971, 0.2939453125, 44061), -- SpellId : 351733
(22778, 15, 35.00006484985351562, -0.00000903607724467, 0.2509765625, 44061), -- SpellId : 351733
(22778, 14, 32.52910232543945312, -0.09335368871688842, 0.2236328125, 44061), -- SpellId : 351733
(22778, 13, 30.00004768371582031, -0.00000424120617026, -0.00439453125, 44061), -- SpellId : 351733
(22778, 12, 27.50015830993652343, 0.000211520688026212, -0.0439453125, 44061), -- SpellId : 351733
(22778, 11, 25.0000457763671875, -0.00000645434101897, -0.10107421875, 44061), -- SpellId : 351733
(22778, 10, 22.50014305114746093, 0.000216315558645874, -0.046875, 44061), -- SpellId : 351733
(22778, 9, 20.000030517578125, -0.0000016594696035, 0.00830078125, 44061), -- SpellId : 351733
(22778, 8, 17.50014114379882812, 0.000214102430618368, 0.06298828125, 44061), -- SpellId : 351733
(22778, 7, 15.00002765655517578, -0.00000387260479328, 0.1171875, 44061), -- SpellId : 351733
(22778, 6, 12.50736808776855468, -0.05354749783873558, 0.025390625, 44061), -- SpellId : 351733
(22778, 5, 10.00001144409179687, 0.0000009222669064, 0.0712890625, 44061), -- SpellId : 351733
(22778, 4, 7.500122547149658203, 0.000216684173210524, 0.08935546875, 44061), -- SpellId : 351733
(22778, 3, 5.000009059906005859, -0.00000129086822653, 0.0947265625, 44061), -- SpellId : 351733
(22778, 2, 2.422938346862792968, -0.03023971989750862, 0.12353515625, 44061), -- SpellId : 351733
(22778, 1, -0, -0, 0, 44061), -- SpellId : 351733
(22778, 0, -0, -0, 0, 44061), -- SpellId : 351733
(21227, 14, -15.5042228698730468, -12.964329719543457, 0.00048828125, 44061), -- SpellId : 336309
(21227, 13, -15.5042228698730468, -12.964329719543457, 0.00048828125, 44061), -- SpellId : 336309
(21227, 12, -22.2069282531738281, -10.3072414398193359, 0.00048828125, 44061), -- SpellId : 336309
(21227, 11, -26.6829719543457031, -4.65526914596557617, 0.00048828125, 44061), -- SpellId : 336309
(21227, 10, -27.7332992553710937, 2.477745294570922851, 0.00048828125, 44061), -- SpellId : 336309
(21227, 9, -25.0764217376708984, 9.180438041687011718, 0.00048828125, 44061), -- SpellId : 336309
(21227, 8, -19.4242458343505859, 13.65680789947509765, 0.00048828125, 44061), -- SpellId : 336309
(21227, 7, -12.2911243438720703, 14.70708370208740234, 0.00048828125, 44061), -- SpellId : 336309
(21227, 6, -5.58841943740844726, 12.04999542236328125, 0.00048828125, 44061), -- SpellId : 336309
(21227, 5, -1.11237585544586181, 6.398023128509521484, 0.00048828125, 44061), -- SpellId : 336309
(21227, 4, -0.06204819306731224, -0.73499143123626708, 0.00048828125, 44061), -- SpellId : 336309
(21227, 3, -2.71892499923706054, -7.4376840591430664, 0.00048828125, 44061), -- SpellId : 336309
(21227, 2, -8.37110042572021484, -11.9140548706054687, 0.00048828125, 44061), -- SpellId : 336309
(21227, 1, -15.5042228698730468, -12.964329719543457, 0.00048828125, 44061), -- SpellId : 336309
(21227, 0, -15.5042228698730468, -12.964329719543457, 0.00048828125, 44061), -- SpellId : 336309
(21226, 14, 2.804612398147583007, 7.895032882690429687, -0.0009765625, 44061), -- SpellId : 336283
(21226, 13, 2.804612398147583007, 7.895032882690429687, -0.0009765625, 44061), -- SpellId : 336283
(21226, 12, 0.818998098373413085, 10.28347969055175781, -0.0009765625, 44061), -- SpellId : 336283
(21226, 11, -2.09470367431640625, 11.35906696319580078, -0.0009765625, 44061), -- SpellId : 336283
(21226, 10, -5.15575838088989257, 10.83355998992919921, -0.0009765625, 44061), -- SpellId : 336283
(21226, 9, -7.54410219192504882, 8.848126411437988281, -0.0009765625, 44061), -- SpellId : 336283
(21226, 8, -8.61954212188720703, 5.934172630310058593, -0.0009765625, 44061), -- SpellId : 336283
(21226, 7, -8.09418392181396484, 2.873151063919067382, -0.0009765625, 44061), -- SpellId : 336283
(21226, 6, -6.10857009887695312, 0.484704703092575073, -0.0009765625, 44061), -- SpellId : 336283
(21226, 5, -3.19486808776855468, -0.59088289737701416, -0.0009765625, 44061), -- SpellId : 336283
(21226, 4, -0.13381342589855194, -0.06537578254938125, -0.0009765625, 44061), -- SpellId : 336283
(21226, 3, 2.25453042984008789, 1.920058131217956542, -0.0009765625, 44061), -- SpellId : 336283
(21226, 2, 3.329970598220825195, 4.834011554718017578, -0.0009765625, 44061), -- SpellId : 336283
(21226, 1, 2.804612398147583007, 7.895032882690429687, -0.0009765625, 44061), -- SpellId : 336283
(21226, 0, 2.804612398147583007, 7.895032882690429687, -0.0009765625, 44061), -- SpellId : 336283
(21228, 14, -13.1796550750732421, 2.867907524108886718, 0, 44061), -- SpellId : 336312
(21228, 13, -13.1796550750732421, 2.867907524108886718, 0, 44061), -- SpellId : 336312
(21228, 12, -18.6651535034179687, 9.643595695495605468, 0, 44061), -- SpellId : 336312
(21228, 11, -20.0280170440673828, 18.25481414794921875, 0, 44061), -- SpellId : 336312
(21228, 10, -16.9025650024414062, 26.39311027526855468, 0, 44061), -- SpellId : 336312
(21228, 9, -10.1268138885498046, 31.87902259826660156, 0, 44061), -- SpellId : 336312
(21228, 8, -1.51586365699768066, 33.24163055419921875, 0, 44061), -- SpellId : 336312
(21228, 7, 6.622751235961914062, 30.11632347106933593, 0, 44061), -- SpellId : 336312
(21228, 6, 12.10824966430664062, 23.34063529968261718, 0, 44061), -- SpellId : 336312
(21228, 5, 13.47111320495605468, 14.7294158935546875, 0, 44061), -- SpellId : 336312
(21228, 4, 10.34566211700439453, 6.591120719909667968, 0, 44061), -- SpellId : 336312
(21228, 3, 3.56990981101989746, 1.10520792007446289, 0, 44061), -- SpellId : 336312
(21228, 2, -5.04104042053222656, -0.25739917159080505, 0, 44061), -- SpellId : 336312
(21228, 1, -13.1796550750732421, 2.867907524108886718, 0, 44061), -- SpellId : 336312
(21228, 0, -13.1796550750732421, 2.867907524108886718, 0, 44061), -- SpellId : 336312
(19882, 26, 79.9584197998046875, -0.00007497384649468, -5.72802734375, 44061), -- SpellId : 324369
(19882, 25, 79.9584197998046875, -0.00007497384649468, -5.72802734375, 44061), -- SpellId : 324369
(19882, 24, 76.62532806396484375, -0.00008257549779955, -5.8173828125, 44061), -- SpellId : 324369
(19882, 23, 73.48522186279296875, -0.19196493923664093, -5.22216796875, 44061), -- SpellId : 324369
(19882, 22, 69.95867156982421875, -0.00008291938866022, -6.44775390625, 44061), -- SpellId : 324369
(19882, 21, 66.625091552734375, -0.00007566162821603, -6.4345703125, 44061), -- SpellId : 324369
(19882, 20, 63.2920074462890625, -0.00008326328679686, -6.62109375, 44061), -- SpellId : 324369
(19882, 19, 59.95843124389648437, -0.00007600551907671, -6.6005859375, 44061), -- SpellId : 324369
(19882, 18, 56.62534713745117187, -0.00008360717765754, -5.22216796875, 44061), -- SpellId : 324369
(19882, 17, 53.39225006103515625, 0.027029730379581451, -5.55908203125, 44061), -- SpellId : 324369
(19882, 16, 49.95868301391601562, -0.00008395106851821, -6.40966796875, 44061), -- SpellId : 324369
(19882, 15, 46.6251068115234375, -0.00007669330079806, -3.3564453125, 44061), -- SpellId : 324369
(19882, 14, 43.49695205688476562, -0.95476090908050537, -2.77001953125, 44061), -- SpellId : 324369
(19882, 13, 39.95844650268554687, -0.00007703719165874, -3.72998046875, 44061), -- SpellId : 324369
(19882, 12, 36.62535858154296875, -0.00008463885023957, -2.96484375, 44061), -- SpellId : 324369
(19882, 11, 33.29178619384765625, -0.00007738108251942, -2.17138671875, 44061), -- SpellId : 324369
(19882, 10, 29.95869827270507812, -0.00008498274110024, -1.49169921875, 44061), -- SpellId : 324369
(19882, 9, 26.6251220703125, -0.00007772497338009, -0.65185546875, 44061), -- SpellId : 324369
(19882, 8, 23.29203605651855468, -0.00008532663196092, 0.04833984375, 44061), -- SpellId : 324369
(19882, 7, 19.95845985412597656, -0.00007806886424077, 0.04345703125, 44061), -- SpellId : 324369
(19882, 6, 16.62537384033203125, -0.0000856705228216, 0.0078125, 44061), -- SpellId : 324369
(19882, 5, 13.29179859161376953, -0.00007841275510145, -0.0283203125, 44061), -- SpellId : 324369
(19882, 4, 9.958711624145507812, -0.00008601441368227, 0.09326171875, 44061), -- SpellId : 324369
(19882, 3, 6.625136375427246093, -0.00007875665323808, -0.0078125, 44061), -- SpellId : 324369
(19882, 2, 3.292049407958984375, -0.00008635830454295, 0.0302734375, 44061), -- SpellId : 324369
(19882, 1, -0.04152554646134376, -0.00007910054409876, -0.0009765625, 44061), -- SpellId : 324369
(19882, 0, -0.04152554646134376, -0.00007910054409876, -0.0009765625, 44061); -- SpellId : 324369
