DELETE FROM creature WHERE map = 1466;
DELETE FROM gameobject WHERE map = 1466;
DELETE FROM creature_addon WHERE guid NOT IN (SELECT guid FROM creature);
DELETE FROM gameobject_addon WHERE guid NOT IN (SELECT guid FROM gameobject);

-- =================== SQL DUMP ===================
-- creature
replace INTO creature (guid, id, map, zoneid, areaId, spawnDifficulties, phaseUseFlags, phaseId, PhaseGroup, terrainSwapMap, modelid, equipment_id,position_x, position_y, position_z, orientation, spawntimesecs, wander_distance, currentwaypoint, curhealth, curmana, MovementType, npcflag, unit_flags, unit_flags2, unit_flags3, dynamicflags) VALUES 
(4459, 111042, 1466, 7673, 7673, '1,2,8,23', 0, 0, 0, -1, 0, 0, 2693.04, 1257.54, 161.542, 1.57343, 7200, 0, 0, 0, 0, 0, 0, 0, 0, 0, 0), -- Nightmare Fire
(4460, 111042, 1466, 7673, 8102, '1,2,8,23', 0, 0, 0, -1, 0, 0, 2693.06, 1274.88, 144.137, 0, 7200, 0, 0, 0, 0, 0, 0, 0, 0, 0, 0), -- Nightmare Fire
(4461, 111042, 1466, 7673, 8102, '1,2,8,23', 0, 0, 0, -1, 0, 0, 2672, 1293.05, 167.817, 1.75219, 7200, 0, 0, 0, 0, 0, 0, 0, 0, 0, 0), -- Nightmare Fire
(4462, 111042, 1466, 7673, 8102, '1,2,8,23', 0, 0, 0, -1, 0, 0, 2700.01, 1266.68, 163.684, 1.75219, 7200, 0, 0, 0, 0, 0, 0, 0, 0, 0, 0), -- Nightmare Fire
(4463, 111042, 1466, 7673, 8102, '1,2,8,23', 0, 0, 0, -1, 0, 0, 2704.77, 1267.83, 158.075, 1.75219, 7200, 0, 0, 0, 0, 0, 0, 0, 0, 0, 0), -- Nightmare Fire
(4464, 111042, 1466, 7673, 7673, '1,2,8,23', 0, 0, 0, -1, 0, 0, 2725.83, 1264.62, 161.266, 3.43248, 7200, 0, 0, 0, 0, 0, 0, 0, 0, 0, 0), -- Nightmare Fire
(4465, 111042, 1466, 7673, 8102, '1,2,8,23', 0, 0, 0, -1, 0, 0, 2675.25, 1292.67, 159.465, 1.75219, 7200, 0, 0, 0, 0, 0, 0, 0, 0, 0, 0), -- Nightmare Fire
(4466, 111042, 1466, 7673, 8102, '1,2,8,23', 0, 0, 0, -1, 0, 0, 2709.1, 1273.03, 138.191, 0, 7200, 0, 0, 0, 0, 0, 0, 0, 0, 0, 0), -- Nightmare Fire
(4467, 111042, 1466, 7673, 8102, '1,2,8,23', 0, 0, 0, -1, 0, 0, 2682.59, 1293.83, 138.492, 0, 7200, 0, 0, 0, 0, 0, 0, 0, 0, 0, 0), -- Nightmare Fire
(4468, 101329, 1466, 7673, 8102, '1,2,8,23', 0, 0, 0, -1, 0, 0, 2686.35, 1290.24, 131.887, 0.743811, 7200, 0, 0, 0, 0, 0, 0, 0, 0, 0, 0), -- Nightmare Bindings
(4469, 111042, 1466, 7673, 8102, '1,2,8,23', 0, 0, 0, -1, 0, 0, 2723.75, 1276.45, 142.442, 0, 7200, 0, 0, 0, 0, 0, 0, 0, 0, 0, 0), -- Nightmare Fire
(4470, 111042, 1466, 7673, 8102, '1,2,8,23', 0, 0, 0, -1, 0, 0, 2666.72, 1320.32, 141.549, 5.83109, 7200, 0, 0, 0, 0, 0, 0, 0, 0, 0, 0), -- Nightmare Fire
(4471, 111042, 1466, 7673, 8102, '1,2,8,23', 0, 0, 0, -1, 0, 0, 2749.78, 1280.27, 172.061, 1.75219, 7200, 0, 0, 0, 0, 0, 0, 0, 0, 0, 0), -- Nightmare Fire
(4472, 111042, 1466, 7673, 8102, '1,2,8,23', 0, 0, 0, -1, 0, 0, 2659.08, 1326.12, 165.299, 4.93929, 7200, 0, 0, 0, 0, 0, 0, 0, 0, 0, 0), -- Nightmare Fire
(4473, 111042, 1466, 7673, 8102, '1,2,8,23', 0, 0, 0, -1, 0, 0, 2739.69, 1282.7, 135.825, 0, 7200, 0, 0, 0, 0, 0, 0, 0, 0, 0, 0), -- Nightmare Fire
(4474, 111042, 1466, 7673, 8102, '1,2,8,23', 0, 0, 0, -1, 0, 0, 2748.09, 1283.63, 144.141, 0, 7200, 0, 0, 0, 0, 0, 0, 0, 0, 0, 0), -- Nightmare Fire
(4475, 111042, 1466, 7673, 8102, '1,2,8,23', 0, 0, 0, -1, 0, 0, 2664.43, 1339.87, 155.238, 1.75219, 7200, 0, 0, 0, 0, 0, 0, 0, 0, 0, 0), -- Nightmare Fire
(4476, 111042, 1466, 7673, 8102, '1,2,8,23', 0, 0, 0, -1, 0, 0, 2670.13, 1338.57, 141.019, 0, 7200, 0, 0, 0, 0, 0, 0, 0, 0, 0, 0), -- Nightmare Fire
(4477, 111042, 1466, 7673, 8102, '1,2,8,23', 0, 0, 0, -1, 0, 0, 2765.09, 1302.09, 158.74, 1.75219, 7200, 0, 0, 0, 0, 0, 0, 0, 0, 0, 0), -- Nightmare Fire
(4478, 111042, 1466, 7673, 8102, '1,2,8,23', 0, 0, 0, -1, 0, 0, 2756.94, 1288.22, 139.572, 0, 7200, 0, 0, 0, 0, 0, 0, 0, 0, 0, 0), -- Nightmare Fire
(4479, 111042, 1466, 7673, 8102, '1,2,8,23', 0, 0, 0, -1, 0, 0, 2678.88, 1352.47, 137.828, 0, 7200, 0, 0, 0, 0, 0, 0, 0, 0, 0, 0), -- Nightmare Fire
(4480, 111042, 1466, 7673, 8102, '1,2,8,23', 0, 0, 0, -1, 0, 0, 2683.48, 1362.06, 143.437, 0, 7200, 0, 0, 0, 0, 0, 0, 0, 0, 0, 0), -- Nightmare Fire
(4481, 111042, 1466, 7673, 8102, '1,2,8,23', 0, 0, 0, -1, 0, 0, 2664.68, 1349.69, 158.099, 1.75219, 7200, 0, 0, 0, 0, 0, 0, 0, 0, 0, 0), -- Nightmare Fire
(4482, 111042, 1466, 7673, 8102, '1,2,8,23', 0, 0, 0, -1, 0, 0, 2671.48, 1370.95, 171.553, 4.90659, 7200, 0, 0, 0, 0, 0, 0, 0, 0, 0, 0), -- Nightmare Fire
(4483, 111042, 1466, 7673, 8102, '1,2,8,23', 0, 0, 0, -1, 0, 0, 2690.52, 1362.27, 141.295, 0, 7200, 0, 0, 0, 0, 0, 0, 0, 0, 0, 0), -- Nightmare Fire
(4484, 111042, 1466, 7673, 8102, '1,2,8,23', 0, 0, 0, -1, 0, 0, 2711.72, 1372.11, 139.218, 0, 7200, 0, 0, 0, 0, 0, 0, 0, 0, 0, 0), -- Nightmare Fire
(4485, 111042, 1466, 7673, 8102, '1,2,8,23', 0, 0, 0, -1, 0, 0, 2702.6, 1366.26, 147.57, 0, 7200, 0, 0, 0, 0, 0, 0, 0, 0, 0, 0), -- Nightmare Fire
(4486, 111042, 1466, 7673, 8102, '1,2,8,23', 0, 0, 0, -1, 0, 0, 2713.4, 1379.28, 167.179, 1.62616, 7200, 0, 0, 0, 0, 0, 0, 0, 0, 0, 0), -- Nightmare Fire
(4487, 111042, 1466, 7673, 8102, '1,2,8,23', 0, 0, 0, -1, 0, 0, 2708.4, 1380.1, 173.009, 1.75219, 7200, 0, 0, 0, 0, 0, 0, 0, 0, 0, 0), -- Nightmare Fire
(4488, 111042, 1466, 7673, 8102, '1,2,8,23', 0, 0, 0, -1, 0, 0, 2696.07, 1374.98, 164.243, 1.75219, 7200, 0, 0, 0, 0, 0, 0, 0, 0, 0, 0), -- Nightmare Fire
(4489, 111042, 1466, 7673, 8102, '1,2,8,23', 0, 0, 0, -1, 0, 0, 2722.8, 1382.13, 134.991, 0, 7200, 0, 0, 0, 0, 0, 0, 0, 0, 0, 0), -- Nightmare Fire
(4490, 111042, 1466, 7673, 8097, '1,2,8,23', 0, 0, 0, -1, 0, 0, 2730.09, 1384.94, 145.052, 0, 7200, 0, 0, 0, 0, 0, 0, 0, 0, 0, 0), -- Nightmare Fire
(4491, 111042, 1466, 7673, 8097, '1,2,8,23', 0, 0, 0, -1, 0, 0, 2731.06, 1390.73, 167.047, 1.42626, 7200, 0, 0, 0, 0, 0, 0, 0, 0, 0, 0), -- Nightmare Fire
(4492, 111042, 1466, 7673, 8097, '1,2,8,23', 0, 0, 0, -1, 0, 0, 2754.23, 1334.96, 135.992, 0, 7200, 0, 0, 0, 0, 0, 0, 0, 0, 0, 0), -- Nightmare Fire
(4493, 100526, 1466, 7673, 8097, '1,2,8,23', 0, 0, 0, -1, 0, 0, 2752.66, 1396.48, 144.105, 1.17092, 7200, 0, 0, 0, 0, 0, 0, 0, 0, 0, 0), -- Tormented Bloodseeker
(4494, 111042, 1466, 7673, 8097, '1,2,8,23', 0, 0, 0, -1, 0, 0, 2752.12, 1361.46, 137.852, 0, 7200, 0, 0, 0, 0, 0, 0, 0, 0, 0, 0), -- Nightmare Fire
(4495, 111042, 1466, 7673, 8097, '1,2,8,23', 0, 0, 0, -1, 0, 0, 2762.43, 1361.91, 156.072, 1.75219, 7200, 0, 0, 0, 0, 0, 0, 0, 0, 0, 0), -- Nightmare Fire
(4496, 100539, 1466, 7673, 8097, '1,2,8,23', 0, 0, 0, -1, 0, 0, 2742.27, 1401.12, 142.94, 1.17092, 7200, 0, 0, 0, 0, 0, 0, 0, 0, 0, 0), -- Taintheart Deadeye
(4497, 111042, 1466, 7673, 8097, '1,2,8,23', 0, 0, 0, -1, 0, 0, 2760.63, 1380.07, 162.124, 1.75219, 7200, 0, 0, 0, 0, 0, 0, 0, 0, 0, 0), -- Nightmare Fire
(4498, 111042, 1466, 7673, 8097, '1,2,8,23', 0, 0, 0, -1, 0, 0, 2766.59, 1358.61, 151.306, 0, 7200, 0, 0, 0, 0, 0, 0, 0, 0, 0, 0), -- Nightmare Fire
(4499, 111042, 1466, 7673, 8097, '1,2,8,23', 0, 0, 0, -1, 0, 0, 2774.41, 1337.15, 162.689, 1.75219, 7200, 0, 0, 0, 0, 0, 0, 0, 0, 0, 0), -- Nightmare Fire
(4500, 99365, 1466, 7673, 8097, '1,2,8,23', 0, 0, 0, -1, 0, 0, 2753.34, 1404.26, 141.619, 1.17092, 7200, 0, 0, 0, 0, 0, 0, 0, 0, 0, 0), -- Taintheart Stalker
(4501, 111042, 1466, 7673, 8097, '1,2,8,23', 0, 0, 0, -1, 0, 0, 2764.79, 1347.08, 143.996, 0, 7200, 0, 0, 0, 0, 0, 0, 0, 0, 0, 0), -- Nightmare Fire
(4502, 100527, 1466, 7673, 8097, '1,2,8,23', 0, 0, 0, -1, 0, 0, 2744.82, 1407.16, 142.291, 0.717811, 7200, 0, 0, 0, 0, 0, 0, 0, 0, 0, 0), -- Dreadfire Imp
(4503, 99192, 1466, 7673, 8097, '1,2,8,23', 0, 0, 0, -1, 0, 0, 2693.17, 1288.7, 128.452, 2.12086, 7200, 0, 0, 0, 0, 0, 0, 0, 0, 0, 0), -- Shade of Xavius
(4504, 111042, 1466, 7673, 8097, '1,2,8,23', 0, 0, 0, -1, 0, 0, 2762.92, 1328.29, 146.932, 6.15715, 7200, 0, 0, 0, 0, 0, 0, 0, 0, 0, 0), -- Nightmare Fire
(4505, 111042, 1466, 7673, 8097, '1,2,8,23', 0, 0, 0, -1, 0, 0, 2767.36, 1329.53, 158.438, 1.75219, 7200, 0, 0, 0, 0, 0, 0, 0, 0, 0, 0), -- Nightmare Fire
(4506, 99366, 1466, 7673, 8097, '1,2,8,23', 0, 0, 0, -1, 0, 0, 2747.26, 1397.18, 142.872, 1.17092, 7200, 0, 0, 0, 0, 0, 0, 0, 0, 0, 0), -- Taintheart Summoner
(4507, 111042, 1466, 7673, 8097, '1,2,8,23', 0, 0, 0, -1, 0, 0, 2768.47, 1362.02, 164.388, 1.75219, 7200, 0, 0, 0, 0, 0, 0, 0, 0, 0, 0), -- Nightmare Fire
(4508, 111042, 1466, 7673, 8097, '1,2,8,23', 0, 0, 0, -1, 0, 0, 2770.13, 1316.42, 146.8, 0, 7200, 0, 0, 0, 0, 0, 0, 0, 0, 0, 0), -- Nightmare Fire
(4509, 100533, 1466, 7673, 8097, '1,2,8,23', 0, 0, 0, -1, 0, 0, 3092.68, 1529.59, 137.561, 1.9385, 7200, 0, 0, 0, 0, 0, 0, 0, 0, 0, 0), -- Corrupted Egg
(4510, 100533, 1466, 7673, 8097, '1,2,8,23', 0, 0, 0, -1, 0, 0, 3097.21, 1532.89, 137.511, 1.9385, 7200, 0, 0, 0, 0, 0, 0, 0, 0, 0, 0), -- Corrupted Egg
(4511, 100533, 1466, 7673, 8097, '1,2,8,23', 0, 0, 0, -1, 0, 0, 3095.61, 1530.61, 137.503, 1.9385, 7200, 0, 0, 0, 0, 0, 0, 0, 0, 0, 0), -- Corrupted Egg
(4512, 100533, 1466, 7673, 8097, '1,2,8,23', 0, 0, 0, -1, 0, 0, 3089.82, 1531.69, 137.989, 1.9385, 7200, 0, 0, 0, 0, 0, 0, 0, 0, 0, 0), -- Corrupted Egg
(4513, 100533, 1466, 7673, 8097, '1,2,8,23', 0, 0, 0, -1, 0, 0, 3093.43, 1532.43, 137.693, 1.9385, 7200, 0, 0, 0, 0, 0, 0, 0, 0, 0, 0), -- Corrupted Egg
(4514, 100533, 1466, 7673, 8097, '1,2,8,23', 0, 0, 0, -1, 0, 0, 3084.46, 1531.69, 138.129, 3.42113, 7200, 0, 0, 0, 0, 0, 0, 0, 0, 0, 0), -- Corrupted Egg
(4515, 100533, 1466, 7673, 8097, '1,2,8,23', 0, 0, 0, -1, 0, 0, 3099.24, 1550.4, 137.805, 6.05278, 7200, 0, 0, 0, 0, 0, 0, 0, 0, 0, 0), -- Corrupted Egg
(4516, 100533, 1466, 7673, 8097, '1,2,8,23', 0, 0, 0, -1, 0, 0, 3102.87, 1549.63, 138, 6.05278, 7200, 0, 0, 0, 0, 0, 0, 0, 0, 0, 0), -- Corrupted Egg
(4517, 100533, 1466, 7673, 8097, '1,2,8,23', 0, 0, 0, -1, 0, 0, 3083.08, 1528.81, 137.852, 3.42113, 7200, 0, 0, 0, 0, 0, 0, 0, 0, 0, 0), -- Corrupted Egg
(4518, 100533, 1466, 7673, 8097, '1,2,8,23', 0, 0, 0, -1, 0, 0, 3079.29, 1529.6, 138.123, 3.42113, 7200, 0, 0, 0, 0, 0, 0, 0, 0, 0, 0), -- Corrupted Egg
(4519, 100533, 1466, 7673, 8097, '1,2,8,23', 0, 0, 0, -1, 0, 0, 3076.89, 1527.43, 137.952, 3.42113, 7200, 0, 0, 0, 0, 0, 0, 0, 0, 0, 0), -- Corrupted Egg
(4520, 100533, 1466, 7673, 8097, '1,2,8,23', 0, 0, 0, -1, 0, 0, 3073.95, 1524.64, 137.737, 3.42113, 7200, 0, 0, 0, 0, 0, 0, 0, 0, 0, 0), -- Corrupted Egg
(4521, 100529, 1466, 7673, 8097, '1,2,8,23', 0, 0, 0, -1, 0, 0, 3079.93, 1553.48, 137.926, 3.21321, 7200, 0, 0, 0, 0, 0, 0, 0, 0, 0, 0), -- Hatespawn Slime
(4522, 100531, 1466, 7673, 8097, '1,2,8,23', 0, 0, 0, -1, 0, 0, 3056.91, 1541.64, 138.253, 3.07678, 7200, 0, 0, 0, 0, 0, 0, 0, 0, 0, 0), -- Bloodtainted Fury
(4523, 100533, 1466, 7673, 8097, '1,2,8,23', 0, 0, 0, -1, 0, 0, 3056.89, 1546.3, 137.967, 3.57785, 7200, 0, 0, 0, 0, 0, 0, 0, 0, 0, 0), -- Corrupted Egg
(4524, 100533, 1466, 7673, 8097, '1,2,8,23', 0, 0, 0, -1, 0, 0, 3056.62, 1549.69, 137.878, 3.57785, 7200, 0, 0, 0, 0, 0, 0, 0, 0, 0, 0), -- Corrupted Egg
(4525, 100529, 1466, 7673, 8097, '1,2,8,23', 0, 0, 0, -1, 0, 0, 3066.07, 1552.88, 137.46, 5.98231, 7200, 0, 0, 0, 0, 0, 0, 0, 0, 0, 0), -- Hatespawn Slime
(4526, 100533, 1466, 7673, 8097, '1,2,8,23', 0, 0, 0, -1, 0, 0, 3059.86, 1550.76, 137.642, 3.57785, 7200, 0, 0, 0, 0, 0, 0, 0, 0, 0, 0), -- Corrupted Egg
(4527, 100533, 1466, 7673, 8097, '1,2,8,23', 0, 0, 0, -1, 0, 0, 3054.3, 1551.84, 137.946, 3.57785, 7200, 0, 0, 0, 0, 0, 0, 0, 0, 0, 0), -- Corrupted Egg
(4528, 100533, 1466, 7673, 8097, '1,2,8,23', 0, 0, 0, -1, 0, 0, 3058.2, 1553.81, 137.944, 3.57785, 7200, 0, 0, 0, 0, 0, 0, 0, 0, 0, 0), -- Corrupted Egg
(4529, 100526, 1466, 7673, 7673, '1,2,8,23', 0, 0, 0, -1, 0, 0, 2808.21, 1482.06, 120.238, 2.90599, 7200, 10, 0, 0, 0, 1, 0, 0, 0, 0, 0), -- Tormented Bloodseeker
(4530, 100526, 1466, 7673, 7673, '1,2,8,23', 0, 0, 0, -1, 0, 0, 2820.23, 1493.91, 118.709, 6.06361, 7200, 10, 0, 0, 0, 1, 0, 0, 0, 0, 0), -- Tormented Bloodseeker
(4531, 100526, 1466, 7673, 7673, '1,2,8,23', 0, 0, 0, -1, 0, 0, 2801.19, 1492.71, 121.942, 2.1912, 7200, 10, 0, 0, 0, 1, 0, 0, 0, 0, 0), -- Tormented Bloodseeker
(4532, 100526, 1466, 7673, 7673, '1,2,8,23', 0, 0, 0, -1, 0, 0, 2811.11, 1497.95, 118.74, 3.569, 7200, 10, 0, 0, 0, 1, 0, 0, 0, 0, 0), -- Tormented Bloodseeker
(4533, 100527, 1466, 7673, 7673, '1,2,8,23', 0, 0, 0, -1, 0, 0, 2859.63, 1549.88, 111.33, 1.25436, 7200, 0, 0, 0, 0, 0, 0, 0, 0, 0, 0), -- Dreadfire Imp
(4534, 100526, 1466, 7673, 7673, '1,2,8,23', 0, 0, 0, -1, 0, 0, 2987.86, 1605.27, 109.989, 6.12148, 7200, 0, 0, 0, 0, 0, 0, 0, 0, 0, 0), -- Tormented Bloodseeker
(4535, 100527, 1466, 7673, 7673, '1,2,8,23', 0, 0, 0, -1, 0, 0, 2852.35, 1552.48, 110.643, 0.599204, 7200, 0, 0, 0, 0, 0, 0, 0, 0, 0, 0), -- Dreadfire Imp
(4536, 99366, 1466, 7673, 7673, '1,2,8,23', 0, 0, 0, -1, 0, 0, 2852.21, 1544.35, 111.183, 0.922066, 7200, 0, 0, 0, 0, 0, 0, 0, 0, 0, 0), -- Taintheart Summoner
(4537, 100526, 1466, 7673, 7673, '1,2,8,23', 0, 0, 0, -1, 0, 0, 2980.13, 1618.62, 109.661, 0.134629, 7200, 0, 0, 0, 0, 0, 0, 0, 0, 0, 0), -- Tormented Bloodseeker
(4538, 100527, 1466, 7673, 7673, '1,2,8,23', 0, 0, 0, -1, 0, 0, 2868.39, 1582.49, 105.045, 0.644827, 7200, 0, 0, 0, 0, 0, 0, 0, 0, 0, 0), -- Dreadfire Imp
(4539, 99365, 1466, 7673, 7673, '1,2,8,23', 0, 0, 0, -1, 0, 0, 2860.57, 1546.74, 112.916, 1.05048, 7200, 0, 0, 0, 0, 0, 0, 0, 0, 0, 0), -- Taintheart Stalker
(4540, 99366, 1466, 7673, 7673, '1,2,8,23', 0, 0, 0, -1, 0, 0, 2873.3, 1581.64, 103.393, 0.603533, 7200, 0, 0, 0, 0, 0, 0, 0, 0, 0, 0), -- Taintheart Summoner
(4541, 100527, 1466, 7673, 7673, '1,2,8,23', 0, 0, 0, -1, 0, 0, 2872.43, 1576.69, 104.626, 0.638927, 7200, 0, 0, 0, 0, 0, 0, 0, 0, 0, 0), -- Dreadfire Imp
(4542, 100400, 1466, 7673, 8100, '1,2,8,23', 0, 0, 0, -1, 0, 0, 2700.71, 1805.34, 185.815, 5.51617, 7200, 0, 0, 0, 0, 0, 0, 0, 0, 0, 0), -- Dead Perserver Druid
(4543, 99360, 1466, 7673, 8100, '1,2,8,23', 0, 0, 0, -1, 0, 0, 2695.29, 1806.6, 185.777, 6.15022, 7200, 0, 0, 0, 0, 0, 0, 0, 0, 0, 0), -- Vilethorn Blossom
(4544, 99360, 1466, 7673, 8100, '1,2,8,23', 0, 0, 0, -1, 0, 0, 2697.8, 1815.09, 185.879, 6.23476, 7200, 0, 0, 0, 0, 0, 0, 0, 0, 0, 0), -- Vilethorn Blossom
(4545, 99360, 1466, 7673, 8100, '1,2,8,23', 0, 0, 0, -1, 0, 0, 2709.59, 1803.19, 185.923, 0.549151, 7200, 10, 0, 0, 0, 1, 0, 0, 0, 0, 0), -- Vilethorn Blossom
(4546, 99360, 1466, 7673, 8100, '1,2,8,23', 0, 0, 0, -1, 0, 0, 2706.46, 1811.45, 185.541, 3.12566, 7200, 10, 0, 0, 0, 1, 0, 0, 0, 0, 0), -- Vilethorn Blossom
(4547, 99360, 1466, 7673, 8100, '1,2,8,23', 0, 0, 0, -1, 0, 0, 2751.74, 1816.89, 185.102, 0.0264137, 7200, 0, 0, 0, 0, 0, 0, 0, 0, 0, 0), -- Vilethorn Blossom
(4548, 99360, 1466, 7673, 8100, '1,2,8,23', 0, 0, 0, -1, 0, 0, 2751.44, 1822.83, 185.102, 6.22266, 7200, 10, 0, 0, 0, 1, 0, 0, 0, 0, 0), -- Vilethorn Blossom
(4549, 99358, 1466, 7673, 8100, '1,2,8,23', 0, 0, 0, -1, 0, 0, 2755.9, 1820.29, 185.102, 0.210783, 7200, 10, 0, 0, 0, 1, 0, 0, 0, 0, 0), -- Rotheart Dryad
(4550, 99359, 1466, 7673, 8100, '1,2,8,23', 0, 0, 0, -1, 0, 0, 2765.36, 1900.16, 185.791, 5.40462, 7200, 0, 0, 0, 0, 0, 0, 0, 0, 0, 0), -- Rotheart Keeper
(4551, 99360, 1466, 7673, 8100, '1,2,8,23', 0, 0, 0, -1, 0, 0, 2775, 1815.27, 186.031, 3.4664, 7200, 0, 0, 0, 0, 0, 0, 0, 0, 0, 0), -- Vilethorn Blossom
(4552, 99359, 1466, 7673, 8100, '1,2,8,23', 0, 0, 0, -1, 0, 0, 2765.34, 1817.19, 185.516, 0.793112, 7200, 10, 0, 0, 0, 1, 0, 0, 0, 0, 0), -- Rotheart Keeper
(4553, 99359, 1466, 7673, 8100, '1,2,8,23', 0, 0, 0, -1, 0, 0, 2769.42, 1822.03, 185.262, 2.83089, 7200, 0, 0, 0, 0, 0, 0, 0, 0, 0, 0), -- Rotheart Keeper
(4554, 99360, 1466, 7673, 8100, '1,2,8,23', 0, 0, 0, -1, 0, 0, 2761.15, 1890.14, 185.871, 2.93501, 7200, 10, 0, 0, 0, 1, 0, 0, 0, 0, 0), -- Vilethorn Blossom
(4555, 99358, 1466, 7673, 8100, '1,2,8,23', 0, 0, 0, -1, 0, 0, 2767.23, 1906.42, 185.634, 6.0088, 7200, 10, 0, 0, 0, 1, 0, 0, 0, 0, 0), -- Rotheart Dryad
(4556, 99360, 1466, 7673, 8100, '1,2,8,23', 0, 0, 0, -1, 0, 0, 2770.17, 1829.03, 185.038, 2.08025, 7200, 10, 0, 0, 0, 1, 0, 0, 0, 0, 0), -- Vilethorn Blossom
(4557, 99360, 1466, 7673, 8100, '1,2,8,23', 0, 0, 0, -1, 0, 0, 2770.67, 1896.89, 185.781, 3.87914, 7200, 10, 0, 0, 0, 1, 0, 0, 0, 0, 0), -- Vilethorn Blossom
(4558, 99365, 1466, 7673, 8100, '1,2,8,23', 0, 0, 0, -1, 0, 0, 2949.76, 1650.91, 122.474, 2.14493, 7200, 0, 0, 0, 0, 0, 0, 0, 0, 0, 0), -- Taintheart Stalker
(4559, 99360, 1466, 7673, 8100, '1,2,8,23', 0, 0, 0, -1, 0, 0, 2780.97, 1946.64, 184.826, 1.76357, 7200, 0, 0, 0, 0, 0, 0, 0, 0, 0, 0), -- Vilethorn Blossom
(4560, 99358, 1466, 7673, 8100, '1,2,8,23', 0, 0, 0, -1, 0, 0, 2780.48, 1940.9, 184.61, 0.0829163, 7200, 10, 0, 0, 0, 1, 0, 0, 0, 0, 0), -- Rotheart Dryad
(4561, 99360, 1466, 7673, 8100, '1,2,8,23', 0, 0, 0, -1, 0, 0, 2785.78, 1955.62, 185.591, 3.26591, 7200, 0, 0, 0, 0, 0, 0, 0, 0, 0, 0), -- Vilethorn Blossom
(4562, 100404, 1466, 7673, 8100, '1,2,8,23', 0, 0, 0, -1, 0, 0, 2863.86, 1967.51, 189.907, 1.51611, 7200, 0, 0, 0, 0, 0, 0, 0, 0, 0, 0), -- Perserver Ray Invisible Stalker
(4563, 100404, 1466, 7673, 7673, '1,2,8,23', 0, 0, 0, -1, 0, 0, 2882.04, 1938.09, 190.005, 5.77, 7200, 10, 0, 0, 0, 1, 0, 0, 0, 0, 0), -- Perserver Ray Invisible Stalker
(4564, 102851, 1466, 7673, 7673, '1,2,8,23', 0, 0, 0, -1, 0, 0, 2896.71, 1967.35, 189.141, 0, 7200, 0, 0, 0, 0, 0, 0, 0, 0, 0, 0), -- Shield Invisible Stalker
(4565, 99360, 1466, 7673, 7673, '1,2,8,23', 0, 0, 0, -1, 0, 0, 2891.5, 1761.05, 156.065, 6.25195, 7200, 10, 0, 0, 0, 1, 0, 0, 0, 0, 0), -- Vilethorn Blossom
(4566, 99360, 1466, 7673, 7673, '1,2,8,23', 0, 0, 0, -1, 0, 0, 2887.32, 1768.22, 157.654, 6.27537, 7200, 10, 0, 0, 0, 1, 0, 0, 0, 0, 0), -- Vilethorn Blossom
(4567, 100529, 1466, 7673, 7673, '1,2,8,23', 0, 0, 0, -1, 0, 0, 3084.31, 1554.68, 138.093, 4.05583, 7200, 10, 0, 0, 0, 1, 0, 0, 0, 0, 0), -- Hatespawn Slime
(4568, 100529, 1466, 7673, 7673, '1,2,8,23', 0, 0, 0, -1, 0, 0, 3064.36, 1561.91, 138.52, 5.34182, 7200, 10, 0, 0, 0, 1, 0, 0, 0, 0, 0), -- Hatespawn Slime
(4569, 99358, 1466, 7673, 7673, '1,2,8,23', 0, 0, 0, -1, 0, 0, 2888.49, 1764.68, 157.108, 6.27635, 7200, 10, 0, 0, 0, 1, 0, 0, 0, 0, 0), -- Rotheart Dryad
(4570, 100529, 1466, 7673, 7673, '1,2,8,23', 0, 0, 0, -1, 0, 0, 3067.39, 1560.89, 138.315, 2.50561, 7200, 10, 0, 0, 0, 1, 0, 0, 0, 0, 0), -- Hatespawn Slime
(4571, 100529, 1466, 7673, 7673, '1,2,8,23', 0, 0, 0, -1, 0, 0, 3077.87, 1560.48, 138.321, 0.343506, 7200, 10, 0, 0, 0, 1, 0, 0, 0, 0, 0), -- Hatespawn Slime
(4572, 100526, 1466, 7673, 7673, '1,2,8,23', 0, 0, 0, -1, 0, 0, 2997.09, 1623.76, 109.844, 0.386171, 7200, 10, 0, 0, 0, 1, 0, 0, 0, 0, 0), -- Tormented Bloodseeker
(4573, 99365, 1466, 7673, 7673, '1,2,8,23', 0, 0, 0, -1, 0, 0, 2951.1, 1662.92, 124.097, 4.21729, 7200, 0, 0, 0, 0, 0, 0, 0, 0, 0, 0), -- Taintheart Stalker
(4574, 100404, 1466, 7673, 7673, '1,2,8,23', 0, 0, 0, -1, 0, 0, 2895.03, 1935.23, 190.258, 6.04847, 7200, 10, 0, 0, 0, 1, 0, 0, 0, 0, 0), -- Perserver Ray Invisible Stalker
(4575, 100526, 1466, 7673, 7673, '1,2,8,23', 0, 0, 0, -1, 0, 0, 2992.36, 1624.58, 109.863, 3.47492, 7200, 10, 0, 0, 0, 1, 0, 0, 0, 0, 0), -- Tormented Bloodseeker
(4576, 100529, 1466, 7673, 7673, '1,2,8,23', 0, 0, 0, -1, 0, 0, 3086.43, 1559.4, 138.387, 3.12568, 7200, 10, 0, 0, 0, 1, 0, 0, 0, 0, 0), -- Hatespawn Slime
(4577, 100533, 1466, 7673, 7673, '1,2,8,23', 0, 0, 0, -1, 0, 0, 3102.04, 1553.12, 138.177, 6.05278, 7200, 0, 0, 0, 0, 0, 0, 0, 0, 0, 0), -- Corrupted Egg
(4578, 100404, 1466, 7673, 7673, '1,2,8,23', 0, 0, 0, -1, 0, 0, 2922.12, 1988.29, 189.795, 5.36504, 7200, 10, 0, 0, 0, 1, 0, 0, 0, 0, 0), -- Perserver Ray Invisible Stalker
(4579, 100527, 1466, 7673, 7673, '1,2,8,23', 0, 0, 0, -1, 0, 0, 2955.58, 1657.67, 123.72, 0.199535, 7200, 0, 0, 0, 0, 0, 0, 0, 0, 0, 0), -- Dreadfire Imp
(4580, 100404, 1466, 7673, 7673, '1,2,8,23', 0, 0, 0, -1, 0, 0, 2929.42, 1963.12, 189.733, 1.51711, 7200, 0, 0, 0, 0, 0, 0, 0, 0, 0, 0), -- Perserver Ray Invisible Stalker
(4581, 99366, 1466, 7673, 7673, '1,2,8,23', 0, 0, 0, -1, 0, 0, 2956.14, 1652.76, 122.582, 0.279656, 7200, 0, 0, 0, 0, 0, 0, 0, 0, 0, 0), -- Taintheart Summoner
(4582, 99200, 1466, 7673, 7673, '1,2,8,23', 0, 0, 0, -1, 0, 0, 3009.66, 1481.96, 142.602, 1.07153, 7200, 0, 0, 0, 0, 0, 0, 0, 0, 0, 0), -- Dresaron
(4583, 100533, 1466, 7673, 7673, '1,2,8,23', 0, 0, 0, -1, 0, 0, 3100.42, 1556.24, 137.971, 6.05278, 7200, 0, 0, 0, 0, 0, 0, 0, 0, 0, 0), -- Corrupted Egg
(4584, 100529, 1466, 7673, 7673, '1,2,8,23', 0, 0, 0, -1, 0, 0, 3081.72, 1563.81, 138.235, 1.42628, 7200, 10, 0, 0, 0, 1, 0, 0, 0, 0, 0), -- Hatespawn Slime
(4585, 100400, 1466, 7673, 7673, '1,2,8,23', 0, 0, 0, -1, 0, 0, 2951.72, 1961.02, 189.605, 3.92956, 7200, 0, 0, 0, 0, 0, 0, 0, 0, 0, 0), -- Dead Perserver Druid
(4586, 100533, 1466, 7673, 7673, '1,2,8,23', 0, 0, 0, -1, 0, 0, 3086.25, 1572.07, 137.812, 3.57785, 7200, 0, 0, 0, 0, 0, 0, 0, 0, 0, 0), -- Corrupted Egg
(4587, 100529, 1466, 7673, 7673, '1,2,8,23', 0, 0, 0, -1, 0, 0, 3088.56, 1567.36, 137.725, 0.984758, 7200, 10, 0, 0, 0, 1, 0, 0, 0, 0, 0), -- Hatespawn Slime
(4588, 100533, 1466, 7673, 7673, '1,2,8,23', 0, 0, 0, -1, 0, 0, 3104.17, 1559.09, 138.134, 6.05278, 7200, 0, 0, 0, 0, 0, 0, 0, 0, 0, 0), -- Corrupted Egg
(4589, 100400, 1466, 7673, 7673, '1,2,8,23', 0, 0, 0, -1, 0, 0, 2956.05, 1958.21, 189.563, 2.39819, 7200, 0, 0, 0, 0, 0, 0, 0, 0, 0, 0), -- Dead Perserver Druid
(4590, 100533, 1466, 7673, 7673, '1,2,8,23', 0, 0, 0, -1, 0, 0, 3082.67, 1571.06, 137.738, 3.57785, 7200, 0, 0, 0, 0, 0, 0, 0, 0, 0, 0), -- Corrupted Egg
(4591, 96512, 1466, 7673, 7673, '1,2,8,23', 0, 0, 0, -1, 0, 0, 2859.06, 1921.38, 190.662, 1.3771, 7200, 0, 0, 0, 0, 0, 0, 0, 0, 0, 0), -- Archdruid Glaidalis
(4592, 100539, 1466, 7673, 7673, '1,2,8,23', 0, 0, 0, -1, 0, 0, 3000.36, 1656.2, 134.078, 1.33553, 7200, 0, 0, 0, 0, 0, 0, 0, 0, 0, 0), -- Taintheart Deadeye
(4593, 100533, 1466, 7673, 7673, '1,2,8,23', 0, 0, 0, -1, 0, 0, 3120.2, 1571.16, 137.797, 4.53283, 7200, 0, 0, 0, 0, 0, 0, 0, 0, 0, 0), -- Corrupted Egg
(4594, 100533, 1466, 7673, 7673, '1,2,8,23', 0, 0, 0, -1, 0, 0, 3115.82, 1564.49, 138.085, 4.53283, 7200, 0, 0, 0, 0, 0, 0, 0, 0, 0, 0), -- Corrupted Egg
(4595, 100400, 1466, 7673, 7673, '1,2,8,23', 0, 0, 0, -1, 0, 0, 2958.67, 1960.16, 189.624, 0.749228, 7200, 0, 0, 0, 0, 0, 0, 0, 0, 0, 0), -- Dead Perserver Druid
(4596, 100400, 1466, 7673, 7673, '1,2,8,23', 0, 0, 0, -1, 0, 0, 2963.7, 1959.91, 189.824, 3.15263, 7200, 0, 0, 0, 0, 0, 0, 0, 0, 0, 0), -- Dead Perserver Druid
(4597, 100533, 1466, 7673, 7673, '1,2,8,23', 0, 0, 0, -1, 0, 0, 3091.9, 1591.85, 138.061, 5.73228, 7200, 0, 0, 0, 0, 0, 0, 0, 0, 0, 0), -- Corrupted Egg
(4598, 100400, 1466, 7673, 7673, '1,2,8,23', 0, 0, 0, -1, 0, 0, 2963.71, 1963.06, 189.72, 0.0659452, 7200, 0, 0, 0, 0, 0, 0, 0, 0, 0, 0), -- Dead Perserver Druid
(4599, 100533, 1466, 7673, 7673, '1,2,8,23', 0, 0, 0, -1, 0, 0, 3117.85, 1566.42, 138.057, 4.53283, 7200, 0, 0, 0, 0, 0, 0, 0, 0, 0, 0), -- Corrupted Egg
(4600, 100533, 1466, 7673, 7673, '1,2,8,23', 0, 0, 0, -1, 0, 0, 3089.77, 1588.88, 137.773, 5.73228, 7200, 0, 0, 0, 0, 0, 0, 0, 0, 0, 0), -- Corrupted Egg
(4601, 100400, 1466, 7673, 7673, '1,2,8,23', 0, 0, 0, -1, 0, 0, 2968.29, 1962.51, 190.056, 2.66479, 7200, 0, 0, 0, 0, 0, 0, 0, 0, 0, 0), -- Dead Perserver Druid
(4602, 100400, 1466, 7673, 7673, '1,2,8,23', 0, 0, 0, -1, 0, 0, 2961.58, 1966.2, 189.512, 3.11784, 7200, 0, 0, 0, 0, 0, 0, 0, 0, 0, 0), -- Dead Perserver Druid
(4603, 100533, 1466, 7673, 7673, '1,2,8,23', 0, 0, 0, -1, 0, 0, 3083.65, 1574.09, 137.815, 3.57785, 7200, 0, 0, 0, 0, 0, 0, 0, 0, 0, 0), -- Corrupted Egg
(4604, 100400, 1466, 7673, 7673, '1,2,8,23', 0, 0, 0, -1, 0, 0, 2959.8, 1963.97, 189.581, 1.24662, 7200, 0, 0, 0, 0, 0, 0, 0, 0, 0, 0), -- Dead Perserver Druid
(4605, 100533, 1466, 7673, 7673, '1,2,8,23', 0, 0, 0, -1, 0, 0, 3118.16, 1569.42, 137.653, 4.53283, 7200, 0, 0, 0, 0, 0, 0, 0, 0, 0, 0), -- Corrupted Egg
(4606, 100400, 1466, 7673, 7673, '1,2,8,23', 0, 0, 0, -1, 0, 0, 2964.82, 1954.29, 189.967, 1.24662, 7200, 0, 0, 0, 0, 0, 0, 0, 0, 0, 0), -- Dead Perserver Druid
(4607, 100400, 1466, 7673, 7673, '1,2,8,23', 0, 0, 0, -1, 0, 0, 2961.61, 1955.55, 189.75, 3.02214, 7200, 0, 0, 0, 0, 0, 0, 0, 0, 0, 0), -- Dead Perserver Druid
(4608, 100533, 1466, 7673, 7673, '1,2,8,23', 0, 0, 0, -1, 0, 0, 3085.06, 1576.99, 137.886, 3.57785, 7200, 0, 0, 0, 0, 0, 0, 0, 0, 0, 0), -- Corrupted Egg
(4609, 100533, 1466, 7673, 7673, '1,2,8,23', 0, 0, 0, -1, 0, 0, 3087.5, 1583.72, 137.334, 5.73228, 7200, 0, 0, 0, 0, 0, 0, 0, 0, 0, 0), -- Corrupted Egg
(4610, 100539, 1466, 7673, 7673, '1,2,8,23', 0, 0, 0, -1, 0, 0, 2997.32, 1652.01, 134.09, 4.38502, 7200, 0, 0, 0, 0, 0, 0, 0, 0, 0, 0), -- Taintheart Deadeye
(4611, 100533, 1466, 7673, 7673, '1,2,8,23', 0, 0, 0, -1, 0, 0, 3120.47, 1567.99, 137.779, 4.53283, 7200, 0, 0, 0, 0, 0, 0, 0, 0, 0, 0), -- Corrupted Egg
(4612, 100533, 1466, 7673, 7673, '1,2,8,23', 0, 0, 0, -1, 0, 0, 3088.68, 1586.25, 137.587, 5.73228, 7200, 0, 0, 0, 0, 0, 0, 0, 0, 0, 0), -- Corrupted Egg
(4613, 99365, 1466, 7673, 7673, '1,2,8,23', 0, 0, 0, -1, 0, 0, 3009.3, 1644.07, 135.404, 3.91, 7200, 0, 0, 0, 0, 0, 0, 0, 0, 0, 0), -- Taintheart Stalker
(4614, 100533, 1466, 7673, 7673, '1,2,8,23', 0, 0, 0, -1, 0, 0, 3088.3, 1591.54, 138.126, 5.73228, 7200, 0, 0, 0, 0, 0, 0, 0, 0, 0, 0), -- Corrupted Egg
(4615, 100400, 1466, 7673, 7673, '1,2,8,23', 0, 0, 0, -1, 0, 0, 2960.29, 1950.72, 189.879, 2.62785, 7200, 0, 0, 0, 0, 0, 0, 0, 0, 0, 0), -- Dead Perserver Druid
(4616, 100533, 1466, 7673, 7673, '1,2,8,23', 0, 0, 0, -1, 0, 0, 3087.87, 1574.37, 137.943, 3.57785, 7200, 0, 0, 0, 0, 0, 0, 0, 0, 0, 0), -- Corrupted Egg
(4617, 100529, 1466, 7673, 7673, '1,2,8,23', 0, 0, 0, -1, 0, 0, 3109.36, 1570.54, 137.541, 5.08496, 7200, 10, 0, 0, 0, 1, 0, 0, 0, 0, 0), -- Hatespawn Slime
(4618, 100529, 1466, 7673, 7673, '1,2,8,23', 0, 0, 0, -1, 0, 0, 3108.41, 1573.21, 137.454, 2.86757, 7200, 10, 0, 0, 0, 1, 0, 0, 0, 0, 0), -- Hatespawn Slime
(4619, 100529, 1466, 7673, 7673, '1,2,8,23', 0, 0, 0, -1, 0, 0, 3102.47, 1575.11, 137.424, 1.69364, 7200, 10, 0, 0, 0, 1, 0, 0, 0, 0, 0), -- Hatespawn Slime
(4620, 100529, 1466, 7673, 7673, '1,2,8,23', 0, 0, 0, -1, 0, 0, 3109.59, 1574.39, 137.424, 2.15688, 7200, 10, 0, 0, 0, 1, 0, 0, 0, 0, 0), -- Hatespawn Slime
(4621, 100529, 1466, 7673, 7673, '1,2,8,23', 0, 0, 0, -1, 0, 0, 3107.99, 1578.81, 137.424, 1.97383, 7200, 10, 0, 0, 0, 1, 0, 0, 0, 0, 0), -- Hatespawn Slime
(4622, 100529, 1466, 7673, 7673, '1,2,8,23', 0, 0, 0, -1, 0, 0, 3103.27, 1580.14, 137.424, 2.4002, 7200, 10, 0, 0, 0, 1, 0, 0, 0, 0, 0), -- Hatespawn Slime
(4623, 95779, 1466, 7673, 7673, '1,2,8,23', 0, 0, 0, -1, 0, 0, 2954.46, 1966.16, 189.558, 0.153802, 7200, 0, 0, 0, 0, 0, 0, 0, 0, 0, 0), -- Festerhide Grizzly
(4624, 101991, 1466, 7673, 7673, '1,2,8,23', 0, 0, 0, -1, 0, 0, 2944.5, 1733.23, 141.737, 1.32217, 7200, 10, 0, 0, 0, 1, 0, 0, 0, 0, 0), -- Nightmare Dweller
(4625, 101991, 1466, 7673, 7673, '1,2,8,23', 0, 0, 0, -1, 0, 0, 2944.71, 1756.46, 142.203, 0.231612, 7200, 10, 0, 0, 0, 1, 0, 0, 0, 0, 0), -- Nightmare Dweller
(4626, 95779, 1466, 7673, 7673, '1,2,8,23', 0, 0, 0, -1, 0, 0, 2956.94, 1954.7, 189.544, 5.32967, 7200, 0, 0, 0, 0, 0, 0, 0, 0, 0, 0), -- Festerhide Grizzly
(4627, 101991, 1466, 7673, 7673, '1,2,8,23', 0, 0, 0, -1, 0, 0, 2938.85, 1734.73, 141.663, 0.623802, 7200, 10, 0, 0, 0, 1, 0, 0, 0, 0, 0), -- Nightmare Dweller
(4628, 100533, 1466, 7673, 7673, '1,2,8,23', 0, 0, 0, -1, 0, 0, 3121.83, 1582.32, 137.619, 2.94124, 7200, 0, 0, 0, 0, 0, 0, 0, 0, 0, 0), -- Corrupted Egg
(4629, 100533, 1466, 7673, 7673, '1,2,8,23', 0, 0, 0, -1, 0, 0, 3078.4, 1618.9, 137.808, 1.46083, 7200, 0, 0, 0, 0, 0, 0, 0, 0, 0, 0), -- Corrupted Egg
(4630, 100533, 1466, 7673, 7673, '1,2,8,23', 0, 0, 0, -1, 0, 0, 3095.16, 1609.85, 137.52, 3.4155, 7200, 0, 0, 0, 0, 0, 0, 0, 0, 0, 0), -- Corrupted Egg
(4631, 100533, 1466, 7673, 7673, '1,2,8,23', 0, 0, 0, -1, 0, 0, 3126.12, 1599.56, 137.284, 2.94124, 7200, 0, 0, 0, 0, 0, 0, 0, 0, 0, 0), -- Corrupted Egg
(4632, 100533, 1466, 7673, 7673, '1,2,8,23', 0, 0, 0, -1, 0, 0, 3122.15, 1585.22, 137.846, 2.94124, 7200, 0, 0, 0, 0, 0, 0, 0, 0, 0, 0), -- Corrupted Egg
(4633, 100533, 1466, 7673, 7673, '1,2,8,23', 0, 0, 0, -1, 0, 0, 3079.67, 1637.18, 137.713, 5.47671, 7200, 0, 0, 0, 0, 0, 0, 0, 0, 0, 0), -- Corrupted Egg
(4634, 100533, 1466, 7673, 7673, '1,2,8,23', 0, 0, 0, -1, 0, 0, 3098.11, 1607.28, 137.651, 3.4155, 7200, 0, 0, 0, 0, 0, 0, 0, 0, 0, 0), -- Corrupted Egg
(4635, 101991, 1466, 7673, 7673, '1,2,8,23', 0, 0, 0, -1, 0, 0, 2965.22, 1776.08, 141.774, 0.982572, 7200, 10, 0, 0, 0, 1, 0, 0, 0, 0, 0), -- Nightmare Dweller
(4636, 100529, 1466, 7673, 7673, '1,2,8,23', 0, 0, 0, -1, 0, 0, 3109.79, 1585.72, 137.424, 1.56332, 7200, 10, 0, 0, 0, 1, 0, 0, 0, 0, 0), -- Hatespawn Slime
(4637, 100533, 1466, 7673, 7673, '1,2,8,23', 0, 0, 0, -1, 0, 0, 3119.6, 1598.67, 137.288, 2.94124, 7200, 0, 0, 0, 0, 0, 0, 0, 0, 0, 0), -- Corrupted Egg
(4638, 100529, 1466, 7673, 7673, '1,2,8,23', 0, 0, 0, -1, 0, 0, 3108.44, 1591.26, 137.424, 3.46529, 7200, 10, 0, 0, 0, 1, 0, 0, 0, 0, 0), -- Hatespawn Slime
(4639, 100533, 1466, 7673, 7673, '1,2,8,23', 0, 0, 0, -1, 0, 0, 3121.53, 1591.47, 137.462, 2.94124, 7200, 0, 0, 0, 0, 0, 0, 0, 0, 0, 0), -- Corrupted Egg
(4640, 100533, 1466, 7673, 7673, '1,2,8,23', 0, 0, 0, -1, 0, 0, 3080.83, 1611.89, 137.653, 1.46083, 7200, 0, 0, 0, 0, 0, 0, 0, 0, 0, 0), -- Corrupted Egg
(4641, 100533, 1466, 7673, 7673, '1,2,8,23', 0, 0, 0, -1, 0, 0, 3096.6, 1604.38, 137.544, 3.4155, 7200, 0, 0, 0, 0, 0, 0, 0, 0, 0, 0), -- Corrupted Egg
(4642, 100533, 1466, 7673, 7673, '1,2,8,23', 0, 0, 0, -1, 0, 0, 3078.82, 1613.54, 137.441, 1.46083, 7200, 0, 0, 0, 0, 0, 0, 0, 0, 0, 0), -- Corrupted Egg
(4643, 100529, 1466, 7673, 7673, '1,2,8,23', 0, 0, 0, -1, 0, 0, 3110.25, 1589.89, 137.424, 6.26153, 7200, 10, 0, 0, 0, 1, 0, 0, 0, 0, 0), -- Hatespawn Slime
(4644, 100533, 1466, 7673, 7673, '1,2,8,23', 0, 0, 0, -1, 0, 0, 3119.94, 1586.49, 137.386, 2.94124, 7200, 0, 0, 0, 0, 0, 0, 0, 0, 0, 0), -- Corrupted Egg
(4645, 100533, 1466, 7673, 7673, '1,2,8,23', 0, 0, 0, -1, 0, 0, 3121.75, 1587.66, 137.703, 2.94124, 7200, 0, 0, 0, 0, 0, 0, 0, 0, 0, 0), -- Corrupted Egg
(4646, 100533, 1466, 7673, 7673, '1,2,8,23', 0, 0, 0, -1, 0, 0, 3098.84, 1601.67, 137.546, 3.4155, 7200, 0, 0, 0, 0, 0, 0, 0, 0, 0, 0), -- Corrupted Egg
(4647, 101991, 1466, 7673, 7673, '1,2,8,23', 0, 0, 0, -1, 0, 0, 2961.92, 1765.63, 141.867, 0.793529, 7200, 10, 0, 0, 0, 1, 0, 0, 0, 0, 0), -- Nightmare Dweller
(4648, 100533, 1466, 7673, 7673, '1,2,8,23', 0, 0, 0, -1, 0, 0, 3122.16, 1601.21, 137.241, 2.94124, 7200, 0, 0, 0, 0, 0, 0, 0, 0, 0, 0), -- Corrupted Egg
(4649, 100533, 1466, 7673, 7673, '1,2,8,23', 0, 0, 0, -1, 0, 0, 3080.05, 1609.77, 137.737, 1.46083, 7200, 0, 0, 0, 0, 0, 0, 0, 0, 0, 0), -- Corrupted Egg
(4650, 100533, 1466, 7673, 7673, '1,2,8,23', 0, 0, 0, -1, 0, 0, 3097.92, 1598.12, 137.572, 3.4155, 7200, 0, 0, 0, 0, 0, 0, 0, 0, 0, 0), -- Corrupted Egg
(4651, 100533, 1466, 7673, 7673, '1,2,8,23', 0, 0, 0, -1, 0, 0, 3080.78, 1615.82, 137.694, 1.46083, 7200, 0, 0, 0, 0, 0, 0, 0, 0, 0, 0), -- Corrupted Egg
(4652, 100533, 1466, 7673, 7673, '1,2,8,23', 0, 0, 0, -1, 0, 0, 3122.25, 1597.49, 137.137, 2.94124, 7200, 0, 0, 0, 0, 0, 0, 0, 0, 0, 0), -- Corrupted Egg
(4653, 100529, 1466, 7673, 7673, '1,2,8,23', 0, 0, 0, -1, 0, 0, 3090.36, 1678.15, 141.118, 4.36203, 7200, 10, 0, 0, 0, 1, 0, 0, 0, 0, 0), -- Hatespawn Slime
(4654, 101679, 1466, 7673, 7673, '1,2,8,23', 0, 0, 0, -1, 0, 0, 3155.54, 2048.85, 204.646, 2.42768, 7200, 0, 0, 0, 0, 0, 0, 0, 0, 0, 0), -- Dreadsoul Poisoner
(4655, 100533, 1466, 7673, 7673, '1,2,8,23', 0, 0, 0, -1, 0, 0, 3097.62, 1640.51, 137.84, 4.88317, 7200, 0, 0, 0, 0, 0, 0, 0, 0, 0, 0), -- Corrupted Egg
(4656, 100529, 1466, 7673, 7673, '1,2,8,23', 0, 0, 0, -1, 0, 0, 3085.39, 1683.28, 141.743, 5.30205, 7200, 10, 0, 0, 0, 1, 0, 0, 0, 0, 0), -- Hatespawn Slime
(4657, 100529, 1466, 7673, 7673, '1,2,8,23', 0, 0, 0, -1, 0, 0, 3079.26, 1686.35, 141.868, 0.834608, 7200, 10, 0, 0, 0, 1, 0, 0, 0, 0, 0), -- Hatespawn Slime
(4658, 100533, 1466, 7673, 7673, '1,2,8,23', 0, 0, 0, -1, 0, 0, 3082.33, 1643.84, 138.003, 5.47671, 7200, 0, 0, 0, 0, 0, 0, 0, 0, 0, 0), -- Corrupted Egg
(4659, 100531, 1466, 7673, 7673, '1,2,8,23', 0, 0, 0, -1, 0, 0, 3091.94, 1629.03, 137.44, 1.7738, 7200, 10, 0, 0, 0, 1, 0, 0, 0, 0, 0), -- Bloodtainted Fury
(4660, 100400, 1466, 7673, 7673, '1,2,8,23', 0, 0, 0, -1, 0, 0, 3125.34, 1619.85, 139.503, 5.51617, 7200, 0, 0, 0, 0, 0, 0, 0, 0, 0, 0), -- Dead Perserver Druid
(4661, 103344, 1466, 7673, 7673, '1,2,8,23', 0, 0, 0, -1, 0, 0, 3021.1, 1744.45, 141.902, 3.04861, 7200, 0, 0, 0, 0, 0, 0, 0, 0, 0, 0), -- Oakheart
(4662, 100533, 1466, 7673, 7673, '1,2,8,23', 0, 0, 0, -1, 0, 0, 3100.2, 1642, 137.983, 4.88317, 7200, 0, 0, 0, 0, 0, 0, 0, 0, 0, 0), -- Corrupted Egg
(4663, 95766, 1466, 7673, 7673, '1,2,8,23', 0, 0, 0, -1, 0, 0, 3146.6, 2052.69, 205.465, 5.02378, 7200, 0, 0, 0, 0, 0, 0, 0, 0, 0, 0), -- Crazed Razorbeak
(4664, 100529, 1466, 7673, 7673, '1,2,8,23', 0, 0, 0, -1, 0, 0, 3090.98, 1672.76, 140.557, 3.95607, 7200, 10, 0, 0, 0, 1, 0, 0, 0, 0, 0), -- Hatespawn Slime
(4665, 95771, 1466, 7673, 7673, '1,2,8,23', 0, 0, 0, -1, 0, 0, 3007.37, 1934.8, 198.92, 0.891751, 7200, 0, 0, 0, 0, 0, 0, 0, 0, 0, 0), -- Dreadsoul Ruiner
(4666, 100533, 1466, 7673, 7673, '1,2,8,23', 0, 0, 0, -1, 0, 0, 3102.87, 1636.66, 138.885, 4.88317, 7200, 0, 0, 0, 0, 0, 0, 0, 0, 0, 0), -- Corrupted Egg
(4667, 100533, 1466, 7673, 7673, '1,2,8,23', 0, 0, 0, -1, 0, 0, 3125.26, 1605.83, 137.378, 2.94124, 7200, 0, 0, 0, 0, 0, 0, 0, 0, 0, 0), -- Corrupted Egg
(4668, 100533, 1466, 7673, 7673, '1,2,8,23', 0, 0, 0, -1, 0, 0, 3079.65, 1642.31, 137.794, 5.47671, 7200, 0, 0, 0, 0, 0, 0, 0, 0, 0, 0), -- Corrupted Egg
(4669, 95769, 1466, 7673, 7673, '1,2,8,23', 0, 0, 0, -1, 0, 0, 3000.86, 1932.39, 199.495, 0.391863, 7200, 0, 0, 0, 0, 0, 0, 0, 0, 0, 0), -- Mindshattered Screecher
(4670, 100533, 1466, 7673, 7673, '1,2,8,23', 0, 0, 0, -1, 0, 0, 3101.04, 1639.35, 138.257, 4.88317, 7200, 0, 0, 0, 0, 0, 0, 0, 0, 0, 0), -- Corrupted Egg
(4671, 100529, 1466, 7673, 7673, '1,2,8,23', 0, 0, 0, -1, 0, 0, 3080.1, 1678.81, 141.743, 4.88002, 7200, 10, 0, 0, 0, 1, 0, 0, 0, 0, 0), -- Hatespawn Slime
(4672, 100529, 1466, 7673, 7673, '1,2,8,23', 0, 0, 0, -1, 0, 0, 3087.58, 1672.32, 140.743, 4.39375, 7200, 10, 0, 0, 0, 1, 0, 0, 0, 0, 0), -- Hatespawn Slime
(4673, 100533, 1466, 7673, 7673, '1,2,8,23', 0, 0, 0, -1, 0, 0, 3081.06, 1639.9, 137.774, 5.47671, 7200, 0, 0, 0, 0, 0, 0, 0, 0, 0, 0), -- Corrupted Egg
(4674, 100533, 1466, 7673, 7673, '1,2,8,23', 0, 0, 0, -1, 0, 0, 3081.58, 1646.67, 138.09, 5.47671, 7200, 0, 0, 0, 0, 0, 0, 0, 0, 0, 0), -- Corrupted Egg
(4675, 95771, 1466, 7673, 7673, '1,2,8,23', 0, 0, 0, -1, 0, 0, 3149.73, 2044.94, 205.168, 1.48174, 7200, 0, 0, 0, 0, 0, 0, 0, 0, 0, 0), -- Dreadsoul Ruiner
(4676, 100533, 1466, 7673, 7673, '1,2,8,23', 0, 0, 0, -1, 0, 0, 3105.2, 1638.17, 139.601, 4.88317, 7200, 0, 0, 0, 0, 0, 0, 0, 0, 0, 0), -- Corrupted Egg
(4677, 95766, 1466, 7673, 7673, '1,2,8,23', 0, 0, 0, -1, 0, 0, 3152.71, 2056.11, 205.509, 4.56701, 7200, 0, 0, 0, 0, 0, 0, 0, 0, 0, 0), -- Crazed Razorbeak
(4678, 100400, 1466, 7673, 7673, '1,2,8,23', 0, 0, 0, -1, 0, 0, 3074.01, 1908.82, 205.792, 1.09456, 7200, 0, 0, 0, 0, 0, 0, 0, 0, 0, 0), -- Dead Perserver Druid
(4679, 95772, 1466, 7673, 7673, '1,2,8,23', 0, 0, 0, -1, 0, 0, 3150.07, 2030.27, 204.644, 4.00967, 7200, 10, 0, 0, 0, 1, 0, 0, 0, 0, 0), -- Frenzied Nightclaw
(4680, 100529, 1466, 7673, 7673, '1,2,8,23', 0, 0, 0, -1, 0, 0, 3100.84, 1672.57, 140.665, 0.229581, 7200, 10, 0, 0, 0, 1, 0, 0, 0, 0, 0), -- Hatespawn Slime
(4681, 100400, 1466, 7673, 7673, '1,2,8,23', 0, 0, 0, -1, 0, 0, 3075.76, 1932.06, 205.639, 3.06717, 7200, 0, 0, 0, 0, 0, 0, 0, 0, 0, 0), -- Dead Perserver Druid
(4682, 95769, 1466, 7673, 7673, '1,2,8,23', 0, 0, 0, -1, 0, 0, 3063.22, 1725.19, 274.667, 4.15163, 7200, 10, 0, 0, 0, 1, 0, 0, 0, 0, 0), -- Mindshattered Screecher
(4683, 100400, 1466, 7673, 7673, '1,2,8,23', 0, 0, 0, -1, 0, 0, 3189.24, 2024.99, 206.917, 4.60236, 7200, 0, 0, 0, 0, 0, 0, 0, 0, 0, 0), -- Dead Perserver Druid
(4684, 95771, 1466, 7673, 7673, '1,2,8,23', 0, 0, 0, -1, 0, 0, 3104.27, 1989.88, 205.634, 0.71028, 7200, 0, 0, 0, 0, 0, 0, 0, 0, 0, 0), -- Dreadsoul Ruiner
(4685, 100400, 1466, 7673, 7673, '1,2,8,23', 0, 0, 0, -1, 0, 0, 3197.88, 2023.56, 207.069, 6.27069, 7200, 0, 0, 0, 0, 0, 0, 0, 0, 0, 0), -- Dead Perserver Druid
(4686, 95771, 1466, 7673, 7673, '1,2,8,23', 0, 0, 0, -1, 0, 0, 3070.75, 1958.01, 203.216, 3.08589, 7200, 10, 0, 0, 0, 1, 0, 0, 0, 0, 0), -- Dreadsoul Ruiner
(4687, 100400, 1466, 7673, 7673, '1,2,8,23', 0, 0, 0, -1, 0, 0, 3068.62, 1916.87, 205.671, 5.60958, 7200, 0, 0, 0, 0, 0, 0, 0, 0, 0, 0), -- Dead Perserver Druid
(4688, 101679, 1466, 7673, 7673, '1,2,8,23', 0, 0, 0, -1, 0, 0, 3145.08, 2029.8, 204.623, 4.02316, 7200, 10, 0, 0, 0, 1, 0, 0, 0, 0, 0), -- Dreadsoul Poisoner
(4689, 100400, 1466, 7673, 7673, '1,2,8,23', 0, 0, 0, -1, 0, 0, 3066.18, 1929.7, 205.491, 0.647483, 7200, 0, 0, 0, 0, 0, 0, 0, 0, 0, 0), -- Dead Perserver Druid
(4690, 95779, 1466, 7673, 7673, '1,2,8,23', 0, 0, 0, -1, 0, 0, 3197.72, 2042.27, 205.485, 4.30118, 7200, 0, 0, 0, 0, 0, 0, 0, 0, 0, 0), -- Festerhide Grizzly
(4691, 100529, 1466, 7673, 7673, '1,2,8,23', 0, 0, 0, -1, 0, 0, 3092.51, 1677.42, 141.252, 1.39437, 7200, 10, 0, 0, 0, 1, 0, 0, 0, 0, 0), -- Hatespawn Slime
(4692, 100529, 1466, 7673, 7673, '1,2,8,23', 0, 0, 0, -1, 0, 0, 3087.37, 1688.16, 141.964, 3.63453, 7200, 10, 0, 0, 0, 1, 0, 0, 0, 0, 0), -- Hatespawn Slime
(4693, 100400, 1466, 7673, 7673, '1,2,8,23', 0, 0, 0, -1, 0, 0, 3069.09, 1929.55, 205.485, 5.51617, 7200, 0, 0, 0, 0, 0, 0, 0, 0, 0, 0), -- Dead Perserver Druid
(4694, 95772, 1466, 7673, 7673, '1,2,8,23', 0, 0, 0, -1, 0, 0, 3107.86, 1992.54, 205.16, 3.66526, 7200, 0, 0, 0, 0, 0, 0, 0, 0, 0, 0), -- Frenzied Nightclaw
(4695, 101679, 1466, 7673, 7673, '1,2,8,23', 0, 0, 0, -1, 0, 0, 3071.85, 1962.96, 203.081, 3.08589, 7200, 10, 0, 0, 0, 1, 0, 0, 0, 0, 0), -- Dreadsoul Poisoner
(4696, 95769, 1466, 7673, 7673, '1,2,8,23', 0, 0, 0, -1, 0, 0, 3099, 1999.72, 210.852, 5.36972, 7200, 0, 0, 0, 0, 0, 0, 0, 0, 0, 0), -- Mindshattered Screecher
(4697, 100400, 1466, 7673, 7673, '1,2,8,23', 0, 0, 0, -1, 0, 0, 3066.96, 1942.18, 206.182, 0.677258, 7200, 0, 0, 0, 0, 0, 0, 0, 0, 0, 0), -- Dead Perserver Druid
(4698, 95772, 1466, 7673, 7673, '1,2,8,23', 0, 0, 0, -1, 0, 0, 3144.62, 2034.77, 204.644, 4.00406, 7200, 10, 0, 0, 0, 1, 0, 0, 0, 0, 0), -- Frenzied Nightclaw
(4699, 95771, 1466, 7673, 7673, '1,2,8,23', 0, 0, 0, -1, 0, 0, 3108.33, 1998.47, 205.288, 3.50889, 7200, 0, 0, 0, 0, 0, 0, 0, 0, 0, 0), -- Dreadsoul Ruiner
(4700, 100400, 1466, 7673, 7673, '1,2,8,23', 0, 0, 0, -1, 0, 0, 3206.14, 2029.31, 205.485, 6.18033, 7200, 0, 0, 0, 0, 0, 0, 0, 0, 0, 0), -- Dead Perserver Druid
(4701, 95779, 1466, 7673, 7673, '1,2,8,23', 0, 0, 0, -1, 0, 0, 3207.17, 2032.43, 205.485, 3.40902, 7200, 0, 0, 0, 0, 0, 0, 0, 0, 0, 0), -- Festerhide Grizzly
(4702, 95771, 1466, 7673, 7673, '1,2,8,23', 0, 0, 0, -1, 0, 0, 3122.25, 1972.43, 206.552, 6.22977, 7200, 0, 0, 0, 0, 0, 0, 0, 0, 0, 0), -- Dreadsoul Ruiner
(4703, 100400, 1466, 7673, 7673, '1,2,8,23', 0, 0, 0, -1, 0, 0, 3073.2, 1942.19, 205.481, 3.06717, 7200, 0, 0, 0, 0, 0, 0, 0, 0, 0, 0), -- Dead Perserver Druid
(4704, 100400, 1466, 7673, 7673, '1,2,8,23', 0, 0, 0, -1, 0, 0, 3205.24, 1937.82, 216.414, 1.24094, 7200, 0, 0, 0, 0, 0, 0, 0, 0, 0, 0), -- Dead Perserver Druid
(4705, 95772, 1466, 7673, 7673, '1,2,8,23', 0, 0, 0, -1, 0, 0, 3173.33, 1828.27, 216.972, 1.38929, 7200, 0, 0, 0, 0, 0, 0, 0, 0, 0, 0), -- Frenzied Nightclaw
(4706, 95769, 1466, 7673, 7673, '1,2,8,23', 0, 0, 0, -1, 0, 0, 3147.09, 1872.48, 219.387, 5.56575, 7200, 0, 0, 0, 0, 0, 0, 0, 0, 0, 0), -- Mindshattered Screecher
(4707, 95766, 1466, 7673, 7673, '1,2,8,23', 0, 0, 0, -1, 0, 0, 3173.03, 1967.27, 216.045, 1.12914, 7200, 10, 0, 0, 0, 1, 0, 0, 0, 0, 0), -- Crazed Razorbeak
(4708, 95769, 1466, 7673, 7673, '1,2,8,23', 0, 0, 0, -1, 0, 0, 3173.11, 1874.1, 219.135, 4.18118, 7200, 0, 0, 0, 0, 0, 0, 0, 0, 0, 0), -- Mindshattered Screecher
(4709, 95771, 1466, 7673, 7673, '1,2,8,23', 0, 0, 0, -1, 0, 0, 3165.11, 1903.16, 214.219, 1.53725, 7200, 10, 0, 0, 0, 1, 0, 0, 0, 0, 0), -- Dreadsoul Ruiner
(4710, 95771, 1466, 7673, 7673, '1,2,8,23', 0, 0, 0, -1, 0, 0, 3173.52, 1978.03, 215.43, 4.00713, 7200, 0, 0, 0, 0, 0, 0, 0, 0, 0, 0), -- Dreadsoul Ruiner
(4711, 100400, 1466, 7673, 7673, '1,2,8,23', 0, 0, 0, -1, 0, 0, 3208.1, 1884.3, 214.986, 5.51617, 7200, 0, 0, 0, 0, 0, 0, 0, 0, 0, 0), -- Dead Perserver Druid
(4712, 101679, 1466, 7673, 7673, '1,2,8,23', 0, 0, 0, -1, 0, 0, 3200.09, 1941.63, 216.342, 6.15471, 7200, 0, 0, 0, 0, 0, 0, 0, 0, 0, 0), -- Dreadsoul Poisoner
(4713, 100400, 1466, 7673, 7673, '1,2,8,23', 0, 0, 0, -1, 0, 0, 3202.96, 1943.78, 216.342, 5.64203, 7200, 0, 0, 0, 0, 0, 0, 0, 0, 0, 0), -- Dead Perserver Druid
(4714, 95779, 1466, 7673, 7673, '1,2,8,23', 0, 0, 0, -1, 0, 0, 3209.84, 1942.07, 216.404, 2.88196, 7200, 0, 0, 0, 0, 0, 0, 0, 0, 0, 0), -- Festerhide Grizzly
(4715, 100400, 1466, 7673, 7673, '1,2,8,23', 0, 0, 0, -1, 0, 0, 3071.78, 1902, 205.703, 1.7512, 7200, 0, 0, 0, 0, 0, 0, 0, 0, 0, 0), -- Dead Perserver Druid
(4716, 95772, 1466, 7673, 7673, '1,2,8,23', 0, 0, 0, -1, 0, 0, 3116.32, 1952.51, 204.996, 5.03805, 7200, 10, 0, 0, 0, 1, 0, 0, 0, 0, 0), -- Frenzied Nightclaw
(4717, 95769, 1466, 7673, 7673, '1,2,8,23', 0, 0, 0, -1, 0, 0, 3147.3, 1741.2, 274.167, 5.00735, 7200, 10, 0, 0, 0, 1, 0, 0, 0, 0, 0), -- Mindshattered Screecher
(4718, 100400, 1466, 7673, 7673, '1,2,8,23', 0, 0, 0, -1, 0, 0, 3161.68, 1909.52, 213.357, 4.58743, 7200, 0, 0, 0, 0, 0, 0, 0, 0, 0, 0), -- Dead Perserver Druid
(4719, 100400, 1466, 7673, 7673, '1,2,8,23', 0, 0, 0, -1, 0, 0, 3220.11, 1859.62, 214.327, 3.29138, 7200, 0, 0, 0, 0, 0, 0, 0, 0, 0, 0), -- Dead Perserver Druid
(4720, 100400, 1466, 7673, 7673, '1,2,8,23', 0, 0, 0, -1, 0, 0, 3169.58, 1862.23, 215.419, 0.225528, 7200, 0, 0, 0, 0, 0, 0, 0, 0, 0, 0), -- Dead Perserver Druid
(4721, 95772, 1466, 7673, 7673, '1,2,8,23', 0, 0, 0, -1, 0, 0, 3172.54, 1866.74, 217.524, 5.36972, 7200, 0, 0, 0, 0, 0, 0, 0, 0, 0, 0), -- Frenzied Nightclaw
(4722, 95772, 1466, 7673, 7673, '1,2,8,23', 0, 0, 0, -1, 0, 0, 3116.31, 1966.33, 205.814, 1.74543, 7200, 0, 0, 0, 0, 0, 0, 0, 0, 0, 0), -- Frenzied Nightclaw
(4723, 95769, 1466, 7673, 7673, '1,2,8,23', 0, 0, 0, -1, 0, 0, 3181.34, 1785.58, 245.732, 4.65451, 7200, 10, 0, 0, 0, 1, 0, 0, 0, 0, 0), -- Mindshattered Screecher
(4724, 100400, 1466, 7673, 7673, '1,2,8,23', 0, 0, 0, -1, 0, 0, 3208.89, 1948.27, 216.341, 1.01584, 7200, 0, 0, 0, 0, 0, 0, 0, 0, 0, 0), -- Dead Perserver Druid
(4725, 95779, 1466, 7673, 7673, '1,2,8,23', 0, 0, 0, -1, 0, 0, 3112.07, 1913.64, 205.994, 1.89158, 7200, 0, 0, 0, 0, 0, 0, 0, 0, 0, 0), -- Festerhide Grizzly
(4726, 100400, 1466, 7673, 7673, '1,2,8,23', 0, 0, 0, -1, 0, 0, 3171.69, 1856.14, 215.327, 4.30259, 7200, 0, 0, 0, 0, 0, 0, 0, 0, 0, 0), -- Dead Perserver Druid
(4727, 95771, 1466, 7673, 7673, '1,2,8,23', 0, 0, 0, -1, 0, 0, 3118.75, 1975.23, 206.434, 4.9795, 7200, 0, 0, 0, 0, 0, 0, 0, 0, 0, 0), -- Dreadsoul Ruiner
(4728, 100400, 1466, 7673, 7673, '1,2,8,23', 0, 0, 0, -1, 0, 0, 3211.81, 1948.61, 216.359, 0.225528, 7200, 0, 0, 0, 0, 0, 0, 0, 0, 0, 0), -- Dead Perserver Druid
(4729, 100400, 1466, 7673, 7673, '1,2,8,23', 0, 0, 0, -1, 0, 0, 3218.14, 1947.42, 216.415, 5.51617, 7200, 0, 0, 0, 0, 0, 0, 0, 0, 0, 0), -- Dead Perserver Druid
(4730, 111042, 1466, 7673, 8102, '1,2,8,23', 0, 0, 0, -1, 0, 0, 2762.76, 1297.83, 141.878, 0, 7200, 0, 0, 0, 0, 0, 0, 0, 0, 0, 0), -- Nightmare Fire
(4731, 95779, 1466, 7673, 7673, '1,2,8,23', 0, 0, 0, -1, 0, 0, 3166.46, 1911.52, 214.54, 4.04603, 7200, 0, 0, 0, 0, 0, 0, 0, 0, 0, 0), -- Festerhide Grizzly
(4732, 95772, 1466, 7673, 7673, '1,2,8,23', 0, 0, 0, -1, 0, 0, 3169.21, 1830.18, 216.761, 0.473666, 7200, 0, 0, 0, 0, 0, 0, 0, 0, 0, 0), -- Frenzied Nightclaw
(4733, 101679, 1466, 7673, 7673, '1,2,8,23', 0, 0, 0, -1, 0, 0, 3175.98, 1833.69, 216.849, 4.36133, 7200, 0, 0, 0, 0, 0, 0, 0, 0, 0, 0), -- Dreadsoul Poisoner
(4734, 100400, 1466, 7673, 7673, '1,2,8,23', 0, 0, 0, -1, 0, 0, 3203.71, 1881.84, 214.986, 4.1913, 7200, 0, 0, 0, 0, 0, 0, 0, 0, 0, 0), -- Dead Perserver Druid
(4735, 101641, 1466, 7673, 7673, '1,2,8,23', 0, 0, 0, -1, 0, 0, 3067.83, 1906.93, 206.301, 0.423497, 7200, 0, 0, 0, 0, 0, 0, 0, 0, 0, 0), -- Mythana
(4736, 100400, 1466, 7673, 7673, '1,2,8,23', 0, 0, 0, -1, 0, 0, 3166.67, 1918.62, 214.12, 1.24662, 7200, 0, 0, 0, 0, 0, 0, 0, 0, 0, 0), -- Dead Perserver Druid
(4737, 95769, 1466, 7673, 7673, '1,2,8,23', 0, 0, 0, -1, 0, 0, 3179.3, 1869.57, 220.982, 3.86009, 7200, 0, 0, 0, 0, 0, 0, 0, 0, 0, 0), -- Mindshattered Screecher
(4738, 95766, 1466, 7673, 7673, '1,2,8,23', 0, 0, 0, -1, 0, 0, 3165.82, 1975.57, 214.943, 0.350272, 7200, 10, 0, 0, 0, 1, 0, 0, 0, 0, 0), -- Crazed Razorbeak
(4739, 100400, 1466, 7673, 7673, '1,2,8,23', 0, 0, 0, -1, 0, 0, 3163.98, 1907.28, 213.891, 5.20698, 7200, 0, 0, 0, 0, 0, 0, 0, 0, 0, 0), -- Dead Perserver Druid
(4740, 95771, 1466, 7673, 7673, '1,2,8,23', 0, 0, 0, -1, 0, 0, 3204.04, 1948.08, 216.309, 5.05398, 7200, 0, 0, 0, 0, 0, 0, 0, 0, 0, 0), -- Dreadsoul Ruiner
(4741, 95771, 1466, 7673, 7673, '1,2,8,23', 0, 0, 0, -1, 0, 0, 3162.23, 1903.35, 213.9, 1.46409, 7200, 10, 0, 0, 0, 1, 0, 0, 0, 0, 0), -- Dreadsoul Ruiner
(4742, 100400, 1466, 7673, 7673, '1,2,8,23', 0, 0, 0, -1, 0, 0, 3201.5, 1876.36, 215.066, 4.69587, 7200, 0, 0, 0, 0, 0, 0, 0, 0, 0, 0), -- Dead Perserver Druid
(4743, 95772, 1466, 7673, 7673, '1,2,8,23', 0, 0, 0, -1, 0, 0, 3109.64, 1950.5, 204.902, 5.01375, 7200, 10, 0, 0, 0, 1, 0, 0, 0, 0, 0), -- Frenzied Nightclaw
(4744, 100400, 1466, 7673, 7673, '1,2,8,23', 0, 0, 0, -1, 0, 0, 3161.71, 1912.85, 213.023, 5.20698, 7200, 0, 0, 0, 0, 0, 0, 0, 0, 0, 0), -- Dead Perserver Druid
(4745, 100400, 1466, 7673, 7673, '1,2,8,23', 0, 0, 0, -1, 0, 0, 3204.29, 1933.91, 216.444, 0.55323, 7200, 0, 0, 0, 0, 0, 0, 0, 0, 0, 0), -- Dead Perserver Druid
(4746, 100400, 1466, 7673, 7673, '1,2,8,23', 0, 0, 0, -1, 0, 0, 3208.35, 1881.24, 214.923, 0.225528, 7200, 0, 0, 0, 0, 0, 0, 0, 0, 0, 0), -- Dead Perserver Druid
(4747, 100400, 1466, 7673, 7673, '1,2,8,23', 0, 0, 0, -1, 0, 0, 3176.9, 1917.03, 215.217, 3.31921, 7200, 0, 0, 0, 0, 0, 0, 0, 0, 0, 0), -- Dead Perserver Druid
(4748, 95769, 1466, 7673, 7673, '1,2,8,23', 0, 0, 0, -1, 0, 0, 3147.28, 1802.29, 274.833, 4.33096, 7200, 10, 0, 0, 0, 1, 0, 0, 0, 0, 0), -- Mindshattered Screecher
(4749, 95779, 1466, 7673, 7673, '1,2,8,23', 0, 0, 0, -1, 0, 0, 3221.15, 1856.01, 214.279, 1.89158, 7200, 0, 0, 0, 0, 0, 0, 0, 0, 0, 0); -- Festerhide Grizzly


-- creature_addon
DELETE FROM creature_addon WHERE guid IN (4460,4461,4462,4463,4464,4465,4466,4467,4468,4469,4470,4471,4472,4473,4474,4475,4476,4477,4478,4479,4480,4481,4482,4483,4484,4485,4486,4487,4488,4489,4490,4491,4492,4493,4494,4495,4496,4497,4498,4499,4500,4501,4502,4503,4504,4505,4506,4508,4509,4510,4511,4512,4513,4514,4515,4516,4517,4518,4519,4520,4521,4524,4525,4527,4528,4529,4530,4531,4532,4533,4534,4535,4536,4537,4538,4539,4542,4543,4544,4545,4546,4547,4552,4555,4557,4558,4559,4560,4562,4565,4573,4576,4578,4580,4583,4584,4586,4587,4589,4590,4591,4592,4594,4595,4596,4597,4598,4599,4600,4601,4602,4603,4604,4605,4606,4607,4608,4609,4610,4611,4612,4613,4614,4615,4616,4617,4629,4630,4631,4632,4633,4634,4635,4638,4640,4641,4642,4643,4645,4646,4647,4649,4650,4651,4652,4653,4655,4656,4659,4661,4662,4663,4666,4667,4668,4669,4670,4671,4674,4675,4676,4677,4679,4680,4682,4683,4684,4685,4686,4687,4688,4689,4690,4694,4695,4696,4697,4698,4699,4700,4701,4703,4704,4705,4706,4707,4709,4710,4711,4712,4713,4714,4716,4717,4718,4719,4720,4721,4722,4723,4724,4725,4727,4728,4729,4730,4731,4733,4734,4735,4736,4737,4738,4740,4741,4742,4743,4744,4745,4746,4747,4748,4749);
INSERT INTO creature_addon (guid, path_id, mount, MountCreatureID, bytes1, bytes2, emote, aiAnimKit, movementAnimKit, meleeAnimKit, visibilityDistanceType, auras) VALUES 
(4460, 0, 0, 0, 0, 1, 0, 0, 0, 0, 0, '221067'),
(4461, 0, 0, 0, 0, 1, 0, 0, 0, 0, 0, '221067'),
(4462, 0, 0, 0, 0, 1, 0, 0, 0, 0, 0, '221067'),
(4463, 0, 0, 0, 0, 1, 0, 0, 0, 0, 0, '221067'),
(4464, 0, 0, 0, 0, 1, 0, 0, 0, 0, 0, '221067'),
(4465, 0, 0, 0, 0, 1, 0, 0, 0, 0, 0, '221067'),
(4466, 0, 0, 0, 0, 1, 0, 0, 0, 0, 0, '221067'),
(4467, 0, 0, 0, 0, 1, 0, 0, 0, 0, 0, '221067'),
(4468, 0, 0, 0, 0, 1, 0, 0, 0, 0, 0, '221067'),
(4469, 0, 0, 0, 0, 1, 0, 0, 0, 0, 0, '199752'),
(4470, 0, 0, 0, 0, 1, 0, 0, 0, 0, 0, '221067'),
(4471, 0, 0, 0, 0, 1, 0, 0, 0, 0, 0, '221067'),
(4472, 0, 0, 0, 0, 1, 0, 0, 0, 0, 0, '221067'),
(4473, 0, 0, 0, 0, 1, 0, 0, 0, 0, 0, '221067'),
(4474, 0, 0, 0, 0, 1, 0, 0, 0, 0, 0, '221067'),
(4475, 0, 0, 0, 0, 1, 0, 0, 0, 0, 0, '221067'),
(4476, 0, 0, 0, 0, 1, 0, 0, 0, 0, 0, '221067'),
(4477, 0, 0, 0, 0, 1, 0, 0, 0, 0, 0, '221067'),
(4478, 0, 0, 0, 0, 1, 0, 0, 0, 0, 0, '221067'),
(4479, 0, 0, 0, 0, 1, 0, 0, 0, 0, 0, '221067'),
(4480, 0, 0, 0, 0, 1, 0, 0, 0, 0, 0, '221067'),
(4481, 0, 0, 0, 0, 1, 0, 0, 0, 0, 0, '221067'),
(4482, 0, 0, 0, 0, 1, 0, 0, 0, 0, 0, '221067'),
(4483, 0, 0, 0, 0, 1, 0, 0, 0, 0, 0, '221067'),
(4484, 0, 0, 0, 0, 1, 0, 0, 0, 0, 0, '221067'),
(4485, 0, 0, 0, 0, 1, 0, 0, 0, 0, 0, '221067'),
(4486, 0, 0, 0, 0, 1, 0, 0, 0, 0, 0, '221067'),
(4487, 0, 0, 0, 0, 1, 0, 0, 0, 0, 0, '221067'),
(4488, 0, 0, 0, 0, 1, 0, 0, 0, 0, 0, '221067'),
(4489, 0, 0, 0, 0, 1, 0, 0, 0, 0, 0, '221067'),
(4490, 0, 0, 0, 0, 1, 0, 0, 0, 0, 0, '221067'),
(4491, 0, 0, 0, 0, 1, 0, 0, 0, 0, 0, '221067'),
(4492, 0, 0, 0, 0, 1, 0, 0, 0, 0, 0, '221067'),
(4493, 0, 0, 0, 0, 1, 0, 0, 0, 0, 0, '221067'),
(4494, 0, 0, 0, 33554432, 1, 0, 0, 0, 0, 0, ''),
(4495, 0, 0, 0, 0, 1, 0, 0, 0, 0, 0, '221067'),
(4496, 0, 0, 0, 0, 1, 0, 0, 0, 0, 0, '221067'),
(4497, 0, 0, 0, 0, 2, 0, 0, 0, 0, 0, ''),
(4498, 0, 0, 0, 0, 1, 0, 0, 0, 0, 0, '221067'),
(4499, 0, 0, 0, 0, 1, 0, 0, 0, 0, 0, '221067'),
(4500, 0, 0, 0, 0, 1, 0, 0, 0, 0, 0, '221067'),
(4501, 0, 0, 0, 8, 1, 0, 0, 0, 0, 0, ''),
(4502, 0, 0, 0, 0, 1, 0, 0, 0, 0, 0, '221067'),
(4503, 0, 0, 0, 0, 1, 0, 0, 0, 0, 0, '191262'),
(4504, 0, 0, 0, 0, 1, 0, 0, 0, 0, 0, '195106'),
(4505, 0, 0, 0, 0, 1, 0, 0, 0, 0, 0, '221067'),
(4506, 0, 0, 0, 0, 1, 0, 0, 0, 0, 0, '221067'),
(4508, 0, 0, 0, 0, 1, 0, 0, 0, 0, 0, '221067'),
(4509, 0, 0, 0, 0, 1, 0, 0, 0, 0, 0, '221067'),
(4510, 0, 0, 0, 33554432, 1, 0, 0, 0, 0, 0, ''),
(4511, 0, 0, 0, 33554432, 1, 0, 0, 0, 0, 0, ''),
(4512, 0, 0, 0, 33554432, 1, 0, 0, 0, 0, 0, ''),
(4513, 0, 0, 0, 33554432, 1, 0, 0, 0, 0, 0, ''),
(4514, 0, 0, 0, 33554432, 1, 0, 0, 0, 0, 0, ''),
(4515, 0, 0, 0, 33554432, 1, 0, 0, 0, 0, 0, ''),
(4516, 0, 0, 0, 33554432, 1, 0, 0, 0, 0, 0, ''),
(4517, 0, 0, 0, 33554432, 1, 0, 0, 0, 0, 0, ''),
(4518, 0, 0, 0, 33554432, 1, 0, 0, 0, 0, 0, ''),
(4519, 0, 0, 0, 33554432, 1, 0, 0, 0, 0, 0, ''),
(4520, 0, 0, 0, 33554432, 1, 0, 0, 0, 0, 0, ''),
(4521, 0, 0, 0, 33554432, 1, 0, 0, 0, 0, 0, ''),
(4524, 0, 0, 0, 33554432, 1, 0, 0, 0, 0, 0, ''),
(4525, 0, 0, 0, 33554432, 1, 0, 0, 0, 0, 0, ''),
(4527, 0, 0, 0, 33554432, 1, 0, 0, 0, 0, 0, ''),
(4528, 0, 0, 0, 33554432, 1, 0, 0, 0, 0, 0, ''),
(4529, 0, 0, 0, 33554432, 1, 0, 0, 0, 0, 0, ''),
(4530, 0, 0, 0, 33554432, 1, 0, 0, 0, 0, 0, ''),
(4531, 0, 0, 0, 33554432, 1, 0, 0, 0, 0, 0, ''),
(4532, 0, 0, 0, 33554432, 1, 0, 0, 0, 0, 0, ''),
(4533, 0, 0, 0, 33554432, 1, 0, 0, 0, 0, 0, ''),
(4534, 0, 0, 0, 0, 1, 0, 0, 0, 0, 0, '191262'),
(4535, 0, 0, 0, 33554432, 1, 0, 0, 0, 0, 0, ''),
(4536, 0, 0, 0, 0, 1, 0, 0, 0, 0, 0, '191262'),
(4537, 0, 0, 0, 8, 1, 0, 0, 0, 0, 0, ''),
(4538, 0, 0, 0, 33554432, 1, 0, 0, 0, 0, 0, ''),
(4539, 0, 0, 0, 0, 1, 0, 0, 0, 0, 0, '191262'),
(4542, 0, 0, 0, 0, 1, 0, 0, 0, 0, 0, '191262'),
(4543, 0, 0, 0, 0, 1, 0, 0, 0, 0, 0, '146007'),
(4544, 0, 0, 0, 0, 1, 0, 0, 0, 0, 0, '200760'),
(4545, 0, 0, 0, 0, 1, 0, 0, 0, 0, 0, '200760'),
(4546, 0, 0, 0, 0, 1, 0, 0, 0, 0, 0, '200760'),
(4547, 0, 0, 0, 0, 1, 0, 0, 0, 0, 0, '200760'),
(4552, 0, 0, 0, 0, 1, 0, 0, 0, 0, 0, '200760'),
(4555, 0, 0, 0, 0, 1, 0, 0, 0, 0, 0, '200760'),
(4557, 0, 0, 0, 0, 1, 0, 0, 0, 0, 0, '200760'),
(4558, 0, 0, 0, 0, 1, 0, 0, 0, 0, 0, '200760'),
(4559, 0, 0, 0, 8, 1, 0, 0, 0, 0, 0, ''),
(4560, 0, 0, 0, 0, 1, 0, 0, 0, 0, 0, '200760'),
(4562, 0, 0, 0, 0, 1, 0, 0, 0, 0, 0, '200760'),
(4565, 0, 0, 0, 0, 1, 0, 0, 0, 0, 0, '203257'),
(4573, 0, 0, 0, 33554432, 1, 0, 0, 0, 0, 0, ''),
(4576, 0, 0, 0, 33554432, 1, 0, 0, 0, 0, 0, ''),
(4578, 0, 0, 0, 33554432, 1, 0, 0, 0, 0, 0, ''),
(4580, 0, 0, 0, 0, 1, 0, 0, 0, 0, 0, '191262'),
(4583, 0, 0, 0, 33554432, 1, 0, 0, 0, 0, 0, ''),
(4584, 0, 0, 0, 33554432, 1, 0, 0, 0, 0, 0, ''),
(4586, 0, 0, 0, 0, 1, 0, 0, 0, 0, 0, '146007'),
(4587, 0, 0, 0, 33554432, 1, 0, 0, 0, 0, 0, ''),
(4589, 0, 0, 0, 33554432, 1, 0, 0, 0, 0, 0, ''),
(4590, 0, 0, 0, 0, 1, 0, 0, 0, 0, 0, '146007'),
(4591, 0, 0, 0, 33554432, 1, 0, 0, 0, 0, 0, ''),
(4592, 0, 0, 0, 0, 1, 0, 0, 0, 0, 0, '197709'),
(4594, 0, 0, 0, 33554432, 1, 0, 0, 0, 0, 0, ''),
(4595, 0, 0, 0, 33554432, 1, 0, 0, 0, 0, 0, ''),
(4596, 0, 0, 0, 0, 1, 0, 0, 0, 0, 0, '146007'),
(4597, 0, 0, 0, 0, 1, 0, 0, 0, 0, 0, '146007'),
(4598, 0, 0, 0, 33554432, 1, 0, 0, 0, 0, 0, ''),
(4599, 0, 0, 0, 0, 1, 0, 0, 0, 0, 0, '146007'),
(4600, 0, 0, 0, 33554432, 1, 0, 0, 0, 0, 0, ''),
(4601, 0, 0, 0, 33554432, 1, 0, 0, 0, 0, 0, ''),
(4602, 0, 0, 0, 0, 1, 0, 0, 0, 0, 0, '146007'),
(4603, 0, 0, 0, 0, 1, 0, 0, 0, 0, 0, '146007'),
(4604, 0, 0, 0, 33554432, 1, 0, 0, 0, 0, 0, ''),
(4605, 0, 0, 0, 0, 1, 0, 0, 0, 0, 0, '146007'),
(4606, 0, 0, 0, 33554432, 1, 0, 0, 0, 0, 0, ''),
(4607, 0, 0, 0, 0, 1, 0, 0, 0, 0, 0, '146007'),
(4608, 0, 0, 0, 0, 1, 0, 0, 0, 0, 0, '146007'),
(4609, 0, 0, 0, 33554432, 1, 0, 0, 0, 0, 0, ''),
(4610, 0, 0, 0, 33554432, 1, 0, 0, 0, 0, 0, ''),
(4611, 0, 0, 0, 8, 1, 0, 0, 0, 0, 0, ''),
(4612, 0, 0, 0, 33554432, 1, 0, 0, 0, 0, 0, ''),
(4613, 0, 0, 0, 33554432, 1, 0, 0, 0, 0, 0, ''),
(4614, 0, 0, 0, 8, 1, 0, 0, 0, 0, 0, ''),
(4615, 0, 0, 0, 33554432, 1, 0, 0, 0, 0, 0, ''),
(4616, 0, 0, 0, 0, 1, 0, 0, 0, 0, 0, '146007'),
(4617, 0, 0, 0, 33554432, 1, 0, 0, 0, 0, 0, ''),
(4629, 0, 0, 0, 33554432, 1, 0, 0, 0, 0, 0, ''),
(4630, 0, 0, 0, 33554432, 1, 0, 0, 0, 0, 0, ''),
(4631, 0, 0, 0, 33554432, 1, 0, 0, 0, 0, 0, ''),
(4632, 0, 0, 0, 33554432, 1, 0, 0, 0, 0, 0, ''),
(4633, 0, 0, 0, 33554432, 1, 0, 0, 0, 0, 0, ''),
(4634, 0, 0, 0, 33554432, 1, 0, 0, 0, 0, 0, ''),
(4635, 0, 0, 0, 33554432, 1, 0, 0, 0, 0, 0, ''),
(4638, 0, 0, 0, 33554432, 1, 0, 0, 0, 0, 0, ''),
(4640, 0, 0, 0, 33554432, 1, 0, 0, 0, 0, 0, ''),
(4641, 0, 0, 0, 33554432, 1, 0, 0, 0, 0, 0, ''),
(4642, 0, 0, 0, 33554432, 1, 0, 0, 0, 0, 0, ''),
(4643, 0, 0, 0, 33554432, 1, 0, 0, 0, 0, 0, ''),
(4645, 0, 0, 0, 33554432, 1, 0, 0, 0, 0, 0, ''),
(4646, 0, 0, 0, 33554432, 1, 0, 0, 0, 0, 0, ''),
(4647, 0, 0, 0, 33554432, 1, 0, 0, 0, 0, 0, ''),
(4649, 0, 0, 0, 33554432, 1, 0, 0, 0, 0, 0, ''),
(4650, 0, 0, 0, 33554432, 1, 0, 0, 0, 0, 0, ''),
(4651, 0, 0, 0, 33554432, 1, 0, 0, 0, 0, 0, ''),
(4652, 0, 0, 0, 33554432, 1, 0, 0, 0, 0, 0, ''),
(4653, 0, 0, 0, 33554432, 1, 0, 0, 0, 0, 0, ''),
(4655, 0, 0, 0, 0, 1, 0, 0, 0, 0, 0, '195110'),
(4656, 0, 0, 0, 33554432, 1, 0, 0, 0, 0, 0, '199313'),
(4659, 0, 0, 0, 33554432, 1, 0, 0, 0, 0, 0, '199313'),
(4661, 0, 0, 0, 0, 1, 0, 0, 0, 0, 0, '146007'),
(4662, 0, 0, 0, 0, 1, 0, 0, 0, 0, 0, '165950 218987'),
(4663, 0, 0, 0, 33554432, 1, 0, 0, 0, 0, 0, '199313'),
(4666, 0, 0, 0, 8, 1, 0, 0, 0, 0, 0, '195110'),
(4667, 0, 0, 0, 33554432, 1, 0, 0, 0, 0, 0, '199313'),
(4668, 0, 0, 0, 33554432, 1, 0, 0, 0, 0, 0, ''),
(4669, 0, 0, 0, 33554432, 1, 0, 0, 0, 0, 0, '199313'),
(4670, 0, 0, 0, 1, 1, 0, 0, 0, 0, 0, ''),
(4671, 0, 0, 0, 33554432, 1, 0, 0, 0, 0, 0, '199313'),
(4674, 0, 0, 0, 33554432, 1, 0, 0, 0, 0, 0, '199313'),
(4675, 0, 0, 0, 33554432, 1, 0, 0, 0, 0, 0, '199313'),
(4676, 0, 0, 0, 0, 1, 0, 0, 0, 0, 0, '195110'),
(4677, 0, 0, 0, 33554432, 1, 0, 0, 0, 0, 0, ''),
(4679, 0, 0, 0, 0, 1, 0, 0, 0, 0, 0, '146007'),
(4680, 0, 0, 0, 0, 1, 0, 0, 0, 0, 0, '195110'),
(4682, 0, 0, 0, 0, 1, 0, 0, 0, 0, 0, '146007'),
(4683, 0, 0, 0, 50331648, 1, 0, 0, 0, 0, 0, ''),
(4684, 0, 0, 0, 0, 1, 0, 0, 0, 0, 0, '146007'),
(4685, 0, 0, 0, 0, 1, 0, 0, 0, 0, 0, '195110'),
(4686, 0, 0, 0, 0, 1, 0, 0, 0, 0, 0, '146007'),
(4687, 0, 0, 0, 0, 1, 0, 0, 0, 0, 0, '195110'),
(4688, 0, 0, 0, 0, 1, 0, 0, 0, 0, 0, '146007'),
(4689, 0, 0, 0, 0, 1, 0, 0, 0, 0, 0, '195110'),
(4690, 0, 0, 0, 0, 1, 0, 0, 0, 0, 0, '146007'),
(4694, 0, 0, 0, 0, 1, 0, 0, 0, 0, 0, '146007'),
(4695, 0, 0, 0, 1, 1, 0, 0, 0, 0, 0, '195110'),
(4696, 0, 0, 0, 0, 1, 0, 0, 0, 0, 0, '195110'),
(4697, 0, 0, 0, 1, 1, 0, 0, 0, 0, 0, ''),
(4698, 0, 0, 0, 0, 1, 0, 0, 0, 0, 0, '146007'),
(4699, 0, 0, 0, 0, 1, 0, 0, 0, 0, 0, '195110'),
(4700, 0, 0, 0, 8, 1, 0, 0, 0, 0, 0, '195110'),
(4701, 0, 0, 0, 0, 1, 0, 0, 0, 0, 0, '146007'),
(4703, 0, 0, 0, 8, 1, 0, 0, 0, 0, 0, '195110'),
(4704, 0, 0, 0, 0, 1, 0, 0, 0, 0, 0, '146007'),
(4705, 0, 0, 0, 0, 1, 0, 0, 0, 0, 0, '146007'),
(4706, 0, 0, 0, 0, 1, 0, 0, 0, 0, 0, '195110'),
(4707, 0, 0, 0, 8, 1, 0, 0, 0, 0, 0, ''),
(4709, 0, 0, 0, 1, 1, 0, 0, 0, 0, 0, ''),
(4710, 0, 0, 0, 0, 1, 0, 0, 0, 0, 0, '195110'),
(4711, 0, 0, 0, 0, 1, 0, 0, 0, 0, 0, '195110'),
(4712, 0, 0, 0, 0, 1, 0, 0, 0, 0, 0, '146007'),
(4713, 0, 0, 0, 0, 1, 0, 0, 0, 0, 0, '195110'),
(4714, 0, 0, 0, 0, 1, 0, 0, 0, 0, 0, '146007'),
(4716, 0, 0, 0, 0, 1, 0, 0, 0, 0, 0, '146007'),
(4717, 0, 0, 0, 0, 1, 0, 0, 0, 0, 0, '195110'),
(4718, 0, 0, 0, 50331648, 1, 0, 0, 0, 0, 0, ''),
(4719, 0, 0, 0, 0, 1, 0, 0, 0, 0, 0, '146007'),
(4720, 0, 0, 0, 0, 1, 0, 0, 0, 0, 0, '146007'),
(4721, 0, 0, 0, 0, 1, 0, 0, 0, 0, 0, '146007'),
(4722, 0, 0, 0, 3, 1, 0, 0, 0, 0, 0, '195110 55701'),
(4723, 0, 0, 0, 1, 1, 0, 0, 0, 0, 0, '195110'),
(4724, 0, 0, 0, 50331648, 1, 0, 0, 0, 0, 0, ''),
(4725, 0, 0, 0, 0, 1, 0, 0, 0, 0, 0, '146007'),
(4727, 0, 0, 0, 0, 1, 0, 0, 0, 0, 0, '146007'),
(4728, 0, 0, 0, 0, 1, 0, 0, 0, 0, 0, '195110'),
(4729, 0, 0, 0, 0, 1, 0, 0, 0, 0, 0, '146007'),
(4730, 0, 0, 0, 0, 1, 0, 0, 0, 0, 0, '146007'),
(4731, 0, 0, 0, 0, 1, 0, 0, 0, 0, 0, '221067'),
(4733, 0, 0, 0, 1, 1, 0, 0, 0, 0, 0, '195110'),
(4734, 0, 0, 0, 0, 1, 0, 0, 0, 0, 0, '195110'),
(4735, 0, 0, 0, 0, 1, 0, 0, 0, 0, 0, '146007'),
(4736, 0, 0, 0, 0, 1, 0, 0, 0, 0, 0, '195110'),
(4737, 0, 0, 0, 0, 1, 0, 0, 0, 0, 0, '146007'),
(4738, 0, 0, 0, 8, 1, 0, 0, 0, 0, 0, ''),
(4740, 0, 0, 0, 0, 1, 0, 0, 0, 0, 0, '146007'),
(4741, 0, 0, 0, 0, 1, 0, 0, 0, 0, 0, '195110'),
(4742, 0, 0, 0, 0, 1, 0, 0, 0, 0, 0, '195110'),
(4743, 0, 0, 0, 0, 1, 0, 0, 0, 0, 0, '146007'),
(4744, 0, 0, 0, 0, 1, 0, 0, 0, 0, 0, '195110'),
(4745, 0, 0, 0, 0, 1, 0, 0, 0, 0, 0, '146007'),
(4746, 0, 0, 0, 0, 1, 0, 0, 0, 0, 0, '146007'),
(4747, 0, 0, 0, 0, 1, 0, 0, 0, 0, 0, '146007'),
(4748, 0, 0, 0, 0, 1, 0, 0, 0, 0, 0, '146007'),
(4749, 0, 0, 0, 50331648, 1, 0, 0, 0, 0, 0, '');


-- creature_template
UPDATE creature_template SET ScriptName = '', AIName = '', faction = 14 WHERE entry = 111042; -- Nightmare Fire
UPDATE creature_template SET ScriptName = '', AIName = '', faction = 16 WHERE entry = 101329; -- Nightmare Bindings
UPDATE creature_template SET ScriptName = '', AIName = 'SmartAI', faction = 16 WHERE entry = 100526; -- Tormented Bloodseeker
UPDATE creature_template SET ScriptName = '', AIName = 'SmartAI', faction = 16 WHERE entry = 100539; -- Taintheart Deadeye
UPDATE creature_template SET ScriptName = '', AIName = 'SmartAI', faction = 16 WHERE entry = 99365; -- Taintheart Stalker
UPDATE creature_template SET ScriptName = '', AIName = 'SmartAI', faction = 16 WHERE entry = 100527; -- Dreadfire Imp
UPDATE creature_template SET ScriptName = 'boss_shade_of_xavius', AIName = '', faction = 1771 WHERE entry = 99192; -- Shade of Xavius
UPDATE creature_template SET ScriptName = '', AIName = 'SmartAI', faction = 16 WHERE entry = 99366; -- Taintheart Summoner
UPDATE creature_template SET ScriptName = 'npc_dresaron_corrupted_dragon_egg', AIName = '', faction = 14 WHERE entry = 100533; -- Corrupted Egg
UPDATE creature_template SET ScriptName = '', AIName = '', faction = 16 WHERE entry = 100529; -- Hatespawn Slime
UPDATE creature_template SET ScriptName = '', AIName = 'SmartAI', faction = 16 WHERE entry = 100531; -- Bloodtainted Fury
UPDATE creature_template SET ScriptName = '', AIName = '', faction = 35 WHERE entry = 100400; -- Dead Perserver Druid
UPDATE creature_template SET ScriptName = '', AIName = 'SmartAI', faction = 16 WHERE entry = 99360; -- Vilethorn Blossom
UPDATE creature_template SET ScriptName = '', AIName = 'SmartAI', faction = 16 WHERE entry = 99358; -- Rotheart Dryad
UPDATE creature_template SET ScriptName = '', AIName = 'SmartAI', faction = 16 WHERE entry = 99359; -- Rotheart Keeper
UPDATE creature_template SET ScriptName = '', AIName = '', faction = 35 WHERE entry = 100404; -- Perserver Ray Invisible Stalker
UPDATE creature_template SET ScriptName = '', AIName = '', faction = 35 WHERE entry = 102851; -- Shield Invisible Stalker
UPDATE creature_template SET ScriptName = 'boss_dresaron', AIName = '', faction = 16 WHERE entry = 99200; -- Dresaron
UPDATE creature_template SET ScriptName = 'boss_archdruid_glaidalis', AIName = '', faction = 16 WHERE entry = 96512; -- Archdruid Glaidalis
UPDATE creature_template SET ScriptName = '', AIName = 'SmartAI', faction = 16 WHERE entry = 95779; -- Festerhide Grizzly
UPDATE creature_template SET ScriptName = '', AIName = 'SmartAI', faction = 16 WHERE entry = 101991; -- Nightmare Dweller
UPDATE creature_template SET ScriptName = '', AIName = 'SmartAI', faction = 16 WHERE entry = 101679; -- Dreadsoul Poisoner
UPDATE creature_template SET ScriptName = 'boss_oakheart', AIName = '', faction = 16 WHERE entry = 103344; -- Oakheart
UPDATE creature_template SET ScriptName = '', AIName = 'SmartAI', faction = 16 WHERE entry = 95766; -- Crazed Razorbeak
UPDATE creature_template SET ScriptName = '', AIName = 'SmartAI', faction = 16 WHERE entry = 95771; -- Dreadsoul Ruiner
UPDATE creature_template SET ScriptName = '', AIName = 'SmartAI', faction = 16 WHERE entry = 95769; -- Mindshattered Screecher
UPDATE creature_template SET ScriptName = '', AIName = 'SmartAI', faction = 16 WHERE entry = 95772; -- Frenzied Nightclaw
UPDATE creature_template SET ScriptName = '', AIName = '', faction = 16 WHERE entry = 101641; -- Mythana

-- =================== SQL DUMP ===================
-- gameobject
DELETE FROM gameobject WHERE guid IN (441,442,443,444,445,446,447,448,449,450,451,452,453,454,455,456,457,458,459,460,461,462,463);
INSERT INTO gameobject (guid, id, map, zoneId, areaId, spawnDifficulties, phaseUseFlags, PhaseId, PhaseGroup, terrainSwapMap, position_x, position_y, position_z, orientation, rotation0, rotation1, rotation2, rotation3, spawntimesecs, animprogress, state, ScriptName, VerifiedBuild) VALUES 
(441, 253982, 1466, 7673, 8099, '1,2,8,23', 0, 0, 0, -1, 2927.1, 1658, 116.461, 4.94749, 0, 0, -0.619299, 0.785155, 7200, 255, 1, '', 23420),
(442, 254855, 1466, 7673, 7673, '1,2,8,23', 0, 0, 0, -1, 2743.45, 1375.14, 128.62, 0.820303, 0, 0, 0.398748, 0.91706, 7200, 255, 0, '', 23420),
(443, 254993, 1466, 7673, 7673, '1,2,8,23', 0, 0, 0, -1, 2861.08, 1996.29, 189.682, 2.79252, 0, 0, 0.984807, 0.173652, 7200, 255, 0, '', 23420),
(444, 254995, 1466, 7673, 7673, '1,2,8,23', 0, 0, 0, -1, 2857.28, 1976.16, 189.017, 2.96704, 0, 0, 0.996194, 0.087165, 7200, 255, 0, '', 23420),
(445, 254994, 1466, 7673, 7673, '1,2,8,23', 0, 0, 0, -1, 2859.24, 1987.81, 189.212, 2.80997, 0, 0, 0.986285, 0.16505, 7200, 255, 0, '', 23420),
(446, 254989, 1466, 7673, 7673, '1,2,8,23', 0, 0, 0, -1, 2913.24, 2015.85, 189.108, 4.72112, 0, 0, -0.704014, 0.710186, 7200, 255, 0, '', 23420),
(447, 254988, 1466, 7673, 7673, '1,2,8,23', 0, 0, 0, -1, 2922.34, 2009.83, 189.125, 3.49067, 0, 0, -0.984807, 0.173652, 7200, 255, 0, '', 23420),
(448, 254991, 1466, 7673, 7673, '1,2,8,23', 0, 0, 0, -1, 2890.12, 2012.3, 188.305, 2.05949, 0, 0, 0.857167, 0.515038, 7200, 255, 0, '', 23420),
(449, 254990, 1466, 7673, 7673, '1,2,8,23', 0, 0, 0, -1, 2899.33, 2014.51, 189.098, 4.56404, 0, 0, -0.757564, 0.65276, 7200, 255, 0, '', 23420),
(450, 254985, 1466, 7673, 7673, '1,2,8,23', 0, 0, 0, -1, 2934.06, 1967.26, 189.387, 3.17653, 0, 0, -0.999847, 0.0174693, 7200, 255, 0, '', 23420),
(451, 254984, 1466, 7673, 7673, '1,2,8,23', 0, 0, 0, -1, 2932.14, 1955.43, 189.754, 2.74016, 0, 0, 0.979924, 0.19937, 7200, 255, 0, '', 23420),
(452, 254987, 1466, 7673, 7673, '1,2,8,23', 0, 0, 0, -1, 2929.77, 1994.47, 188.783, 3.57793, 0, 0, -0.976295, 0.216442, 7200, 255, 0, '', 23420),
(453, 254986, 1466, 7673, 7673, '1,2,8,23', 0, 0, 0, -1, 2932.29, 1982.68, 189.662, 3.27252, 0, 0, -0.997858, 0.0654165, 7200, 255, 0, '', 23420),
(454, 254849, 1466, 7673, 7673, '1,2,8,23', 0, 0, 0, -1, 3059.99, 1526.84, 137.942, 3.86591, -0.0929899, -0.0182762, -0.931452, 0.351307, 7200, 255, 0, '', 23420),
(455, 254851, 1466, 7673, 7673, '1,2,8,23', 0, 0, 0, -1, 2896.71, 1967.35, 189.058, 3.14159, 0, 0, -1, 0, 7200, 255, 1, '', 23420),
(456, 254850, 1466, 7673, 7673, '1,2,8,23', 0, 0, 0, -1, 2986.47, 1533.63, 138.628, 2.08567, 0.0727243, -0.0607643, 0.859197, 0.502792, 7200, 255, 0, '', 23420),
(457, 254997, 1466, 7673, 7673, '1,2,8,23', 0, 0, 0, -1, 2875.44, 1935.15, 189.589, 4.21497, 0, 0, -0.859406, 0.511295, 7200, 255, 0, '', 23420),
(458, 254996, 1466, 7673, 7673, '1,2,8,23', 0, 0, 0, -1, 2858.52, 1962.47, 189.177, 3.34231, 0, 0, -0.994968, 0.100189, 7200, 255, 0, '', 23420),
(459, 254999, 1466, 7673, 7673, '1,2,8,23', 0, 0, 0, -1, 2861.86, 1952.71, 188.693, 3.52557, 0, 0, -0.981627, 0.190812, 7200, 255, 0, '', 23420),
(460, 254998, 1466, 7673, 7673, '1,2,8,23', 0, 0, 0, -1, 2866.86, 1942.31, 189.137, 0.610865, 0, 0, 0.300706, 0.953717, 7200, 255, 0, '', 23420),
(461, 254992, 1466, 7673, 7673, '1,2,8,23', 0, 0, 0, -1, 2879.71, 2010.26, 189.79, 2.05076, 0, 0, 0.854912, 0.518773, 7200, 255, 0, '', 23420),
(462, 252248, 1466, 7673, 7673, '1,2,8,23', 0, 0, 0, -1, 3262.71, 1830.45, 241.638, 0.363358, 0, 0, 0.180681, 0.983542, 7200, 255, 1, '', 23420),
(463, 246779, 1466, 7673, 7673, '23', 0, 0, 0, -1, 3243.22, 1828.55, 235.786, 3.17381, 0, 0, -0.99987, 0.0161086, 300, 255, 1, '', 0);


-- gameobject_addon
DELETE FROM gameobject_addon WHERE guid IN (443);
INSERT INTO gameobject_addon (guid, parent_rotation0, parent_rotation1, parent_rotation2, parent_rotation3, invisibilityType, invisibilityValue, WorldEffectID, AIAnimKitID) VALUES 
(443, 0, 0, 0.889016, 0.457875, 0, 0, 0, 0);


UPDATE `creature_template_addon` SET `auras`='200760' WHERE `entry`=99360; -- 99360 (Vilethorn Blossom) - Ground Roots


UPDATE `creature_template` SET `minlevel`=45, `maxlevel`=45 WHERE `entry`=101329; -- Nightmare Bindings
UPDATE `creature_template` SET `gossip_menu_id`=0, `minlevel`=45, `maxlevel`=45, `npcflag`=0 WHERE `entry`=100652; -- Malfurion Stormrage
UPDATE `creature_template` SET `minlevel`=47, `maxlevel`=47 WHERE `entry`=99192; -- Shade of Xavius
UPDATE `creature_template` SET `minlevel`=45, `maxlevel`=45, `unit_flags3`=16777216 WHERE `entry`=111042; -- Nightmare Fire
UPDATE `creature_template` SET `minlevel`=45, `maxlevel`=45, `unit_flags3`=16777217 WHERE `entry`=111833; -- Thal'kiel
UPDATE `creature_template` SET `minlevel`=45, `maxlevel`=45, `unit_flags3`=16777216 WHERE `entry`=111001; -- Horror Corrupted Egg
UPDATE `creature_template` SET `minlevel`=45, `maxlevel`=45, `unit_flags3`=16777217 WHERE `entry`=101072; -- Corrupted Dragon Egg
UPDATE `creature_template` SET `minlevel`=45, `maxlevel`=45 WHERE `entry`=100526; -- Tormented Bloodseeker
UPDATE `creature_template` SET `minlevel`=45, `maxlevel`=45 WHERE `entry`=99366; -- Taintheart Summoner
UPDATE `creature_template` SET `minlevel`=45, `maxlevel`=45 WHERE `entry`=100527; -- Dreadfire Imp
UPDATE `creature_template` SET `minlevel`=45, `maxlevel`=45 WHERE `entry`=99359; -- Rotheart Keeper
UPDATE `creature_template` SET `minlevel`=45, `maxlevel`=45 WHERE `entry` IN (107638, 100403); -- Druidic Preserver
UPDATE `creature_template` SET `unit_flags3`=16777217 WHERE `entry`=111221; -- Xal'atath
UPDATE `creature_template` SET `minlevel`=45, `maxlevel`=45, `unit_flags3`=16777217 WHERE `entry`=102851; -- Shield Invisible Stalker
UPDATE `creature_template` SET `minlevel`=45, `maxlevel`=45, `unit_flags3`=16777217 WHERE `entry`=100404; -- Perserver Ray Invisible Stalker
UPDATE `creature_template` SET `minlevel`=45, `maxlevel`=45, `unit_flags`=67141696, `dynamicflags`=68 WHERE `entry`=99360; -- Vilethorn Blossom
UPDATE `creature_template` SET `minlevel`=47, `maxlevel`=47, `dynamicflags`=68 WHERE `entry`=99200; -- Dresaron
UPDATE `creature_template` SET `minlevel`=45, `maxlevel`=45 WHERE `entry`=99358; -- Rotheart Dryad
UPDATE `creature_template` SET `minlevel`=45, `maxlevel`=45 WHERE `entry`=99365; -- Taintheart Stalker
UPDATE `creature_template` SET `minlevel`=45, `maxlevel`=45 WHERE `entry`=100539; -- Taintheart Deadeye
UPDATE `creature_template` SET `minlevel`=45, `maxlevel`=45 WHERE `entry`=100531; -- Bloodtainted Fury
UPDATE `creature_template` SET `minlevel`=50, `maxlevel`=50, `unit_flags3`=16777217 WHERE `entry`=120652; -- Global Affix Stalker
UPDATE `creature_template` SET `minlevel`=45, `maxlevel`=45 WHERE `entry`=101991; -- Nightmare Dweller
UPDATE `creature_template` SET `minlevel`=47, `maxlevel`=47, `dynamicflags`=4 WHERE `entry`=96512; -- Archdruid Glaidalis
UPDATE `creature_template` SET `minlevel`=45, `maxlevel`=45 WHERE `entry`=101679; -- Dreadsoul Poisoner
UPDATE `creature_template` SET `minlevel`=45, `maxlevel`=45 WHERE `entry`=95766; -- Crazed Razorbeak
UPDATE `creature_template` SET `minlevel`=47, `maxlevel`=47, `dynamicflags`=4 WHERE `entry`=103344; -- Oakheart
UPDATE `creature_template` SET `minlevel`=45, `maxlevel`=45 WHERE `entry`=100529; -- Hatespawn Slime
UPDATE `creature_template` SET `minlevel`=45, `maxlevel`=45 WHERE `entry`=95772; -- Frenzied Nightclaw
UPDATE `creature_template` SET `minlevel`=45, `maxlevel`=45 WHERE `entry`=95769; -- Mindshattered Screecher
UPDATE `creature_template` SET `minlevel`=46, `maxlevel`=46 WHERE `entry`=95779; -- Festerhide Grizzly
UPDATE `creature_template` SET `minlevel`=45, `maxlevel`=45, `unit_flags3`=16777217 WHERE `entry`=100533; -- Corrupted Egg
UPDATE `creature_template` SET `minlevel`=45, `maxlevel`=45 WHERE `entry`=95771; -- Dreadsoul Ruiner
UPDATE `creature_template` SET `minlevel`=45, `maxlevel`=45, `unit_flags3`=16777217 WHERE `entry`=100400; -- Dead Perserver Druid


UPDATE `instance_template` SET `script`='instance_darkheart_thicket' WHERE  `map`=1466;


update creature_template set scriptname = "npc_dresaron_corrupted_dragon_egg"	where entry = "101072";
update creature_template set scriptname = "npc_dt_trash_vile_mushroom"	where entry = "100960";
update creature_template set scriptname = "npc_dt_malfurion_stormrage"	where entry = "100652";
update creature_template set scriptname = "npc_dresaron_corrupted_dragon_egg"	where entry = "100533";
update creature_template set scriptname = "boss_dresaron"	where entry = "99200";
update creature_template set scriptname = "boss_shade_of_xavius"	where entry = "99192";
update creature_template set scriptname = "boss_archdruid_glaidalis"	where entry = "96512";

REPLACE INTO `spell_script_names` (`spell_id`, `ScriptName`) VALUES (196346, 'spell_archdruid_glaidalis_grevious_leap_target');
REPLACE INTO `spell_script_names` (`spell_id`, `ScriptName`) VALUES (196348, 'spell_archdruid_glaidalis_grevious_leap_first');
REPLACE INTO `spell_script_names` (`spell_id`, `ScriptName`) VALUES (196354, 'spell_archdruid_glaidalis_grevious_leap_damage');
REPLACE INTO `spell_script_names` (`spell_id`, `ScriptName`) VALUES (198379, 'spell_archdruid_glaidalis_primal_rage_charge');
REPLACE INTO `spell_script_names` (`spell_id`, `ScriptName`) VALUES (199060, 'spell_oakheart_strangling_roots_summon');
REPLACE INTO `spell_script_names` (`spell_id`, `ScriptName`) VALUES (199313, 'spell_dt_trash_hatch_whelpling');
REPLACE INTO `spell_script_names` (`spell_id`, `ScriptName`) VALUES (200050, 'spell_shade_of_xavius_apocalyptic_nightmare');
REPLACE INTO `spell_script_names` (`spell_id`, `ScriptName`) VALUES (200359, 'spell_shade_of_xavius_induced_paranoia_target');
REPLACE INTO `spell_script_names` (`spell_id`, `ScriptName`) VALUES (200658, 'spell_dt_trash_star_shower');
REPLACE INTO `spell_script_names` (`spell_id`, `ScriptName`) VALUES (204243, 'spell_dt_trash_tormenting_eye');
REPLACE INTO `spell_script_names` (`spell_id`, `ScriptName`) VALUES (204574, 'spell_oakheart_strangling_roots_target');
REPLACE INTO `spell_script_names` (`spell_id`, `ScriptName`) VALUES (204808, 'spell_shade_of_xavius_nightmare_bolt_target');



UPDATE `creature_equip_template` SET `VerifiedBuild`=45114 WHERE (`ID`=1 AND `CreatureID` IN (99366,100539,100400,99358,107638,96512,95771,101679,100403,112021,93155,104220,114929,114880,116206,115273,115272,104998,115279,99581,105372,103089,105759,99762,109954,113633,103626,96803,32252,32251,96801,96804,97792,96802,120412,93536,120420,120423,120422,120417,120416,120419,106263,106262,120413,104091,96780,97141,108628,102266,94197,98723,96444,113780,113783,96779,96778,113779,111246,97515,92489,113813,111243,96786)) OR (`ID`=2 AND `CreatureID`=120415);

DELETE FROM `areatrigger_template` WHERE (`Id`=12800 AND `IsServerSide`=0);
INSERT INTO `areatrigger_template` (`Id`, `IsServerSide`, `Type`, `Flags`, `Data0`, `Data1`, `Data2`, `Data3`, `Data4`, `Data5`, `VerifiedBuild`) VALUES
(12800, 0, 0, 0, 75, 75, 0, 0, 0, 0, 45114);

UPDATE `areatrigger_template` SET `VerifiedBuild`=45114 WHERE (`IsServerSide`=0 AND `Id` IN (10343,12695,10424,10253,24355,10725,10154,10152,12467,10660));
UPDATE `areatrigger_template` SET `Data0`=3, `Data1`=3, `VerifiedBuild`=45114 WHERE (`Id`=10154 AND `IsServerSide`=0);
UPDATE `areatrigger_template` SET `Data0`=3, `Data1`=3, `VerifiedBuild`=45114 WHERE (`Id`=10154 AND `IsServerSide`=0);
UPDATE `areatrigger_template` SET `Data0`=3, `Data1`=3, `VerifiedBuild`=45114 WHERE (`Id`=10154 AND `IsServerSide`=0);
UPDATE `areatrigger_template` SET `Data0`=3, `Data1`=3, `VerifiedBuild`=45114 WHERE (`Id`=10154 AND `IsServerSide`=0);
UPDATE `areatrigger_template` SET `Data0`=3, `Data1`=3, `VerifiedBuild`=45114 WHERE (`Id`=10154 AND `IsServerSide`=0);
UPDATE `areatrigger_template` SET `Data0`=3, `Data1`=3, `VerifiedBuild`=45114 WHERE (`Id`=10154 AND `IsServerSide`=0);
UPDATE `areatrigger_template` SET `Data0`=3, `Data1`=3, `VerifiedBuild`=45114 WHERE (`Id`=10154 AND `IsServerSide`=0);
UPDATE `areatrigger_template` SET `Data0`=3, `Data1`=3, `VerifiedBuild`=45114 WHERE (`Id`=10154 AND `IsServerSide`=0);
UPDATE `areatrigger_template` SET `Data0`=3, `Data1`=3, `VerifiedBuild`=45114 WHERE (`Id`=10154 AND `IsServerSide`=0);
UPDATE `areatrigger_template` SET `Data0`=3, `Data1`=3, `VerifiedBuild`=45114 WHERE (`Id`=10154 AND `IsServerSide`=0);
UPDATE `areatrigger_template` SET `Data0`=3, `Data1`=3, `VerifiedBuild`=45114 WHERE (`Id`=10154 AND `IsServerSide`=0);
UPDATE `areatrigger_template` SET `Data0`=3, `Data1`=3, `VerifiedBuild`=45114 WHERE (`Id`=10154 AND `IsServerSide`=0);
UPDATE `areatrigger_template` SET `Data0`=3, `Data1`=3, `VerifiedBuild`=45114 WHERE (`Id`=10154 AND `IsServerSide`=0);
UPDATE `areatrigger_template` SET `Data0`=3, `Data1`=3, `VerifiedBuild`=45114 WHERE (`Id`=10154 AND `IsServerSide`=0);
UPDATE `areatrigger_template` SET `Data0`=3, `Data1`=3, `VerifiedBuild`=45114 WHERE (`Id`=10154 AND `IsServerSide`=0);
UPDATE `areatrigger_template` SET `Data0`=3, `Data1`=3, `VerifiedBuild`=45114 WHERE (`Id`=10154 AND `IsServerSide`=0);
UPDATE `areatrigger_template` SET `Data0`=3, `Data1`=3, `VerifiedBuild`=45114 WHERE (`Id`=10154 AND `IsServerSide`=0);
UPDATE `areatrigger_template` SET `Data0`=3, `Data1`=3, `VerifiedBuild`=45114 WHERE (`Id`=10154 AND `IsServerSide`=0);
UPDATE `areatrigger_template` SET `Data0`=3, `Data1`=3, `VerifiedBuild`=45114 WHERE (`Id`=10154 AND `IsServerSide`=0);
UPDATE `areatrigger_template` SET `Data0`=3, `Data1`=3, `VerifiedBuild`=45114 WHERE (`Id`=10154 AND `IsServerSide`=0);

DELETE FROM `areatrigger_create_properties` WHERE `Id` IN (8082 /*SpellId : 200289*/, 5529 /*SpellId : 199345*/, 5714 /*SpellId : 201226*/, 6037 /*SpellId : 199067*/, 5445 /*SpellId : 198402*/, 5451 /*SpellId : 198464*/, 5443 /*SpellId : 198379*/);
INSERT INTO `areatrigger_create_properties` (`Id`, `AreaTriggerId`, `MoveCurveId`, `ScaleCurveId`, `MorphCurveId`, `FacingCurveId`, `AnimId`, `AnimKitId`, `DecalPropertiesId`, `TimeToTarget`, `TimeToTargetScale`, `Shape`, `ShapeData0`, `ShapeData1`, `ShapeData2`, `ShapeData3`, `ShapeData4`, `ShapeData5`, `ShapeData6`, `ShapeData7`, `VerifiedBuild`) VALUES
(8082, 10343, 0, 2064, 0, 0, -1, 0, 34, 0, 19999, 0, 7.5, 7.5, 0, 0, 0, 0, 0, 0, 45114), -- SpellId : 200289
(5529, 12800, 0, 0, 0, 0, -1, 0, 0, 0, 8000, 0, 75, 75, 0, 0, 0, 0, 0, 0, 45114), -- SpellId : 199345
(5714, 10424, 0, 0, 0, 0, -1, 0, 0, 0, 2500, 0, 5, 5, 0, 0, 0, 0, 0, 0, 45114), -- SpellId : 201226
(6037, 10725, 0, 0, 0, 0, -1, 0, 0, 0, 0, 0, 2.25, 2.25, 0, 0, 0, 0, 0, 0, 45114), -- SpellId : 199067
(5445, 10154, 0, 1838, 0, 0, -1, 0, 34, 0, 300000, 0, 4, 4, 0, 0, 0, 0, 0, 0, 45114), -- SpellId : 198402
(5451, 10154, 0, 1839, 0, 0, -1, 0, 34, 0, 300000, 0, 3, 3, 0, 0, 0, 0, 0, 0, 45114), -- SpellId : 198464
(5443, 10152, 0, 0, 0, 0, -1, 0, 0, 0, 3000, 0, 4, 4, 0, 0, 0, 0, 0, 0, 45114); -- SpellId : 198379

UPDATE areatrigger_create_properties SET scriptname = 'at_dresaron_down_draft' WHERE areatriggerid = 10771;
UPDATE areatrigger_create_properties SET scriptname = 'at_dt_trash_propelling_charge' WHERE areatriggerid = 10377;
UPDATE areatrigger_create_properties SET scriptname = 'at_shade_of_xavius_growing_paranoia' WHERE areatriggerid = 10343;
UPDATE areatrigger_create_properties SET scriptname = 'at_dt_trash_vile_mushroom' WHERE areatriggerid = 10193;
UPDATE areatrigger_create_properties SET scriptname = 'at_dt_trash_blood_assault' WHERE areatriggerid = 10424;
UPDATE areatrigger_create_properties SET scriptname = 'at_archdruid_glaidalis_nightfall' WHERE areatriggerid = 10154;
UPDATE areatrigger_create_properties SET scriptname = 'at_archdruid_glaidalis_primal_rage' WHERE areatriggerid = 10152;
UPDATE areatrigger_create_properties SET scriptname = 'at_oakheart_strangling_roots' WHERE areatriggerid = 10725;


UPDATE `areatrigger_create_properties` SET `AnimId`=-1, `TimeToTargetScale`=30000, `ShapeData0`=8, `ShapeData1`=8, `VerifiedBuild`=45114 WHERE `Id`=5542; -- SpellId : 199458
UPDATE `areatrigger_create_properties` SET `AnimId`=-1, `TimeToTargetScale`=30000, `ShapeData0`=8, `ShapeData1`=8, `VerifiedBuild`=45114 WHERE `Id`=5542; -- SpellId : 199458
UPDATE `areatrigger_create_properties` SET `VerifiedBuild`=45114 WHERE `Id`=20460;
UPDATE `areatrigger_create_properties` SET `VerifiedBuild`=45114 WHERE `Id`=20460;
UPDATE `areatrigger_create_properties` SET `VerifiedBuild`=45114 WHERE `Id`=8557;
UPDATE `areatrigger_create_properties` SET `VerifiedBuild`=45114 WHERE `Id`=8557;
UPDATE `areatrigger_create_properties` SET `VerifiedBuild`=45114 WHERE `Id`=8557;
UPDATE `areatrigger_create_properties` SET `AnimId`=-1, `ShapeData0`=18, `ShapeData1`=18, `VerifiedBuild`=45114 WHERE `Id`=5972; -- SpellId : 203761
UPDATE `areatrigger_create_properties` SET `AnimId`=-1, `ShapeData0`=18, `ShapeData1`=18, `VerifiedBuild`=45114 WHERE `Id`=5972; -- SpellId : 203761
UPDATE `areatrigger_create_properties` SET `AnimId`=-1, `ShapeData0`=18, `ShapeData1`=18, `VerifiedBuild`=45114 WHERE `Id`=5972; -- SpellId : 203761
UPDATE `areatrigger_create_properties` SET `AnimId`=-1, `ShapeData0`=18, `ShapeData1`=18, `VerifiedBuild`=45114 WHERE `Id`=5972; -- SpellId : 203761
UPDATE `areatrigger_create_properties` SET `AnimId`=-1, `ShapeData0`=18, `ShapeData1`=18, `VerifiedBuild`=45114 WHERE `Id`=5972; -- SpellId : 203761
UPDATE `areatrigger_create_properties` SET `AnimId`=-1, `ShapeData0`=18, `ShapeData1`=18, `VerifiedBuild`=45114 WHERE `Id`=5972; -- SpellId : 203761
UPDATE `areatrigger_create_properties` SET `AnimId`=-1, `ShapeData0`=18, `ShapeData1`=18, `VerifiedBuild`=45114 WHERE `Id`=5972; -- SpellId : 203761
UPDATE `areatrigger_create_properties` SET `AnimId`=-1, `ShapeData0`=18, `ShapeData1`=18, `VerifiedBuild`=45114 WHERE `Id`=5972; -- SpellId : 203761
UPDATE `areatrigger_create_properties` SET `AnimId`=-1, `ShapeData0`=18, `ShapeData1`=18, `VerifiedBuild`=45114 WHERE `Id`=5972; -- SpellId : 213486



UPDATE `conversation_actors` SET `VerifiedBuild`=45114 WHERE (`Idx`=0 AND `ConversationId` IN (1213,1211,1212)) OR (`Idx`=1 AND `ConversationId` IN (1213,1211,1212));


UPDATE `conversation_line_template` SET `VerifiedBuild`=45114 WHERE `Id` IN (2875, 2874, 2873, 2868, 2867, 2866, 2872, 2871, 2870);


UPDATE `conversation_template` SET `VerifiedBuild`=45114 WHERE `Id`=1213;
UPDATE `conversation_template` SET `VerifiedBuild`=45114 WHERE `Id`=1212;
UPDATE `conversation_template` SET `VerifiedBuild`=45114 WHERE `Id`=1211;


DELETE FROM `gameobject_template_addon` WHERE `entry` IN (242670 /*Treasure Chest*/, 257289 /*Elven Treasure Chest*/, 248539 /*Blooming Nightmare Flower*/, 242646 /*Small Treasure Chest*/, 254126 /*Small Treasure Chest*/, 252813 /*Small Treasure Chest*/, 252261 /*Leyline Feed*/, 245328 /*Enchanted Scroll*/, 253144 /*Teleportation Nexus*/, 265435 /*Ancient Seed Holder*/, 257291 /*Nightborne Treasure Chest*/, 249021 /*Enchanted Party Mask*/, 252806 /*Small Treasure Chest*/, 252860 /*Small Treasure Chest*/, 247050 /*Mornath's Curio Chest*/, 266103 /*Courier Bag*/, 253135 /*Teleporter*/, 249697 /*Lunastre Memorial*/);
INSERT INTO `gameobject_template_addon` (`entry`, `faction`, `flags`, `WorldEffectID`, `AIAnimKitID`) VALUES
(242670, 0, 2113536, 2437, 0), -- Treasure Chest
(257289, 0, 0, 2437, 0), -- Elven Treasure Chest
(248539, 0, 4, 0, 0), -- Blooming Nightmare Flower
(242646, 0, 2113536, 2437, 0), -- Small Treasure Chest
(254126, 0, 0, 2437, 0), -- Small Treasure Chest
(252813, 0, 2113536, 2437, 0), -- Small Treasure Chest
(252261, 0, 4, 0, 0), -- Leyline Feed
(245328, 0, 4, 0, 0), -- Enchanted Scroll
(253144, 0, 0, 0, 11129), -- Teleportation Nexus
(265435, 0, 36, 0, 0), -- Ancient Seed Holder
(257291, 0, 0, 2437, 0), -- Nightborne Treasure Chest
(249021, 0, 2113540, 0, 0), -- Enchanted Party Mask
(252806, 0, 2113536, 2437, 0), -- Small Treasure Chest
(252860, 0, 2113536, 2437, 0), -- Small Treasure Chest
(247050, 0, 2113540, 0, 0), -- Mornath's Curio Chest
(266103, 0, 4, 0, 0), -- Courier Bag
(253135, 114, 0, 0, 0), -- Teleporter
(249697, 0, 262144, 0, 0); -- Lunastre Memorial

UPDATE `gameobject_template_addon` SET `WorldEffectID`=2437 WHERE `entry`=242959; -- Treasure Chest
UPDATE `gameobject_template_addon` SET `flags`=2375680, `WorldEffectID`=6658 WHERE `entry`=252774; -- Ancient Mana Crystal
UPDATE `gameobject_template_addon` SET `flags`=2113540 WHERE `entry`=249345; -- Overlooked Crate
UPDATE `gameobject_template_addon` SET `flags`=4 WHERE `entry`=245507; -- Supply Cache
UPDATE `gameobject_template_addon` SET `WorldEffectID`=6658 WHERE `entry`=260498; -- Leypetal Blossom
UPDATE `gameobject_template_addon` SET `WorldEffectID`=6658 WHERE `entry`=252408; -- Ancient Mana Shard
UPDATE `gameobject_template_addon` SET `AIAnimKitID`=9192 WHERE `entry`=280897; -- Blue
UPDATE `gameobject_template_addon` SET `AIAnimKitID`=9192 WHERE `entry`=280896; -- Red
UPDATE `gameobject_template_addon` SET `AIAnimKitID`=9192 WHERE `entry`=280899; -- Yellow
UPDATE `gameobject_template_addon` SET `AIAnimKitID`=9192 WHERE `entry`=280898; -- Green
UPDATE `gameobject_template_addon` SET `AIAnimKitID`=9192 WHERE `entry`=280901; -- All (Always Collision)
UPDATE `gameobject_template_addon` SET `AIAnimKitID`=9192 WHERE `entry`=280900; -- All
UPDATE `gameobject_template_addon` SET `AIAnimKitID`=9885 WHERE `entry`=251286; -- Illidari Gateway
UPDATE `gameobject_template_addon` SET `AIAnimKitID`=1256 WHERE `entry`=251579; -- Illidari Gateway


DELETE FROM `creature_template_addon` WHERE `entry` IN (112052 /*112052 (Vilepetal Rooter) - Ground Roots*/, 112021 /*112021 (Dreadheart Ruiner) - Dungeon Temp Nightmare Shader*/, 97548 /*97548 (Shala'nir Druid) - Permanent Feign Death, Tainted Dagger*/, 97565 /*97565 (Nightmare Totem) - Red Aura - Self*/, 97554 /*97554 (Shala'nir Druid) - Permanent Feign Death, Tainted Dagger*/, 97504 /*97504 (Wraithtalon) - Wraithtalon's Corruption*/, 92783 /*92783 (Elothir) - Ride Vehicle Hardcoded*/, 95951 /*95951 (Dreadsting Lurker)*/, 94485 /*94485 (Pollous the Fetid) - Nightmare Aura, Aquatic Corruption*/, 106842 /*106842 (Creeping Horror) - Creeping Amalgamation, Water Walking*/, 95117 /*95117 (Aldos Duskwing)*/, 94863 /*94863 (Mender Onelle)*/, 106288 /*106288 (Sylvan Bear) - Cosmetic - Sleep Zzz*/, 114720 /*114720 (Font of Arcane Energy) - Arcane Font Area Aura*/, 97547 /*97547 (Vale Flitter)*/, 92388 /*92388 (Vale Flitter)*/, 106086 /*106086 (Distressed Whelpling)*/, 99910 /*99910 (Dream Warden)*/, 106286 /*106286 (Sylvan Owl)*/, 109809 /*109809 (Deepwoods Owl)*/, 104147 /*104147 (Nightmarish Grizzly) - Nightmare Aura*/, 112444 /*112444 (Highland Skyraptor)*/, 105563 /*105563 (Enthralled Feathermane Kitten)*/, 104480 /*104480 (Feathermane Kitten) - Ride Vehicle Hardcoded*/, 104220 /*104220 (Starving Ettin)*/, 103816 /*103816 (Petrified Nightsaber) - Stone*/, 103616 /*103616 (Moonwhisper Stalker)*/, 104234 /*104234 (Val'sharah Refugee)*/, 103549 /*103549 (Wild Moonfall Hippogryph)*/, 104226 /*104226 (Gloomfang)*/, 98720 /*98720 (Ske'rit)*/, 106869 /*106869 (Snarler Pup)*/, 103811 /*103811 (Starclutch Hatchling)*/, 104224 /*104224 (Suramar Snarler)*/, 103540 /*103540 (Starclutch Screecher)*/, 109022 /*109022 (Arcane Ward) - Arcane Ward Visual, Arcane Ward*/, 112336 /*112336 (Meredil Glider)*/, 113184 /*113184 (Cunning Bushtail) - Sleeping Sleep*/, 99749 /*99749 (Moonlight Hunter) - Sleeping Sleep*/, 73543 /*73543 (Flamering Moth)*/, 113190 /*113190 (Meredil Thrashmaw) - Sleeping Sleep*/, 107028 /*107028 (Arcane Circle) - Create Smuggler Area Trigger*/, 107947 /*107947 (Flare Bunny)*/, 114845 /*114845 (Pyrestar Demolisher)*/, 65209 /*65209 (Dancing Water Skimmer) - Water Walking*/, 113818 /*113818 (Glitterpool Chick) - Permanent Feign Death (Burned, Fel)*/, 102960 /*102960 (Glitterpool Heron) - Permanent Feign Death (Burned, Fel)*/, 102415 /*102415 (Suramar Skyhunter) - Permanent Feign Death (Burned, Fel)*/, 113752 /*113752 (Shal'dorei Civilian) - Permanent Feign Death (Burned, Fel)*/, 101878 /*101878 (Felsoul Inquisitor) - Fel Channelling*/, 106532 /*106532 (Inquisitor Volitix) - Fel Channelling*/, 115279 /*115279 (Shal'dorei Insurgent) - No NPC Damage Below Override Points%*/, 115272 /*115272 (Felsworn Overseer) - No NPC Damage Below Override Points%*/, 115273 /*115273 (Felborne Sorcerer) - Detector, Invisibility and Stealth Detection*/, 113601 /*113601 (Totally Generic GIGANTIC Bunny (JSB))*/, 99581 /*99581 (Wrathguard Fury) - Flurry*/, 88989 /*88989 (Violet Firefly)*/, 100742 /*100742 (Portal Crystal)*/, 116206 /*116206 (Felsoul Wrathguard) - Flurry*/, 105411 /*105411 (Djinn) - Party Costume Vertex*/, 105397 /*105397 (Cloud Serpent) - Party Costume Vertex*/, 105589 /*105589 (Jellyfish) - Party Costume Vertex*/, 105595 /*105595 (Water Bubble) - Party Costume Vertex*/, 105395 /*105395 (Goldfish) - Party Costume Vertex*/, 105759 /*105759 (High Mage of the Duskwatch) - Detector, Invisibility and Stealth Detection*/, 106873 /*106873 (Font of Arcane Energy) - Arcane Font Area Aura*/, 105401 /*105401 (Warden Owl) - Party Costume Vertex*/, 105837 /*105837 (Nightborne Lush) - Holding Wine Glass*/, 105836 /*105836 (Nightborne Socialite)*/, 105835 /*105835 (Lunastre Attendant) - Serving Platter Male, Servant Mask*/, 105351 /*105351 (Masqued Reveler) - Enchanted Party Mask, Party Costume Vertex, Party Costume Phoenix*/, 107567 /*107567 (Suramar Shieldguard)*/, 113606 /*113606 (Ley Ward) - Cosmetic Ley Ward Visual*/, 73828 /*73828 (Flamering Moth)*/, 109954 /*109954 (Magister Phaedris) - Illusions Explode Area Trigger, Magister Phaedris - Level 3*/, 109950 /*109950 (Unstable Illusion) - Party Costume Moth*/, 113633 /*113633 (Doomguard Executioner) - Demonic Vision, Invisibility and Stealth Detection*/, 113124 /*113124 (Screeching Hag-Sister)*/, 110949 /*110949 (Screeching Harridan)*/, 96797 /*96797 (Nargut)*/, 96798 /*96798 (Rhukah)*/, 96801 /*96801 (Kyunghee)*/, 96805 /*96805 (Mato)*/, 107326 /*107326 (Draemus) - [DND] Dalaran - Shop Keeper Greeting*/, 97767 /*97767 (Hexpriest)*/, 106951 /*106951 (Advisor Stillwater)*/, 97792 /*97792 (Sun Priest)*/, 120415 /*120415 (Highlord Darion Mograine)*/, 108628 /*108628 (Armond Thaco) - Truthguard Area Trigger*/, 97339 /*97339 (Cho Ironpalm)*/, 96777 /*96777 (Jarold Puller)*/, 96788 /*96788 (Jessa Weaver)*/, 96837 /*96837 (Babagahnoosh the Grumpy)*/, 97725 /*97725 (Priestess of Elune)*/, 96813 /*96813 (Aludane Whitecloud)*/, 96836 /*96836 (Magus Fansy Goodbringer)*/, 106528 /*106528 (Flower Pot)*/, 96829 /*96829 (Arcanist Alec)*/, 97001 /*97001 (Orton Bennet)*/, 96830 /*96830 (Linda Ann Kastinglow)*/, 124678 /*124678 (Dalaran Citizen)*/, 113780 /*113780 (Innocent Jim)*/, 113783 /*113783 (Savash Windcaller) - Dual Wield*/, 102266 /*102266 (Violet Hold Guard) - Permanent Feign Death (NO Stun, Untrackable, Immune)*/, 96779 /*96779 (Dagna Flintlock)*/, 99350 /*99350 (Shannon Noel) - Cosmetic - Reading Book*/, 96778 /*96778 (Aemara) - [DND] Dalaran - Shop Keeper Greeting*/, 113779 /*113779 (Sister Might) - Dual Wield*/, 92489 /*92489 (Mei Francis)*/, 113813 /*113813 (Lieutenant Sinclari)*/, 97009 /*97009 (Jawknee)*/, 118524 /*118524 (Dalaran Crystal)*/, 97011 /*97011 (Valaden Silverblade)*/, 96787 /*96787 (Warcaster Fanoraithe)*/, 104091 /*104091 (Kirin Tor Guardian) - Molten Armor*/, 101436 /*101436 (Wormhole)*/, 96786 /*96786 (Archmage Celindra)*/, 97007 /*97007 (Kerta the Bold)*/);
INSERT INTO `creature_template_addon` (`entry`, `path_id`, `mount`, `bytes1`, `bytes2`, `emote`, `aiAnimKit`, `movementAnimKit`, `meleeAnimKit`, `visibilityDistanceType`, `auras`) VALUES
(112052, 0, 0, 0, 1, 0, 0, 0, 0, 0, '200760'), -- 112052 (Vilepetal Rooter) - Ground Roots
(112021, 0, 0, 8, 1, 0, 0, 0, 0, 0, '195110'), -- 112021 (Dreadheart Ruiner) - Dungeon Temp Nightmare Shader
(97548, 0, 0, 262144, 1, 0, 0, 0, 0, 0, '130966 192445'), -- 97548 (Shala'nir Druid) - Permanent Feign Death, Tainted Dagger
(97565, 0, 0, 0, 1, 0, 0, 0, 0, 0, '193000'), -- 97565 (Nightmare Totem) - Red Aura - Self
(97554, 0, 0, 262144, 1, 0, 0, 0, 0, 0, '130966 192469'), -- 97554 (Shala'nir Druid) - Permanent Feign Death, Tainted Dagger
(97504, 0, 0, 50331648, 1, 0, 0, 0, 0, 3, '212536'), -- 97504 (Wraithtalon) - Wraithtalon's Corruption
(92783, 0, 0, 0, 1, 0, 0, 0, 0, 3, '46598'), -- 92783 (Elothir) - Ride Vehicle Hardcoded
(95951, 0, 0, 50331648, 1, 0, 0, 0, 0, 0, ''), -- 95951 (Dreadsting Lurker)
(94485, 0, 0, 0, 1, 0, 0, 0, 0, 0, '208474 212963'), -- 94485 (Pollous the Fetid) - Nightmare Aura, Aquatic Corruption
(106842, 0, 0, 0, 1, 0, 0, 0, 0, 0, '213766 113160'), -- 106842 (Creeping Horror) - Creeping Amalgamation, Water Walking
(95117, 0, 0, 1, 1, 0, 0, 0, 0, 0, ''), -- 95117 (Aldos Duskwing)
(94863, 0, 0, 1, 1, 0, 0, 0, 0, 0, ''), -- 94863 (Mender Onelle)
(106288, 0, 0, 0, 1, 0, 0, 0, 0, 0, '145953'), -- 106288 (Sylvan Bear) - Cosmetic - Sleep Zzz
(114720, 0, 0, 0, 1, 0, 0, 0, 0, 0, '228419'), -- 114720 (Font of Arcane Energy) - Arcane Font Area Aura
(97547, 0, 0, 50331648, 1, 0, 0, 0, 0, 0, ''), -- 97547 (Vale Flitter)
(92388, 0, 0, 50331648, 1, 0, 0, 0, 0, 0, ''), -- 92388 (Vale Flitter)
(106086, 0, 0, 50331648, 1, 0, 0, 0, 0, 0, ''), -- 106086 (Distressed Whelpling)
(99910, 0, 0, 3, 1, 0, 0, 0, 0, 3, ''), -- 99910 (Dream Warden)
(106286, 0, 0, 1, 1, 0, 0, 0, 0, 0, ''), -- 106286 (Sylvan Owl)
(109809, 0, 0, 1, 1, 0, 0, 0, 0, 0, ''), -- 109809 (Deepwoods Owl)
(104147, 0, 0, 3, 1, 0, 0, 0, 0, 0, '212515'), -- 104147 (Nightmarish Grizzly) - Nightmare Aura
(112444, 0, 0, 50331648, 1, 0, 0, 0, 0, 0, ''), -- 112444 (Highland Skyraptor)
(105563, 0, 0, 1, 1, 0, 0, 0, 0, 0, ''), -- 105563 (Enthralled Feathermane Kitten)
(104480, 0, 0, 0, 1, 0, 0, 0, 0, 0, '46598'), -- 104480 (Feathermane Kitten) - Ride Vehicle Hardcoded
(104220, 0, 0, 0, 1, 0, 0, 0, 0, 3, ''), -- 104220 (Starving Ettin)
(103816, 0, 0, 0, 1, 0, 10421, 0, 0, 0, '168975'), -- 103816 (Petrified Nightsaber) - Stone
(103616, 0, 0, 1, 1, 0, 0, 0, 0, 0, ''), -- 103616 (Moonwhisper Stalker)
(104234, 0, 0, 3, 1, 0, 0, 0, 0, 0, ''), -- 104234 (Val'sharah Refugee)
(103549, 0, 0, 50331648, 1, 0, 0, 0, 0, 0, ''), -- 103549 (Wild Moonfall Hippogryph)
(104226, 0, 0, 1, 1, 0, 0, 0, 0, 0, ''), -- 104226 (Gloomfang)
(98720, 0, 0, 0, 257, 0, 0, 0, 0, 0, ''), -- 98720 (Ske'rit)
(106869, 0, 0, 3, 1, 0, 0, 0, 0, 0, ''), -- 106869 (Snarler Pup)
(103811, 0, 0, 1, 1, 0, 0, 0, 0, 0, ''), -- 103811 (Starclutch Hatchling)
(104224, 0, 0, 3, 1, 0, 0, 0, 0, 0, ''), -- 104224 (Suramar Snarler)
(103540, 0, 0, 50331648, 1, 0, 0, 0, 0, 0, ''), -- 103540 (Starclutch Screecher)
(109022, 0, 0, 0, 1, 0, 0, 0, 0, 0, '204889 216836'), -- 109022 (Arcane Ward) - Arcane Ward Visual, Arcane Ward
(112336, 0, 0, 0, 1, 0, 11737, 0, 0, 0, ''), -- 112336 (Meredil Glider)
(113184, 0, 0, 0, 1, 0, 0, 0, 0, 0, '152209'), -- 113184 (Cunning Bushtail) - Sleeping Sleep
(99749, 0, 0, 0, 1, 0, 0, 0, 0, 0, '152209'), -- 99749 (Moonlight Hunter) - Sleeping Sleep
(73543, 0, 0, 50331648, 1, 0, 0, 0, 0, 0, ''), -- 73543 (Flamering Moth)
(113190, 0, 0, 0, 1, 0, 0, 0, 0, 0, '152209'), -- 113190 (Meredil Thrashmaw) - Sleeping Sleep
(107028, 0, 0, 0, 1, 0, 0, 0, 0, 0, '212538'), -- 107028 (Arcane Circle) - Create Smuggler Area Trigger
(107947, 0, 0, 0, 1, 0, 0, 0, 0, 4, ''), -- 107947 (Flare Bunny)
(114845, 0, 0, 0, 1, 0, 0, 0, 0, 3, ''), -- 114845 (Pyrestar Demolisher)
(65209, 0, 0, 0, 1, 0, 0, 0, 0, 0, '113160'), -- 65209 (Dancing Water Skimmer) - Water Walking
(113818, 0, 0, 262144, 1, 0, 0, 0, 0, 0, '186571'), -- 113818 (Glitterpool Chick) - Permanent Feign Death (Burned, Fel)
(102960, 0, 0, 262144, 1, 0, 0, 0, 0, 0, '186571'), -- 102960 (Glitterpool Heron) - Permanent Feign Death (Burned, Fel)
(102415, 0, 0, 50593792, 1, 0, 0, 0, 0, 0, '186571'), -- 102415 (Suramar Skyhunter) - Permanent Feign Death (Burned, Fel)
(113752, 0, 0, 262144, 1, 0, 0, 0, 0, 0, '186571'), -- 113752 (Shal'dorei Civilian) - Permanent Feign Death (Burned, Fel)
(101878, 0, 0, 0, 1, 0, 0, 0, 0, 0, '188485'), -- 101878 (Felsoul Inquisitor) - Fel Channelling
(106532, 0, 0, 0, 1, 0, 0, 0, 0, 0, '188485'), -- 106532 (Inquisitor Volitix) - Fel Channelling
(115279, 0, 0, 0, 1, 0, 0, 0, 0, 0, '155893'), -- 115279 (Shal'dorei Insurgent) - No NPC Damage Below Override Points%
(115272, 0, 0, 0, 1, 0, 0, 0, 0, 0, '155893'), -- 115272 (Felsworn Overseer) - No NPC Damage Below Override Points%
(115273, 0, 0, 0, 1, 0, 0, 0, 0, 0, '203761 67236'), -- 115273 (Felborne Sorcerer) - Detector, Invisibility and Stealth Detection
(113601, 0, 0, 0, 1, 0, 0, 0, 0, 4, ''), -- 113601 (Totally Generic GIGANTIC Bunny (JSB))
(99581, 0, 0, 0, 1, 0, 0, 0, 0, 0, '204082'), -- 99581 (Wrathguard Fury) - Flurry
(88989, 0, 0, 33554432, 1, 0, 0, 0, 0, 0, ''), -- 88989 (Violet Firefly)
(100742, 0, 0, 0, 1, 0, 2560, 0, 0, 3, ''), -- 100742 (Portal Crystal)
(116206, 0, 0, 0, 1, 0, 0, 0, 0, 0, '204082'), -- 116206 (Felsoul Wrathguard) - Flurry
(105411, 0, 0, 0, 1, 0, 0, 0, 0, 0, '209175'), -- 105411 (Djinn) - Party Costume Vertex
(105397, 0, 0, 50331648, 1, 0, 0, 0, 0, 0, '209175'), -- 105397 (Cloud Serpent) - Party Costume Vertex
(105589, 0, 0, 50331648, 1, 0, 0, 0, 0, 0, '209175'), -- 105589 (Jellyfish) - Party Costume Vertex
(105595, 0, 0, 50331648, 1, 0, 0, 0, 0, 0, '209175'), -- 105595 (Water Bubble) - Party Costume Vertex
(105395, 0, 0, 50331648, 1, 0, 0, 0, 0, 0, '209175'), -- 105395 (Goldfish) - Party Costume Vertex
(105759, 0, 0, 0, 1, 0, 0, 0, 0, 0, '203761 67236'), -- 105759 (High Mage of the Duskwatch) - Detector, Invisibility and Stealth Detection
(106873, 0, 0, 0, 1, 0, 0, 0, 0, 0, '212102'), -- 106873 (Font of Arcane Energy) - Arcane Font Area Aura
(105401, 0, 0, 1, 1, 0, 0, 0, 0, 0, '209175'), -- 105401 (Warden Owl) - Party Costume Vertex
(105837, 0, 0, 0, 1, 0, 0, 0, 0, 0, '209976'), -- 105837 (Nightborne Lush) - Holding Wine Glass
(105836, 0, 0, 0, 1, 0, 10457, 0, 0, 0, ''), -- 105836 (Nightborne Socialite)
(105835, 0, 0, 0, 1, 0, 0, 0, 0, 0, '209887 209898'), -- 105835 (Lunastre Attendant) - Serving Platter Male, Servant Mask
(105351, 0, 0, 0, 1, 0, 0, 0, 0, 0, '208791 209175 209303'), -- 105351 (Masqued Reveler) - Enchanted Party Mask, Party Costume Vertex, Party Costume Phoenix
(107567, 0, 0, 0, 1, 0, 0, 0, 0, 3, ''), -- 107567 (Suramar Shieldguard)
(113606, 0, 0, 0, 1, 0, 0, 0, 0, 0, '226007'), -- 113606 (Ley Ward) - Cosmetic Ley Ward Visual
(73828, 0, 0, 50331648, 1, 0, 0, 0, 0, 0, ''), -- 73828 (Flamering Moth)
(109954, 0, 0, 0, 1, 0, 0, 0, 0, 0, '219489 223531'), -- 109954 (Magister Phaedris) - Illusions Explode Area Trigger, Magister Phaedris - Level 3
(109950, 0, 0, 0, 1, 0, 0, 0, 0, 0, '209213'), -- 109950 (Unstable Illusion) - Party Costume Moth
(113633, 0, 0, 0, 1, 0, 0, 0, 0, 3, '213486 67236'), -- 113633 (Doomguard Executioner) - Demonic Vision, Invisibility and Stealth Detection
(113124, 0, 0, 50331648, 1, 0, 0, 0, 0, 0, ''), -- 113124 (Screeching Hag-Sister)
(110949, 0, 0, 50331648, 1, 0, 0, 0, 0, 0, ''), -- 110949 (Screeching Harridan)
(96797, 0, 0, 3, 1, 0, 0, 0, 0, 0, ''), -- 96797 (Nargut)
(96798, 0, 0, 3, 1, 0, 0, 0, 0, 0, ''), -- 96798 (Rhukah)
(96801, 0, 0, 0, 2, 0, 0, 0, 0, 0, ''), -- 96801 (Kyunghee)
(96805, 0, 0, 8, 1, 0, 0, 0, 0, 0, ''), -- 96805 (Mato)
(107326, 0, 0, 0, 257, 0, 0, 0, 0, 0, '60913'), -- 107326 (Draemus) - [DND] Dalaran - Shop Keeper Greeting
(97767, 0, 0, 0, 0, 0, 0, 0, 0, 3, ''), -- 97767 (Hexpriest)
(106951, 0, 0, 0, 0, 0, 0, 0, 0, 3, ''), -- 106951 (Advisor Stillwater)
(97792, 0, 0, 0, 0, 0, 0, 0, 0, 3, ''), -- 97792 (Sun Priest)
(120415, 0, 70478, 0, 1, 0, 0, 0, 0, 0, ''), -- 120415 (Highlord Darion Mograine)
(108628, 0, 0, 0, 0, 0, 0, 0, 0, 0, '215919'), -- 108628 (Armond Thaco) - Truthguard Area Trigger
(97339, 0, 0, 0, 257, 0, 0, 0, 0, 0, ''), -- 97339 (Cho Ironpalm)
(96777, 0, 0, 0, 258, 0, 0, 0, 0, 0, ''), -- 96777 (Jarold Puller)
(96788, 0, 0, 0, 257, 0, 0, 0, 0, 0, ''), -- 96788 (Jessa Weaver)
(96837, 0, 0, 0, 257, 0, 0, 0, 0, 0, ''), -- 96837 (Babagahnoosh the Grumpy)
(97725, 0, 0, 0, 0, 0, 0, 0, 0, 3, ''), -- 97725 (Priestess of Elune)
(96813, 0, 0, 0, 257, 0, 0, 0, 0, 0, ''), -- 96813 (Aludane Whitecloud)
(96836, 0, 0, 0, 257, 0, 0, 0, 0, 0, ''), -- 96836 (Magus Fansy Goodbringer)
(106528, 0, 0, 50331648, 1, 0, 0, 0, 0, 0, ''), -- 106528 (Flower Pot)
(96829, 0, 0, 0, 257, 0, 0, 0, 0, 0, ''), -- 96829 (Arcanist Alec)
(97001, 0, 0, 0, 257, 0, 0, 0, 0, 0, ''), -- 97001 (Orton Bennet)
(96830, 0, 0, 0, 257, 0, 0, 0, 0, 0, ''), -- 96830 (Linda Ann Kastinglow)
(124678, 0, 0, 0, 257, 0, 0, 0, 0, 0, ''), -- 124678 (Dalaran Citizen)
(113780, 0, 0, 0, 0, 0, 0, 0, 0, 0, ''), -- 113780 (Innocent Jim)
(113783, 0, 0, 0, 0, 0, 0, 0, 0, 0, '42459'), -- 113783 (Savash Windcaller) - Dual Wield
(102266, 0, 0, 262144, 1, 0, 0, 0, 0, 0, '159474'), -- 102266 (Violet Hold Guard) - Permanent Feign Death (NO Stun, Untrackable, Immune)
(96779, 0, 0, 0, 258, 0, 0, 0, 0, 0, ''), -- 96779 (Dagna Flintlock)
(99350, 0, 0, 0, 1, 0, 0, 0, 0, 0, '223977'), -- 99350 (Shannon Noel) - Cosmetic - Reading Book
(96778, 0, 0, 0, 258, 0, 0, 0, 0, 0, '60913'), -- 96778 (Aemara) - [DND] Dalaran - Shop Keeper Greeting
(113779, 0, 0, 0, 0, 0, 0, 0, 0, 0, '42459'), -- 113779 (Sister Might) - Dual Wield
(92489, 0, 0, 0, 257, 0, 0, 0, 0, 0, ''), -- 92489 (Mei Francis)
(113813, 0, 0, 0, 1, 0, 11848, 0, 0, 3, ''), -- 113813 (Lieutenant Sinclari)
(97009, 0, 0, 0, 257, 0, 0, 0, 0, 0, ''), -- 97009 (Jawknee)
(118524, 0, 0, 50331648, 1, 0, 5517, 0, 0, 4, ''), -- 118524 (Dalaran Crystal)
(97011, 0, 0, 0, 257, 0, 0, 0, 0, 0, ''), -- 97011 (Valaden Silverblade)
(96787, 0, 0, 0, 257, 0, 0, 0, 0, 0, ''), -- 96787 (Warcaster Fanoraithe)
(104091, 0, 0, 0, 257, 0, 0, 0, 0, 0, '79849'), -- 104091 (Kirin Tor Guardian) - Molten Armor
(101436, 0, 0, 50331648, 1, 0, 0, 0, 0, 0, ''), -- 101436 (Wormhole)
(96786, 0, 0, 0, 257, 0, 0, 0, 0, 0, ''), -- 96786 (Archmage Celindra)
(97007, 0, 0, 0, 257, 0, 0, 0, 0, 0, ''); -- 97007 (Kerta the Bold)

UPDATE `creature_template_addon` SET `auras`='221067' WHERE `entry`=111042; -- 111042 (Nightmare Fire) - Nightmare Fire
UPDATE `creature_template_addon` SET `bytes1`=8 WHERE `entry`=99366; -- 99366 (Taintheart Summoner)
UPDATE `creature_template_addon` SET `auras`='201226' WHERE `entry`=100531; -- 100531 (Bloodtainted Fury) - Blood Assault
UPDATE `creature_template_addon` SET `auras`='46598' WHERE `entry`=121541; -- 121541 (Ban-Lu) - Ride Vehicle Hardcoded
UPDATE `creature_template_addon` SET `auras`='223113' WHERE `entry`=35845; -- 35845 (Dave's Industrial Light and Magic Bunny (Small)(Sessile)) - Void Bunny

DELETE FROM `creature_template_scaling` WHERE (`DifficultyID`=0 AND `Entry` IN (100531,95766,103344,120652,95769,101991,95772,100529,95771,100400,101679,100403,100533,95779,113274,93030,112052,93159,112021,97531,97548,113646,97565,97554,93111,97338,97504,92383,144995,92783,93155,94193,95951,94485,97337,106842,106309,93974,95117,95118,94863,103022,106288,112632,97547,92388,106086,99910,106286,109809,112856,104147,112067,112444,112334,105563,104480,104220,103816,103616,103817,103639,110050,103527,103546,104234,103549,106837,104226,98720,106869,106839,112494,103811,104224,103805,103540,113195,109022,100014,112336,111675,113985,111197,104894,113184,99749,73543,113190,105014,98555,107028,114880,107947,114845,114929,113818,102960,102415,102492,101878,104998,106532,115279,115272,115273,94242,93976,93969,93971,99581,88989,100742,116206,103089,105411,105397,105589,105595,105395,105372,104369,105759,105401,105837,105836,105835,105351,107567,113606,99765,100047,99762,106258,109954,113124,110949,109950,132598,109469,123490));
INSERT INTO `creature_template_scaling` (`Entry`, `DifficultyID`, `LevelScalingDeltaMin`, `LevelScalingDeltaMax`, `ContentTuningID`, `VerifiedBuild`) VALUES
(100531, 0, 0, 0, 629, 45114),
(95766, 0, 0, 0, 629, 45114),
(103344, 0, 2, 2, 629, 45114),
(120652, 0, 0, 0, 502, 45114),
(95769, 0, 0, 0, 629, 45114),
(101991, 0, 0, 0, 629, 45114),
(95772, 0, 0, 0, 629, 45114),
(100529, 0, 0, 0, 629, 45114),
(95771, 0, 0, 0, 629, 45114),
(100400, 0, 0, 0, 629, 45114),
(101679, 0, 0, 0, 629, 45114),
(100403, 0, 0, 0, 629, 45114),
(100533, 0, 0, 0, 629, 45114),
(95779, 0, 1, 1, 629, 45114),
(113274, 0, 0, 0, 773, 45114),
(93030, 0, 0, 0, 332, 45114),
(112052, 0, 0, 0, 332, 45114),
(93159, 0, 0, 0, 332, 45114),
(112021, 0, 0, 0, 332, 45114),
(97531, 0, 0, 0, 371, 45114),
(97548, 0, 0, 0, 332, 45114),
(113646, 0, 0, 0, 332, 45114),
(97565, 0, 0, 0, 332, 45114),
(97554, 0, 0, 0, 332, 45114),
(93111, 0, 0, 0, 332, 45114),
(97338, 0, 0, 0, 332, 45114),
(97504, 0, 0, 0, 332, 45114),
(92383, 0, 0, 0, 332, 45114),
(144995, 0, 0, 0, 332, 45114),
(92783, 0, 0, 0, 332, 45114),
(93155, 0, 0, 0, 332, 45114),
(94193, 0, 0, 0, 81, 45114),
(95951, 0, 0, 0, 332, 45114),
(94485, 0, 0, 0, 332, 45114),
(97337, 0, 0, 0, 332, 45114),
(106842, 0, 0, 0, 332, 45114),
(106309, 0, 0, 0, 332, 45114),
(93974, 0, 0, 0, 332, 45114),
(95117, 0, 0, 0, 332, 45114),
(95118, 0, 0, 0, 332, 45114),
(94863, 0, 0, 0, 332, 45114),
(103022, 0, 0, 0, 332, 45114),
(106288, 0, 0, 0, 332, 45114),
(112632, 0, 0, 0, 332, 45114),
(97547, 0, 0, 0, 371, 45114),
(92388, 0, 0, 0, 81, 45114),
(106086, 0, 0, 0, 332, 45114),
(99910, 0, 0, 0, 332, 45114),
(106286, 0, 0, 0, 332, 45114),
(109809, 0, 0, 0, 332, 45114),
(112856, 0, 0, 0, 332, 45114),
(104147, 0, 0, 0, 335, 45114),
(112067, 0, 0, 0, 335, 45114),
(112444, 0, 0, 0, 335, 45114),
(112334, 0, 0, 0, 335, 45114),
(105563, 0, 0, 0, 335, 45114),
(104480, 0, 0, 0, 335, 45114),
(104220, 0, 0, 0, 335, 45114),
(103816, 0, 0, 0, 335, 45114),
(103616, 0, 0, 0, 335, 45114),
(103817, 0, 0, 0, 335, 45114),
(103639, 0, 0, 0, 335, 45114),
(110050, 0, 0, 0, 335, 45114),
(103527, 0, 0, 0, 335, 45114),
(103546, 0, 0, 0, 335, 45114),
(104234, 0, 0, 0, 335, 45114),
(103549, 0, 0, 0, 335, 45114),
(106837, 0, 0, 0, 335, 45114),
(104226, 0, 0, 0, 335, 45114),
(98720, 0, 0, 0, 335, 45114),
(106869, 0, 0, 0, 335, 45114),
(106839, 0, 0, 0, 335, 45114),
(112494, 0, 0, 0, 633, 45114),
(103811, 0, 0, 0, 335, 45114),
(104224, 0, 0, 0, 335, 45114),
(103805, 0, 0, 0, 335, 45114),
(103540, 0, 0, 0, 335, 45114),
(113195, 0, 0, 0, 335, 45114),
(109022, 0, 0, 0, 335, 45114),
(100014, 0, 0, 0, 335, 45114),
(112336, 0, 0, 0, 335, 45114),
(111675, 0, 0, 0, 881, 45114),
(113985, 0, 0, 0, 335, 45114),
(111197, 0, 0, 0, 335, 45114),
(104894, 0, 0, 0, 335, 45114),
(113184, 0, 0, 0, 335, 45114),
(99749, 0, 0, 0, 335, 45114),
(73543, 0, 0, 0, 371, 45114),
(113190, 0, 0, 0, 335, 45114),
(105014, 0, 0, 0, 335, 45114),
(98555, 0, 0, 0, 335, 45114),
(107028, 0, 0, 0, 335, 45114),
(114880, 0, 0, 0, 335, 45114),
(107947, 0, 0, 0, 633, 45114),
(114845, 0, 0, 0, 335, 45114),
(114929, 0, 0, 0, 335, 45114),
(113818, 0, 0, 0, 335, 45114),
(102960, 0, 0, 0, 335, 45114),
(102415, 0, 0, 0, 335, 45114),
(102492, 0, 0, 0, 81, 45114),
(101878, 0, 0, 0, 335, 45114),
(104998, 0, 0, 0, 335, 45114),
(106532, 0, 0, 0, 335, 45114),
(115279, 0, 0, 0, 335, 45114),
(115272, 0, 0, 0, 335, 45114),
(115273, 0, 0, 0, 335, 45114),
(94242, 0, 0, 0, 335, 45114),
(93976, 0, 0, 0, 335, 45114),
(93969, 0, 0, 0, 335, 45114),
(93971, 0, 0, 0, 335, 45114),
(99581, 0, 0, 0, 335, 45114),
(88989, 0, 0, 0, 81, 45114),
(100742, 0, 0, 0, 335, 45114),
(116206, 0, 0, 0, 335, 45114),
(103089, 0, 0, 0, 335, 45114),
(105411, 0, 0, 0, 335, 45114),
(105397, 0, 0, 0, 335, 45114),
(105589, 0, 0, 0, 335, 45114),
(105595, 0, 0, 0, 335, 45114),
(105395, 0, 0, 0, 335, 45114),
(105372, 0, 0, 0, 335, 45114),
(104369, 0, 0, 0, 335, 45114),
(105759, 0, 0, 0, 335, 45114),
(105401, 0, 0, 0, 335, 45114),
(105837, 0, 0, 0, 335, 45114),
(105836, 0, 0, 0, 335, 45114),
(105835, 0, 0, 0, 335, 45114),
(105351, 0, 0, 0, 335, 45114),
(107567, 0, 0, 0, 335, 45114),
(113606, 0, 0, 0, 335, 45114),
(99765, 0, 0, 0, 335, 45114),
(100047, 0, 0, 0, 335, 45114),
(99762, 0, 0, 0, 335, 45114),
(106258, 0, 0, 0, 335, 45114),
(109954, 0, 0, 0, 335, 45114),
(113124, 0, 0, 0, 335, 45114),
(110949, 0, 0, 0, 335, 45114),
(109950, 0, 0, 0, 335, 45114),
(132598, 0, 0, 0, 335, 45114),
(109469, 0, 0, 0, 881, 45114),
(123490, 0, 0, 0, 437, 45114);

UPDATE `creature_template_scaling` SET `VerifiedBuild`=45114 WHERE (`DifficultyID`=23 AND `Entry` IN (101329,100652,111042,99192,111833,111001,101072,100526,99366,100527,99359,99358,99360,102851,107638,111221,100404,96512,99200,99365,100539)) OR (`DifficultyID`=0 AND `Entry` IN (72654,62178,114720,49728,61385,121541,32641,32642,63062,65209,113752,41200,103005,113601,64782,106873,73828,49568,113633,96803,96797,96796,32252,96798,32251,103626,96801,96804,112545,31714,96805,112543,107326,97767,106951,97792,96802,120412,120415,96799,93536,114946,120424,120421,54638,120420,120423,120422,120417,120416,120419,93537,120418,106263,106262,120413,96635,96780,31730,97141,25058,108628,96643,97339,142666,96777,98725,96788,31719,98723,96837,97725,96813,96836,106528,96829,96444,27047,97001,96830,124678,62822,113780,113783,96779,99350,31742,94197,96778,113779,111246,97515,92489,97009,118524,111243,97212,110642,97011,142668,96787,35845,104091,121602,101436,96786,62821,43359,97007));
UPDATE `creature_template_scaling` SET `LevelScalingDeltaMin`=0, `LevelScalingDeltaMax`=0, `VerifiedBuild`=45114 WHERE (`Entry`=113813 AND `DifficultyID`=0);


UPDATE `creature_model_info` SET `VerifiedBuild`=45114 WHERE `DisplayID` IN (67054, 71689, 71688, 71682, 61828, 66131, 12190, 69688, 69689, 69687, 67001, 69815, 71675, 66740, 64486, 69818, 29278, 64535, 68127, 66639, 66636, 64385, 64536, 69819, 71636, 64540, 66638, 67297, 47926, 66739, 66633, 64539, 66738, 67296, 66637, 60365, 69820, 65064, 69316, 66001, 71947, 71948, 63273, 69789, 65272, 62483, 70881, 69812, 65235, 70174, 13069, 64778, 69207, 30995, 64744, 49027, 69487, 48705, 40000, 73410, 64290, 64291, 64188, 62734, 4626, 72151, 328, 6302, 51292, 69513, 30318, 69545, 70658, 68523, 70234, 68157, 46086, 71134, 68398, 43491, 65052, 71829, 68536, 69740, 68526, 65959, 70584, 68393, 70446, 52601, 70451, 64328, 27627, 26759, 70817, 64330, 28120, 28118, 63621, 66667, 55080, 40089, 30256, 64541, 32807, 40094, 51815, 35802, 68239, 68238, 68237, 69822, 47723, 47695, 73514, 53782, 66563, 40584, 39553, 53781, 70048, 71685, 63524, 68890, 64719, 70029, 71895, 70880, 70043, 70025, 70026, 70948, 70030, 21342, 64001, 60863, 62068, 68040, 69996, 20915, 66584, 66272, 69122, 69198, 69203, 69997, 69994, 69209, 69137, 66575, 73502, 66259, 40090, 69998, 70490, 66264, 69995, 21072, 70000, 69136, 69999, 69993, 66252, 69992, 70002, 66567, 67171, 72199, 66331, 4268, 64171, 18832, 51301, 36544, 66591, 65308, 63605, 63597, 71276, 82499, 70334, 27961, 22003, 27616, 27853, 27019, 27852, 34172, 27854, 27957, 72104, 2954, 27955, 72103, 69926, 65412, 69790, 65422, 27960, 64939, 30869, 27959, 26394, 67043, 65975, 41568, 66672, 61971, 67760, 69542, 66159, 27448, 76630, 69152, 69153, 67016, 55376, 25983, 68480, 6295, 65101, 5585, 70638, 43497, 65171, 77687, 26307, 58842, 18961, 27215, 25807, 17170, 64048, 28143, 65372, 25595, 28161, 69627, 28162, 26395, 28155, 3714, 42722, 1669, 5777, 27216, 26299, 47997, 72095, 27217, 25875, 72952, 27592, 65250, 27822, 27214, 65173, 74782, 19744, 71599, 65083, 77690, 25806, 27823, 48000, 65714, 67808, 25947, 42720, 26311);
UPDATE `creature_model_info` SET `BoundingRadius`=0.433999985456466674, `CombatReach`=1.399999976158142089, `VerifiedBuild`=45114 WHERE `DisplayID`=67912;
UPDATE `creature_model_info` SET `BoundingRadius`=0.973670184612274169, `CombatReach`=2, `VerifiedBuild`=45114 WHERE `DisplayID`=806;
UPDATE `creature_model_info` SET `BoundingRadius`=0.882172346115112304, `CombatReach`=1.154081583023071289, `VerifiedBuild`=45114 WHERE `DisplayID`=68236;
UPDATE `creature_model_info` SET `BoundingRadius`=0.199197366833686828, `VerifiedBuild`=45114 WHERE `DisplayID`=54854;
UPDATE `creature_model_info` SET `BoundingRadius`=0.74113553762435913, `VerifiedBuild`=45114 WHERE `DisplayID`=72041;
UPDATE `creature_model_info` SET `BoundingRadius`=0.493221580982208251, `CombatReach`=0.973469376564025878, `VerifiedBuild`=45114 WHERE `DisplayID`=68399;
UPDATE `creature_model_info` SET `BoundingRadius`=2.062988519668579101, `VerifiedBuild`=45114 WHERE `DisplayID`=64331;
UPDATE `creature_model_info` SET `BoundingRadius`=1.656566381454467773, `CombatReach`=1.5, `VerifiedBuild`=45114 WHERE `DisplayID`=59729;


UPDATE `creature_template` SET `dynamicflags`=0 WHERE `entry`=99192; -- Shade of Xavius
UPDATE `creature_template` SET `unit_flags`=32832, `dynamicflags`=0 WHERE `entry`=99360; -- Vilethorn Blossom
UPDATE `creature_template` SET `minlevel`=45, `maxlevel`=45 WHERE `entry`=113274; -- Dungeon Entrance
UPDATE `creature_template` SET `minlevel`=45, `maxlevel`=45 WHERE `entry`=93030; -- Ironbranch
UPDATE `creature_template` SET `minlevel`=45, `maxlevel`=45 WHERE `entry`=112052; -- Vilepetal Rooter
UPDATE `creature_template` SET `minlevel`=45, `maxlevel`=45 WHERE `entry`=93159; -- Desecrated Ancient
UPDATE `creature_template` SET `minlevel`=45, `maxlevel`=45 WHERE `entry`=112021; -- Dreadheart Ruiner
UPDATE `creature_template` SET `minlevel`=45, `maxlevel`=45 WHERE `entry` IN (97548, 97554); -- Shala'nir Druid
UPDATE `creature_template` SET `minlevel`=45, `maxlevel`=45 WHERE `entry`=113646; -- Defiled Grovewalker
UPDATE `creature_template` SET `minlevel`=45, `maxlevel`=45, `unit_flags3`=16777216 WHERE `entry`=97565; -- Nightmare Totem
UPDATE `creature_template` SET `minlevel`=45, `maxlevel`=45 WHERE `entry`=93111; -- Darkfiend Defiler
UPDATE `creature_template` SET `minlevel`=45, `maxlevel`=45, `dynamicflags`=0 WHERE `entry`=97338; -- Terrorvine Lasher
UPDATE `creature_template` SET `minlevel`=45, `maxlevel`=45, `unit_flags`=32832 WHERE `entry`=97504; -- Wraithtalon
UPDATE `creature_template` SET `minlevel`=45, `maxlevel`=45 WHERE `entry`=92383; -- Rotwood Creeper
UPDATE `creature_template` SET `minlevel`=45, `maxlevel`=45, `unit_flags3`=16777216 WHERE `entry`=144995; -- Vehicle Bunny
UPDATE `creature_template` SET `gossip_menu_id`=0, `minlevel`=45, `maxlevel`=45, `unit_flags3`=1048576 WHERE `entry`=92783; -- Elothir
UPDATE `creature_template` SET `minlevel`=45, `maxlevel`=45 WHERE `entry`=93155; -- Tormented Dryad
UPDATE `creature_template` SET `minlevel`=45, `maxlevel`=45 WHERE `entry`=95951; -- Dreadsting Lurker
UPDATE `creature_template` SET `minlevel`=45, `maxlevel`=45 WHERE `entry`=94485; -- Pollous the Fetid
UPDATE `creature_template` SET `minlevel`=45, `maxlevel`=45 WHERE `entry`=97337; -- Twisted Keeper
UPDATE `creature_template` SET `minlevel`=45, `maxlevel`=45 WHERE `entry`=106842; -- Creeping Horror
UPDATE `creature_template` SET `minlevel`=45, `maxlevel`=45 WHERE `entry`=106309; -- Sylvan Strider
UPDATE `creature_template` SET `minlevel`=45, `maxlevel`=45 WHERE `entry`=93974; -- Leyweaver Erenyi
UPDATE `creature_template` SET `minlevel`=45, `maxlevel`=45 WHERE `entry`=95117; -- Aldos Duskwing
UPDATE `creature_template` SET `minlevel`=45, `maxlevel`=45 WHERE `entry`=95118; -- Faeolas Nightwhisper
UPDATE `creature_template` SET `minlevel`=45, `maxlevel`=45 WHERE `entry`=94863; -- Mender Onelle
UPDATE `creature_template` SET `minlevel`=45, `maxlevel`=45 WHERE `entry`=103022; -- Tyrande Whisperwind
UPDATE `creature_template` SET `minlevel`=45, `maxlevel`=45 WHERE `entry`=106288; -- Sylvan Bear
UPDATE `creature_template` SET `minlevel`=45, `maxlevel`=45 WHERE `entry`=112632; -- Magdalena Dusklake
UPDATE `creature_template` SET `unit_flags3`=16777217 WHERE `entry` IN (114720, 106873); -- Font of Arcane Energy
UPDATE `creature_template` SET `minlevel`=45, `maxlevel`=45 WHERE `entry`=106086; -- Distressed Whelpling
UPDATE `creature_template` SET `minlevel`=45, `maxlevel`=45 WHERE `entry`=99910; -- Dream Warden
UPDATE `creature_template` SET `minlevel`=45, `maxlevel`=45 WHERE `entry`=106286; -- Sylvan Owl
UPDATE `creature_template` SET `minlevel`=45, `maxlevel`=45 WHERE `entry`=109809; -- Deepwoods Owl
UPDATE `creature_template` SET `minlevel`=45, `maxlevel`=45, `unit_flags`=32768, `unit_flags2`=2048, `unit_flags3`=0 WHERE `entry`=112856; -- Crazed Owlbeast
UPDATE `creature_template` SET `minlevel`=45, `maxlevel`=45 WHERE `entry`=104147; -- Nightmarish Grizzly
UPDATE `creature_template` SET `minlevel`=45, `maxlevel`=45 WHERE `entry`=112067; -- Volatile Leywraith
UPDATE `creature_template` SET `minlevel`=45, `maxlevel`=45 WHERE `entry`=112444; -- Highland Skyraptor
UPDATE `creature_template` SET `minlevel`=45, `maxlevel`=45 WHERE `entry`=112334; -- Frenzied Riverbug
UPDATE `creature_template` SET `minlevel`=45, `maxlevel`=45 WHERE `entry`=105563; -- Enthralled Feathermane Kitten
UPDATE `creature_template` SET `minlevel`=45, `maxlevel`=45, `unit_flags3`=16777216 WHERE `entry`=104480; -- Feathermane Kitten
UPDATE `creature_template` SET `minlevel`=45, `maxlevel`=45 WHERE `entry`=104220; -- Starving Ettin
UPDATE `creature_template` SET `minlevel`=45, `maxlevel`=45, `unit_flags3`=16777216 WHERE `entry`=103816; -- Petrified Nightsaber
UPDATE `creature_template` SET `minlevel`=45, `maxlevel`=45 WHERE `entry`=103616; -- Moonwhisper Stalker
UPDATE `creature_template` SET `minlevel`=45, `maxlevel`=45 WHERE `entry`=103817; -- Tufted Crane Chick
UPDATE `creature_template` SET `minlevel`=45, `maxlevel`=45 WHERE `entry`=103639; -- Ivory Tufted Crane
UPDATE `creature_template` SET `minlevel`=45, `maxlevel`=45 WHERE `entry`=110050; -- Stillwater Snapper
UPDATE `creature_template` SET `minlevel`=45, `maxlevel`=45, `dynamicflags`=0 WHERE `entry`=103527; -- Manascale Basilisk
UPDATE `creature_template` SET `minlevel`=45, `maxlevel`=45 WHERE `entry`=103546; -- Redhoof the Ancient
UPDATE `creature_template` SET `minlevel`=45, `maxlevel`=45 WHERE `entry`=104234; -- Val'sharah Refugee
UPDATE `creature_template` SET `minlevel`=45, `maxlevel`=45 WHERE `entry`=103549; -- Wild Moonfall Hippogryph
UPDATE `creature_template` SET `minlevel`=45, `maxlevel`=45 WHERE `entry`=106837; -- Sablehorn Stag
UPDATE `creature_template` SET `minlevel`=45, `maxlevel`=45 WHERE `entry`=104226; -- Gloomfang
UPDATE `creature_template` SET `minlevel`=45, `maxlevel`=45, `npcflag`=67 WHERE `entry`=98720; -- Ske'rit
UPDATE `creature_template` SET `minlevel`=45, `maxlevel`=45 WHERE `entry`=106869; -- Snarler Pup
UPDATE `creature_template` SET `minlevel`=45, `maxlevel`=45 WHERE `entry`=106839; -- Sablehorn Fawn
UPDATE `creature_template` SET `minlevel`=45, `maxlevel`=45 WHERE `entry`=112494; -- 7.0 Class Hall - Mount Quest - Fox Mount - Stalker
UPDATE `creature_template` SET `minlevel`=45, `maxlevel`=45 WHERE `entry`=103811; -- Starclutch Hatchling
UPDATE `creature_template` SET `minlevel`=45, `maxlevel`=45 WHERE `entry`=104224; -- Suramar Snarler
UPDATE `creature_template` SET `minlevel`=45, `maxlevel`=45 WHERE `entry`=103805; -- Sablehorn Doe
UPDATE `creature_template` SET `minlevel`=45, `maxlevel`=45 WHERE `entry`=103540; -- Starclutch Screecher
UPDATE `creature_template` SET `minlevel`=45, `maxlevel`=45, `unit_flags`=32768, `unit_flags2`=2048, `unit_flags3`=0 WHERE `entry`=113195; -- Swarming Vermin
UPDATE `creature_template` SET `minlevel`=45, `maxlevel`=45, `unit_flags3`=16777217 WHERE `entry`=109022; -- Arcane Ward
UPDATE `creature_template` SET `minlevel`=45, `maxlevel`=45, `unit_flags`=32768 WHERE `entry`=100014; -- Withered Husk
UPDATE `creature_template` SET `minlevel`=45, `maxlevel`=45 WHERE `entry`=112336; -- Meredil Glider
UPDATE `creature_template` SET `minlevel`=45, `maxlevel`=45 WHERE `entry`=121541; -- Ban-Lu
UPDATE `creature_template` SET `faction`=35 WHERE `entry`=32641; -- Drix Blackwrench
UPDATE `creature_template` SET `faction`=35 WHERE `entry`=32642; -- Mojodishu
UPDATE `creature_template` SET `minlevel`=60, `maxlevel`=60 WHERE `entry`=111675; -- Ancient Cloudwing
UPDATE `creature_template` SET `minlevel`=45, `maxlevel`=45, `npcflag`=2, `unit_flags`=768, `unit_flags2`=2048, `unit_flags3`=0 WHERE `entry`=113985; -- Elieth
UPDATE `creature_template` SET `minlevel`=45, `maxlevel`=45 WHERE `entry`=111197; -- Anax
UPDATE `creature_template` SET `minlevel`=45, `maxlevel`=45 WHERE `entry`=104894; -- Moonlight Cub
UPDATE `creature_template` SET `minlevel`=45, `maxlevel`=45 WHERE `entry`=113184; -- Cunning Bushtail
UPDATE `creature_template` SET `minlevel`=45, `maxlevel`=45 WHERE `entry`=99749; -- Moonlight Hunter
UPDATE `creature_template` SET `minlevel`=45, `maxlevel`=45 WHERE `entry`=113190; -- Meredil Thrashmaw
UPDATE `creature_template` SET `minlevel`=45, `maxlevel`=45 WHERE `entry`=105014; -- Territorial Croaker
UPDATE `creature_template` SET `minlevel`=45, `maxlevel`=45 WHERE `entry`=98555; -- Withered Shambler
UPDATE `creature_template` SET `minlevel`=45, `maxlevel`=45, `unit_flags3`=16777216 WHERE `entry`=107028; -- Arcane Circle
UPDATE `creature_template` SET `minlevel`=45, `maxlevel`=45 WHERE `entry`=114880; -- Dawnguard Bloodknight
UPDATE `creature_template` SET `minlevel`=45, `maxlevel`=45 WHERE `entry`=107947; -- Flare Bunny
UPDATE `creature_template` SET `minlevel`=45, `maxlevel`=45 WHERE `entry`=114845; -- Pyrestar Demolisher
UPDATE `creature_template` SET `minlevel`=45, `maxlevel`=45 WHERE `entry`=114929; -- Duskwatch Defender
UPDATE `creature_template` SET `unit_flags`=32768, `HoverHeight`=2 WHERE `entry`=65209; -- Dancing Water Skimmer
UPDATE `creature_template` SET `minlevel`=45, `maxlevel`=45 WHERE `entry`=113818; -- Glitterpool Chick
UPDATE `creature_template` SET `minlevel`=45, `maxlevel`=45 WHERE `entry`=102960; -- Glitterpool Heron
UPDATE `creature_template` SET `minlevel`=45, `maxlevel`=45 WHERE `entry`=102415; -- Suramar Skyhunter
UPDATE `creature_template` SET `unit_flags`=537166080, `unit_flags2`=2049, `unit_flags3`=8192 WHERE `entry`=113752; -- Shal'dorei Civilian
UPDATE `creature_template` SET `minlevel`=45, `maxlevel`=45 WHERE `entry`=101878; -- Felsoul Inquisitor
UPDATE `creature_template` SET `minlevel`=45, `maxlevel`=45 WHERE `entry`=104998; -- Silgryn
UPDATE `creature_template` SET `minlevel`=45, `maxlevel`=45 WHERE `entry`=106532; -- Inquisitor Volitix
UPDATE `creature_template` SET `minlevel`=45, `maxlevel`=45 WHERE `entry`=115279; -- Shal'dorei Insurgent
UPDATE `creature_template` SET `minlevel`=45, `maxlevel`=45 WHERE `entry`=115272; -- Felsworn Overseer
UPDATE `creature_template` SET `minlevel`=45, `maxlevel`=45 WHERE `entry`=115273; -- Felborne Sorcerer
UPDATE `creature_template` SET `minlevel`=45, `maxlevel`=45 WHERE `entry`=94242; -- Leyweaver Azayna
UPDATE `creature_template` SET `unit_flags3`=16777216 WHERE `entry`=41200; -- Generic Bunny - PRK
UPDATE `creature_template` SET `minlevel`=45, `maxlevel`=45 WHERE `entry`=93976; -- Leyweaver Mithrogane
UPDATE `creature_template` SET `minlevel`=45, `maxlevel`=45 WHERE `entry`=93969; -- Leyweaver Tytallo
UPDATE `creature_template` SET `unit_flags3`=16777216 WHERE `entry`=103005; -- Bowl of Fruit
UPDATE `creature_template` SET `minlevel`=45, `maxlevel`=45 WHERE `entry`=93971; -- Leyweaver Inondra
UPDATE `creature_template` SET `minlevel`=45, `maxlevel`=45 WHERE `entry`=113601; -- Totally Generic GIGANTIC Bunny (JSB)
UPDATE `creature_template` SET `minlevel`=45, `maxlevel`=45 WHERE `entry`=99581; -- Wrathguard Fury
UPDATE `creature_template` SET `HoverHeight`=5 WHERE `entry`=88989; -- Violet Firefly
UPDATE `creature_template` SET `minlevel`=45, `maxlevel`=45, `unit_flags3`=16777216 WHERE `entry`=100742; -- Portal Crystal
UPDATE `creature_template` SET `minlevel`=45, `maxlevel`=45 WHERE `entry`=116206; -- Felsoul Wrathguard
UPDATE `creature_template` SET `minlevel`=45, `maxlevel`=45 WHERE `entry`=103089; -- Vorgos
UPDATE `creature_template` SET `minlevel`=45, `maxlevel`=45, `unit_flags3`=16777216 WHERE `entry`=105411; -- Djinn
UPDATE `creature_template` SET `minlevel`=45, `maxlevel`=45 WHERE `entry`=105397; -- Cloud Serpent
UPDATE `creature_template` SET `minlevel`=45, `maxlevel`=45, `unit_flags3`=16777216 WHERE `entry`=105589; -- Jellyfish
UPDATE `creature_template` SET `minlevel`=45, `maxlevel`=45, `unit_flags3`=16777216 WHERE `entry`=105595; -- Water Bubble
UPDATE `creature_template` SET `minlevel`=45, `maxlevel`=45 WHERE `entry`=105395; -- Goldfish
UPDATE `creature_template` SET `minlevel`=45, `maxlevel`=45 WHERE `entry`=105372; -- Nightborne Steward
UPDATE `creature_template` SET `minlevel`=45, `maxlevel`=45 WHERE `entry`=104369; -- Mornath
UPDATE `creature_template` SET `minlevel`=45, `maxlevel`=45 WHERE `entry`=105759; -- High Mage of the Duskwatch
UPDATE `creature_template` SET `minlevel`=45, `maxlevel`=45 WHERE `entry`=105401; -- Warden Owl
UPDATE `creature_template` SET `minlevel`=45, `maxlevel`=45 WHERE `entry`=105837; -- Nightborne Lush
UPDATE `creature_template` SET `minlevel`=45, `maxlevel`=45 WHERE `entry`=105836; -- Nightborne Socialite
UPDATE `creature_template` SET `minlevel`=45, `maxlevel`=45 WHERE `entry`=105835; -- Lunastre Attendant
UPDATE `creature_template` SET `minlevel`=45, `maxlevel`=45 WHERE `entry`=105351; -- Masqued Reveler
UPDATE `creature_template` SET `minlevel`=45, `maxlevel`=45 WHERE `entry`=107567; -- Suramar Shieldguard
UPDATE `creature_template` SET `minlevel`=45, `maxlevel`=45, `unit_flags3`=16777216 WHERE `entry`=113606; -- Ley Ward
UPDATE `creature_template` SET `minlevel`=45, `maxlevel`=45 WHERE `entry`=99765; -- Wyrmtongue Toady
UPDATE `creature_template` SET `minlevel`=45, `maxlevel`=45 WHERE `entry`=100047; -- Felsoul Doomguard
UPDATE `creature_template` SET `minlevel`=45, `maxlevel`=45 WHERE `entry`=99762; -- Legion Endbringer
UPDATE `creature_template` SET `minlevel`=45, `maxlevel`=45, `unit_flags3`=16777217 WHERE `entry`=106258; -- Lunastre Memorial Controller Bunny
UPDATE `creature_template` SET `minlevel`=45, `maxlevel`=45 WHERE `entry`=109954; -- Magister Phaedris
UPDATE `creature_template` SET `minlevel`=45, `maxlevel`=45 WHERE `entry`=113124; -- Screeching Hag-Sister
UPDATE `creature_template` SET `minlevel`=45, `maxlevel`=45 WHERE `entry`=110949; -- Screeching Harridan
UPDATE `creature_template` SET `minlevel`=45, `maxlevel`=45 WHERE `entry`=109950; -- Unstable Illusion
UPDATE `creature_template` SET `minlevel`=45, `maxlevel`=45 WHERE `entry`=132598; -- Yorilan
UPDATE `creature_template` SET `minlevel`=60, `maxlevel`=60 WHERE `entry`=109469; -- Great Eagle
UPDATE `creature_template` SET `unit_flags3`=8388608 WHERE `entry`=103626; -- Forsaken Guard
UPDATE `creature_template` SET `unit_flags`=2181300992 WHERE `entry`=31714; -- Cosmetic Ribbon Snake
UPDATE `creature_template` SET `minlevel`=45, `maxlevel`=45 WHERE `entry`=97767; -- Hexpriest
UPDATE `creature_template` SET `minlevel`=45, `maxlevel`=45 WHERE `entry`=97792; -- Sun Priest
UPDATE `creature_template` SET `minlevel`=48, `maxlevel`=48 WHERE `entry`=120412; -- Farseer Nobundo
UPDATE `creature_template` SET `minlevel`=48, `maxlevel`=48 WHERE `entry`=120415; -- Highlord Darion Mograine
UPDATE `creature_template` SET `minlevel`=48, `maxlevel`=48 WHERE `entry`=120424; -- Alonsus Faol
UPDATE `creature_template` SET `minlevel`=48, `maxlevel`=48 WHERE `entry`=120421; -- Ritssyn Flamescowl
UPDATE `creature_template` SET `unit_flags3`=16777216 WHERE `entry`=54638; -- Generic Bunny
UPDATE `creature_template` SET `minlevel`=48, `maxlevel`=48 WHERE `entry`=120420; -- Iron-Body Ponshu
UPDATE `creature_template` SET `minlevel`=48, `maxlevel`=48 WHERE `entry`=120423; -- Emmarel Shadewarden
UPDATE `creature_template` SET `minlevel`=48, `maxlevel`=48 WHERE `entry`=120422; -- Lady Liadrin
UPDATE `creature_template` SET `minlevel`=48, `maxlevel`=48 WHERE `entry`=120417; -- Meryl Felstorm
UPDATE `creature_template` SET `minlevel`=48, `maxlevel`=48 WHERE `entry`=120416; -- Lord Jorach Ravenholdt
UPDATE `creature_template` SET `minlevel`=48, `maxlevel`=48 WHERE `entry`=120419; -- Kor'vas Bloodthorn
UPDATE `creature_template` SET `minlevel`=48, `maxlevel`=48 WHERE `entry`=120418; -- Havi
UPDATE `creature_template` SET `minlevel`=48, `maxlevel`=48 WHERE `entry`=120413; -- Rensar Greathoof
UPDATE `creature_template` SET `unit_flags`=2181300992 WHERE `entry`=31730; -- Cosmetic Frog
UPDATE `creature_template` SET `minlevel`=60 WHERE `entry`=25058; -- Fuzz
UPDATE `creature_template` SET `minlevel`=60, `npcflag`=2097152 WHERE `entry`=142666; -- Collector Unta
UPDATE `creature_template` SET `minlevel`=60, `maxlevel`=60 WHERE `entry`=123490; -- Warpweaver Swaggiss
UPDATE `creature_template` SET `unit_flags`=2181300992 WHERE `entry`=31719; -- Cosmetic Frenzy
UPDATE `creature_template` SET `minlevel`=45, `maxlevel`=45 WHERE `entry`=97725; -- Priestess of Elune
UPDATE `creature_template` SET `minlevel`=60, `maxlevel`=60 WHERE `entry`=96813; -- Aludane Whitecloud
UPDATE `creature_template` SET `unit_flags3`=16777216 WHERE `entry`=106528; -- Flower Pot
UPDATE `creature_template` SET `minlevel`=60 WHERE `entry`=27047; -- Invisible Stalker (Floating Only)
UPDATE `creature_template` SET `minlevel`=1, `maxlevel`=1 WHERE `entry`=102266; -- Violet Hold Guard
UPDATE `creature_template` SET `unit_flags`=2181300992 WHERE `entry`=31742; -- Cosmetic Prairie Dog
UPDATE `creature_template` SET `minlevel`=45, `maxlevel`=45 WHERE `entry`=97515; -- Sorrow
UPDATE `creature_template` SET `unit_flags3`=16777217 WHERE `entry`=118524; -- Dalaran Crystal
UPDATE `creature_template` SET `unit_flags3`=16777216 WHERE `entry`=97212; -- 7.0 Dalaran - Shopkeeper - Dummy
UPDATE `creature_template` SET `minlevel`=63, `maxlevel`=63 WHERE `entry`=142668; -- Merchant Maku
UPDATE `creature_template` SET `minlevel`=60 WHERE `entry`=35845; -- Dave's Industrial Light and Magic Bunny (Small)(Sessile)
UPDATE `creature_template` SET `minlevel`=45, `maxlevel`=45, `unit_flags3`=8388608 WHERE `entry`=104091; -- Kirin Tor Guardian
UPDATE `creature_template` SET `unit_flags3`=16777216 WHERE `entry`=101436; -- Wormhole
UPDATE `creature_template` SET `minlevel`=60 WHERE `entry`=43359; -- ELM General Purpose Bunny Infinite Hide Body


replace INTO `npc_spellclick_spells` (`npc_entry`, `spell_id`, `cast_flags`, `user_type`) VALUES
(103089, 47020, 0, 0),
(100742, 229717, 0, 0),
(103005, 203573, 0, 0),
(115279, 229270, 0, 0),
(103816, 208883, 0, 0),
(97554, 192456, 0, 0),
(97565, 192481, 0, 0),
(97548, 192456, 0, 0);


UPDATE `creature_template` SET `HealthModifier`=1.179999947547912597, `CreatureDifficultyID`=114670 WHERE `entry`=102962; -- Nightmare Abomination
UPDATE `creature_template` SET `HealthModifier`=6.420000076293945312, `CreatureDifficultyID`=114662 WHERE `entry`=107638; -- Druidic Preserver
UPDATE `creature_template` SET `HealthModifier`=33.25, `CreatureDifficultyID`=114668 WHERE `entry`=96512; -- Archdruid Glaidalis
UPDATE `creature_template` SET `HealthModifier`=0.889999985694885253, `CreatureDifficultyID`=114674 WHERE `entry`=100991; -- Strangling Roots
UPDATE `creature_template` SET `HealthModifier`=0.639999985694885253, `CreatureDifficultyID`=114680 WHERE `entry`=101072; -- Corrupted Dragon Egg
UPDATE `creature_template` SET `CreatureDifficultyID`=114682 WHERE `entry`=101074;
UPDATE `creature_template` SET `HealthModifier`=1.279999971389770507, `CreatureDifficultyID`=114638 WHERE `entry`=101078; -- Acid Breath Invisible Stalker
UPDATE `creature_template` SET `CreatureDifficultyID`=114672 WHERE `entry`=103344;
UPDATE `creature_template` SET `HealthModifier`=12.82999992370605468, `CreatureDifficultyID`=114686 WHERE `entry`=101329; -- Nightmare Bindings
UPDATE `creature_template` SET `HealthModifier`=40, `CreatureDifficultyID`=114688 WHERE `entry`=99192; -- Shade of Xavius
UPDATE `creature_template` SET `HealthModifier`=32, `CreatureDifficultyID`=114742 WHERE `entry`=99200; -- Dresaron
UPDATE `creature_template` SET `HealthModifier`=4.25, `CreatureDifficultyID`=114698 WHERE `entry`=99358; -- Rotheart Dryad
UPDATE `creature_template` SET `HealthModifier`=7.059999942779541015, `CreatureDifficultyID`=114708 WHERE `entry`=99359; -- Rotheart Keeper
UPDATE `creature_template` SET `HealthModifier`=6.420000076293945312, `CreatureDifficultyID`=114716 WHERE `entry`=99360; -- Vilethorn Blossom
UPDATE `creature_template` SET `CreatureDifficultyID`=114750 WHERE `entry`=99365;
UPDATE `creature_template` SET `CreatureDifficultyID`=114752 WHERE `entry`=99366;
UPDATE `creature_template` SET `CreatureDifficultyID`=114700 WHERE `entry`=101679;
UPDATE `creature_template` SET `HealthModifier`=5.5, `CreatureDifficultyID`=114734 WHERE `entry`=101991; -- Nightmare Dweller
UPDATE `creature_template` SET `HealthModifier`=0.639999985694885253, `CreatureDifficultyID`=114678 WHERE `entry`=111001; -- Horror Corrupted Egg
UPDATE `creature_template` SET `HealthModifier`=0.639999985694885253, `CreatureDifficultyID`=114642 WHERE `entry`=111042; -- Nightmare Fire
UPDATE `creature_template` SET `HealthModifier`=7.699999809265136718, `CreatureDifficultyID`=116529 WHERE `entry`=113398; -- Bloodtainted Fury
UPDATE `creature_template` SET `HealthScalingExpansion`=0 WHERE `entry`=102266;
UPDATE `creature_template` SET `CreatureDifficultyID`=114706 WHERE `entry`=95766;
UPDATE `creature_template` SET `CreatureDifficultyID`=114718 WHERE `entry`=95769;
UPDATE `creature_template` SET `CreatureDifficultyID`=114692 WHERE `entry`=95771;
UPDATE `creature_template` SET `CreatureDifficultyID`=114724 WHERE `entry`=95772;
UPDATE `creature_template` SET `CreatureDifficultyID`=114694 WHERE `entry`=95779;
UPDATE `creature_template` SET `HealthModifier`=6.420000076293945312, `CreatureDifficultyID`=114732 WHERE `entry`=100400; -- Dead Perserver Druid
UPDATE `creature_template` SET `HealthModifier`=6.420000076293945312, `CreatureDifficultyID`=114660 WHERE `entry`=100403; -- Druidic Preserver
UPDATE `creature_template` SET `HealthModifier`=1.279999971389770507, `CreatureDifficultyID`=114622 WHERE `entry`=100404; -- Perserver Ray Invisible Stalker
UPDATE `creature_template` SET `HealthModifier`=4.25, `CreatureDifficultyID`=114740 WHERE `entry`=100526; -- Tormented Bloodseeker
UPDATE `creature_template` SET `CreatureDifficultyID`=114744 WHERE `entry`=100527;
UPDATE `creature_template` SET `CreatureDifficultyID`=114754 WHERE `entry`=100529;
UPDATE `creature_template` SET `CreatureDifficultyID`=114730 WHERE `entry`=100531;
UPDATE `creature_template` SET `CreatureDifficultyID`=114712 WHERE `entry`=100532;
UPDATE `creature_template` SET `HealthModifier`=0.639999985694885253, `CreatureDifficultyID`=114756 WHERE `entry`=100533; -- Corrupted Egg
UPDATE `creature_template` SET `CreatureDifficultyID`=114746 WHERE `entry`=100539;
UPDATE `creature_template` SET `HealthModifier`=1.279999971389770507, `CreatureDifficultyID`=114624 WHERE `entry`=102851; -- Shield Invisible Stalker
UPDATE `creature_template` SET `HealthModifier`=1421.550048828125, `CreatureDifficultyID`=114684 WHERE `entry`=100652; -- Malfurion Stormrage


UPDATE `gameobject_template` SET `VerifiedBuild`=45114 WHERE `entry` IN (254855, 254999, 254996, 254990, 254987, 254984, 254994, 254850, 254991, 254988, 254985, 254992, 254998, 254995, 254851, 254989, 254986, 254993, 254997, 254849, 252442, 253129, 225789, 249379, 249378, 245325, 253280, 253975, 266900, 253976, 261534, 265435, 261535, 261533, 253126, 258144, 252248, 258069, 258068, 254032, 254031, 254030, 246714, 258202, 258201, 258200, 258073, 258072, 258071, 254039, 254038, 258070, 254037, 254036, 254035, 253327, 253326, 253325, 253324, 253323, 258169, 258168, 253328, 252408, 258130, 258129, 241726, 244778, 251844, 265470, 265469, 251620, 259929, 254276, 254239, 254238, 254149, 254148, 254147, 266919, 254145, 246493, 259395, 259394, 259393, 242231, 278457, 250349, 250343, 250350, 250347, 242232, 259398, 259397, 259396, 250360, 250359, 250358, 250357, 250356, 250355, 250354, 250353, 250352, 250351, 250348, 250346, 250345, 250344, 250342, 250341, 250328, 250332, 250335, 250339, 250329, 250336, 250333, 251286, 250340, 242234, 242228, 250331, 250334, 259835, 251312, 251311, 250338, 250337, 259282, 259266, 250450, 242170, 251033, 251883, 241480, 252245, 244536, 251624, 268073, 148502, 268086, 244537, 244534, 270855, 244560, 224813, 251579, 245249, 244561, 259273, 259276, 251593, 259279, 259271, 251580, 241967, 242175, 251585, 241953, 250468, 241948, 259281, 259268, 250452, 242172, 241956, 259275, 259265, 250449, 242177, 242169, 242174, 251595, 259278, 259270, 251582, 250467, 241947, 259283, 259280, 259267, 250451, 241971, 241955, 259272, 251592, 251584, 259426, 259296, 259264, 259277, 242176, 259274, 259269, 251594, 251581, 250469, 241954, 241949, 241946);
UPDATE `gameobject_template` SET `Data19`=2, `ContentTuningId`=682, `VerifiedBuild`=45114 WHERE `entry`=242670; -- Treasure Chest
UPDATE `gameobject_template` SET `ContentTuningId`=682, `VerifiedBuild`=45114 WHERE `entry`=257289; -- Elven Treasure Chest
UPDATE `gameobject_template` SET `ContentTuningId`=348, `VerifiedBuild`=45114 WHERE `entry`=244818; -- Tur'xoran's Summoning Stone
UPDATE `gameobject_template` SET `ContentTuningId`=332, `VerifiedBuild`=45114 WHERE `entry`=248539; -- Blooming Nightmare Flower
UPDATE `gameobject_template` SET `ContentTuningId`=332, `VerifiedBuild`=45114 WHERE `entry`=251766; -- Bloodflower
UPDATE `gameobject_template` SET `Data19`=2, `ContentTuningId`=682, `VerifiedBuild`=45114 WHERE `entry`=242646; -- Small Treasure Chest
UPDATE `gameobject_template` SET `ContentTuningId`=348, `VerifiedBuild`=45114 WHERE `entry`=246489; -- Mossgill Perch School
UPDATE `gameobject_template` SET `Data19`=2, `ContentTuningId`=682, `VerifiedBuild`=45114 WHERE `entry`=242959; -- Treasure Chest
UPDATE `gameobject_template` SET `ContentTuningId`=682, `VerifiedBuild`=45114 WHERE `entry` IN (244776, 244775); -- Dreamleaf
UPDATE `gameobject_template` SET `Data19`=2, `ContentTuningId`=682, `VerifiedBuild`=45114 WHERE `entry`=254126; -- Small Treasure Chest
UPDATE `gameobject_template` SET `Data18`=682, `Data19`=2, `ContentTuningId`=335, `VerifiedBuild`=45114 WHERE `entry`=252813; -- Small Treasure Chest
UPDATE `gameobject_template` SET `ContentTuningId`=339, `VerifiedBuild`=45114 WHERE `entry`=252261; -- Leyline Feed
UPDATE `gameobject_template` SET `ContentTuningId`=347, `VerifiedBuild`=45114 WHERE `entry`=248114; -- Rich Soil
UPDATE `gameobject_template` SET `ContentTuningId`=347, `VerifiedBuild`=45114 WHERE `entry`=245327; -- Kel'danath's Notes
UPDATE `gameobject_template` SET `ContentTuningId`=335, `VerifiedBuild`=45114 WHERE `entry`=245328; -- Enchanted Scroll
UPDATE `gameobject_template` SET `ContentTuningId`=348, `VerifiedBuild`=45114 WHERE `entry`=246492; -- Runescale Koi School
UPDATE `gameobject_template` SET `ContentTuningId`=339, `VerifiedBuild`=45114 WHERE `entry`=253144; -- Teleportation Nexus
UPDATE `gameobject_template` SET `ContentTuningId`=335, `VerifiedBuild`=45114 WHERE `entry`=252774; -- Ancient Mana Crystal
UPDATE `gameobject_template` SET `ContentTuningId`=335, `VerifiedBuild`=45114 WHERE `entry`=247023; -- Shadowbloom
UPDATE `gameobject_template` SET `ContentTuningId`=335, `VerifiedBuild`=45114 WHERE `entry`=249345; -- Overlooked Crate
UPDATE `gameobject_template` SET `ContentTuningId`=335, `VerifiedBuild`=45114 WHERE `entry`=246731; -- Elven Waypost
UPDATE `gameobject_template` SET `ContentTuningId`=335, `VerifiedBuild`=45114 WHERE `entry`=266124; -- Fel Portal Rune
UPDATE `gameobject_template` SET `ContentTuningId`=335, `VerifiedBuild`=45114 WHERE `entry`=245507; -- Supply Cache
UPDATE `gameobject_template` SET `ContentTuningId`=335, `VerifiedBuild`=45114 WHERE `entry`=257291; -- Nightborne Treasure Chest
UPDATE `gameobject_template` SET `Data1`=0, `Data30`=61148, `ContentTuningId`=348, `VerifiedBuild`=45114 WHERE `entry`=243052; -- Leyweavers' Runic Catgut
UPDATE `gameobject_template` SET `Data1`=0, `Data30`=61146, `ContentTuningId`=348, `VerifiedBuild`=45114 WHERE `entry`=243050; -- Leyweavers' Sharpened Spritethorns
UPDATE `gameobject_template` SET `Data1`=0, `Data30`=61145, `ContentTuningId`=348, `VerifiedBuild`=45114 WHERE `entry`=243049; -- Leyweavers' Silkweave
UPDATE `gameobject_template` SET `Data1`=0, `Data30`=61144, `ContentTuningId`=348, `VerifiedBuild`=45114 WHERE `entry`=243048; -- Leyweavers' Amber Dye
UPDATE `gameobject_template` SET `ContentTuningId`=348, `VerifiedBuild`=45114 WHERE `entry`=243046; -- Leyweavers' Finishing Table
UPDATE `gameobject_template` SET `ContentTuningId`=348, `VerifiedBuild`=45114 WHERE `entry`=243045; -- Leyweavers' Dyeing Tub
UPDATE `gameobject_template` SET `ContentTuningId`=348, `VerifiedBuild`=45114 WHERE `entry` IN (242575, 242574); -- Teleportation Crystal
UPDATE `gameobject_template` SET `ContentTuningId`=348, `VerifiedBuild`=45114 WHERE `entry`=242566; -- Queen's Grace Loom
UPDATE `gameobject_template` SET `ContentTuningId`=335, `VerifiedBuild`=45114 WHERE `entry`=249021; -- Enchanted Party Mask
UPDATE `gameobject_template` SET `ContentTuningId`=335, `VerifiedBuild`=45114 WHERE `entry`=260498; -- Leypetal Blossom
UPDATE `gameobject_template` SET `Data19`=2, `ContentTuningId`=335, `VerifiedBuild`=45114 WHERE `entry`=252806; -- Small Treasure Chest
UPDATE `gameobject_template` SET `ContentTuningId`=335, `VerifiedBuild`=45114 WHERE `entry`=266106; -- Legion Portal
UPDATE `gameobject_template` SET `Data19`=2, `ContentTuningId`=335, `VerifiedBuild`=45114 WHERE `entry`=252860; -- Small Treasure Chest
UPDATE `gameobject_template` SET `ContentTuningId`=335, `VerifiedBuild`=45114 WHERE `entry`=266103; -- Courier Bag
UPDATE `gameobject_template` SET `ContentTuningId`=335, `VerifiedBuild`=45114 WHERE `entry`=247050; -- Mornath's Curio Chest
UPDATE `gameobject_template` SET `ContentTuningId`=464, `VerifiedBuild`=45114 WHERE `entry`=280902; -- All (Always Curtain)
UPDATE `gameobject_template` SET `ContentTuningId`=464, `VerifiedBuild`=45114 WHERE `entry`=280901; -- All (Always Collision)
UPDATE `gameobject_template` SET `ContentTuningId`=464, `VerifiedBuild`=45114 WHERE `entry`=280900; -- All
UPDATE `gameobject_template` SET `ContentTuningId`=464, `VerifiedBuild`=45114 WHERE `entry`=280899; -- Yellow
UPDATE `gameobject_template` SET `ContentTuningId`=464, `VerifiedBuild`=45114 WHERE `entry`=280898; -- Green
UPDATE `gameobject_template` SET `ContentTuningId`=464, `VerifiedBuild`=45114 WHERE `entry`=280897; -- Blue
UPDATE `gameobject_template` SET `ContentTuningId`=464, `VerifiedBuild`=45114 WHERE `entry`=280896; -- Red
UPDATE `gameobject_template` SET `ContentTuningId`=335, `VerifiedBuild`=45114 WHERE `entry`=253135; -- Teleporter
UPDATE `gameobject_template` SET `ContentTuningId`=335, `VerifiedBuild`=45114 WHERE `entry`=249697; -- Lunastre Memorial
UPDATE `gameobject_template` SET `ContentTuningId`=335, `VerifiedBuild`=45114 WHERE `entry`=247609; -- Arcane Glowlamp
