

replace INTO `areatrigger_template` (`Id`, `IsServerSide`, `Type`, `Flags`, `Data0`, `Data1`, `Data2`, `Data3`, `Data4`, `Data5`, `VerifiedBuild`) VALUES
(3575, 0, 0, 0, 4, 4, 0, 0, 0, 0, 44325),
(15181, 0, 0, 4, 3, 3, 0, 0, 0, 0, 44325),
(12967, 0, 4, 0, 3, 3, 0.5, 0.5, 0.300000011920928955, 0.300000011920928955, 44325),
(13459, 0, 4, 0, 3, 3, 3, 3, 0.300000011920928955, 0.300000011920928955, 44325);


replace INTO `areatrigger_create_properties` (`Id`, `AreaTriggerId`, `MoveCurveId`, `ScaleCurveId`, `MorphCurveId`, `FacingCurveId`, `AnimId`, `AnimKitId`, `DecalPropertiesId`, `TimeToTarget`, `TimeToTargetScale`, `Shape`, `ShapeData0`, `ShapeData1`, `ShapeData2`, `ShapeData3`, `ShapeData4`, `ShapeData5`, `ShapeData6`, `ShapeData7`, `VerifiedBuild`) VALUES
(473, 3575, 0, 0, 0, 0, -1, 0, 0, 0, 0, 0, 4, 4, 0, 0, 0, 0, 0, 0, 44325), -- SpellId : 131234
(9470, 13459, 0, 0, 0, 0, -1, 0, 0, 0, 5000, 4, 3, 3, 3, 3, 0.300000011920928955, 0.300000011920928955, 0, 0, 44325); -- SpellId : 233777


DELETE FROM `conversation_actors` WHERE (`Idx`=0 AND `ConversationId` IN (4556,4599));
INSERT INTO `conversation_actors` (`ConversationId`, `ConversationActorId`, `Idx`, `CreatureId`, `CreatureDisplayInfoId`, `NoActorObject`, `ActivePlayerObject`, `VerifiedBuild`) VALUES
(4556, 51642, 0, 117257, 73318, 0, 0, 44325),
(4599, 51642, 0, 117530, 74146, 0, 0, 44325);


DELETE FROM `conversation_line_template` WHERE `Id` IN (10176, 10261);
INSERT INTO `conversation_line_template` (`Id`, `UiCameraID`, `ActorIdx`, `Flags`, `VerifiedBuild`) VALUES
(10176, 128, 0, 0, 44325),
(10261, 296, 0, 0, 44325);


DELETE FROM `conversation_template` WHERE `Id` IN (4599, 4556);
INSERT INTO `conversation_template` (`Id`, `FirstLineID`, `TextureKitId`, `VerifiedBuild`) VALUES
(4599, 10261, 0, 44325),
(4556, 10176, 0, 44325);

DELETE FROM `conversation_actors` WHERE (`Idx`=0 AND `ConversationId` IN (11629,11614,11626,11679,11628,11627)) OR (`Idx`=1 AND `ConversationId` IN (11629,11614,11626));
INSERT INTO `conversation_actors` (`ConversationId`, `ConversationActorId`, `Idx`, `CreatureId`, `CreatureDisplayInfoId`, `NoActorObject`, `ActivePlayerObject`, `VerifiedBuild`) VALUES
(11629, 70482, 0, 0, 0, 0, 0, 44325), -- Full: 0x203B090E8096DC0000466F0000BE8F70 Creature/0 R3778/S18031 Map: 2164 (The Eternal Palace) Entry: 154480 Low: 12488560
(11629, 70519, 1, 0, 0, 0, 0, 44325), -- Full: 0x203B090E80972DC000466F00003E8F70 Creature/0 R3778/S18031 Map: 2164 (The Eternal Palace) Entry: 154807 Low: 4099952
(11614, 70482, 0, 154480, 86567, 0, 0, 44325),
(11614, 70481, 1, 154470, 86964, 0, 0, 44325),
(11626, 70480, 1, 0, 0, 0, 0, 44325), -- Full: 0x0
(11626, 70825, 0, 0, 0, 0, 0, 44325), -- Full: 0x0
(11679, 70480, 0, 154469, 67345, 0, 0, 44325),
(11628, 70480, 0, 154469, 67345, 0, 0, 44325),
(11627, 70480, 0, 154469, 67345, 0, 0, 44325);


DELETE FROM `conversation_line_template` WHERE `Id` IN (28039, 28038, 28037, 27991, 27990, 27989, 28032, 28031, 28030, 28029, 28186, 28036, 28035, 28034, 28033);
INSERT INTO `conversation_line_template` (`Id`, `UiCameraID`, `ActorIdx`, `Flags`, `VerifiedBuild`) VALUES
(28039, 0, 0, 0, 44325),
(28038, 0, 1, 0, 44325),
(28037, 0, 0, 0, 44325),
(27991, 1251, 0, 0, 44325),
(27990, 101, 1, 0, 44325),
(27989, 1251, 0, 0, 44325),
(28032, 0, 1, 0, 44325),
(28031, 0, 1, 0, 44325),
(28030, 0, 0, 0, 44325),
(28029, 0, 0, 0, 44325),
(28186, 1226, 0, 0, 44325),
(28036, 1226, 0, 0, 44325),
(28035, 1226, 0, 0, 44325),
(28034, 1226, 0, 0, 44325),
(28033, 1226, 0, 0, 44325);


DELETE FROM `conversation_template` WHERE `Id` IN (11627, 11628, 11679, 11629, 11626, 11614);
INSERT INTO `conversation_template` (`Id`, `FirstLineID`, `TextureKitId`, `VerifiedBuild`) VALUES
(11627, 28033, 0, 44325),
(11628, 28035, 0, 44325),
(11679, 28186, 0, 44325),
(11629, 28037, 0, 44325),
(11626, 28029, 0, 44325),
(11614, 27989, 0, 44325);

INSERT ignore INTO `areatrigger_create_properties_spline_point` (`AreaTriggerCreatePropertiesId`, `Idx`, `X`, `Y`, `Z`, `VerifiedBuild`) VALUES
(16694, 31, -13.2220783233642578, 56.47281265258789062, 0, 44325), -- SpellId : 296419
(16694, 30, -13.2220783233642578, 56.47281265258789062, 0, 44325), -- SpellId : 296419
(16694, 29, 47.911834716796875, 28.99062347412109375, 0, 44325), -- SpellId : 296419
(16694, 28, 40.86378097534179687, -35.3008079528808593, 0, 44325), -- SpellId : 296419
(16694, 27, -20.1697444915771484, -47.9289436340332031, 0, 44325), -- SpellId : 296419
(16694, 26, -49.8230171203613281, 4.203531742095947265, 0, 44325), -- SpellId : 296419
(16694, 25, -10.9424028396606445, 46.736083984375, 0, 44325), -- SpellId : 296419
(16694, 24, 39.35618209838867187, 23.81370925903320312, 0, 44325), -- SpellId : 296419
(16694, 23, 33.296417236328125, -28.7636299133300781, 0, 44325), -- SpellId : 296419
(16694, 22, -16.2909221649169921, -38.7118415832519531, 0, 44325), -- SpellId : 296419
(16694, 21, -39.8583793640136718, 3.36286783218383789, 0, 44325), -- SpellId : 296419
(16694, 20, -8.66271305084228515, 36.99941635131835937, 0, 44325), -- SpellId : 296419
(16694, 19, 30.80047416687011718, 18.63680839538574218, 0, 44325), -- SpellId : 296419
(16694, 18, 25.72904777526855468, -22.2264537811279296, 0, 44325), -- SpellId : 296419
(16694, 17, -12.4121589660644531, -29.4947280883789062, 0, 44325), -- SpellId : 296419
(16694, 16, -29.8938140869140625, 2.522157669067382812, 0, 44325), -- SpellId : 296419
(16694, 15, -6.38308382034301757, 27.26276016235351562, 0, 44325), -- SpellId : 296419
(16694, 14, 22.24476432800292968, 13.45990943908691406, 0, 44325), -- SpellId : 296419
(16694, 13, 18.16168212890625, -15.6892757415771484, 0, 44325), -- SpellId : 296419
(16694, 12, -8.53333568572998046, -20.2776260375976562, 0, 44325), -- SpellId : 296419
(16694, 11, -19.9291896820068359, 1.681433916091918945, 0, 44325), -- SpellId : 296419
(16694, 10, -4.10340833663940429, 17.52603340148925781, 0, 44325), -- SpellId : 296419
(16694, 9, 13.68912696838378906, 8.283055305480957031, 0, 44325), -- SpellId : 296419
(16694, 8, 10.5943145751953125, -9.15209865570068359, 0, 44325), -- SpellId : 296419
(16694, 7, -4.6545729637145996, -11.0605125427246093, 0, 44325), -- SpellId : 296419
(16694, 6, -9.96462440490722656, 0.840723693370819091, 0, 44325), -- SpellId : 296419
(16694, 5, -1.82371926307678222, 7.789364814758300781, 0, 44325), -- SpellId : 296419
(16694, 4, 5.133416652679443359, 3.106154680252075195, 0, 44325), -- SpellId : 296419
(16694, 3, 3.026961326599121093, -2.61486172676086425, 0, 44325), -- SpellId : 296419
(16694, 2, -0.77574992179870605, -1.84341108798980712, 0, 44325), -- SpellId : 296419
(16694, 1, -0, -0, 0, 44325), -- SpellId : 296419
(16694, 0, -0, -0, 0, 44325), -- SpellId : 296419
(17469, 31, -37.8936386108398437, 43.90983963012695312, 0, 44325), -- SpellId : 304068
(17469, 30, -37.8936386108398437, 43.90983963012695312, 0, 44325), -- SpellId : 304068
(17469, 29, 29.01470375061035156, 47.89726638793945312, 0, 44325), -- SpellId : 304068
(17469, 28, 52.57190704345703125, -12.3366470336914062, 0, 44325), -- SpellId : 304068
(17469, 27, 4.3456268310546875, -51.8180732727050781, 0, 44325), -- SpellId : 304068
(17469, 26, -46.0952491760253906, -19.3707561492919921, 0, 44325), -- SpellId : 304068
(17469, 25, -31.3602676391601562, 36.33913040161132812, 0, 44325), -- SpellId : 304068
(17469, 24, 23.83349990844726562, 39.34417724609375, 0, 44325), -- SpellId : 304068
(17469, 23, 42.83639144897460937, -10.0520343780517578, 0, 44325), -- SpellId : 304068
(17469, 22, 3.509972095489501953, -41.8530807495117187, 0, 44325), -- SpellId : 304068
(17469, 21, -36.8762092590332031, -15.496612548828125, 0, 44325), -- SpellId : 304068
(17469, 20, -24.826883316040039, 28.76850700378417968, 0, 44325), -- SpellId : 304068
(17469, 19, 18.65229606628417968, 30.79109001159667968, 0, 44325), -- SpellId : 304068
(17469, 18, 33.10086441040039062, -7.76750707626342773, 0, 44325), -- SpellId : 304068
(17469, 17, 2.674231529235839843, -31.8880767822265625, 0, 44325), -- SpellId : 304068
(17469, 16, -27.6571674346923828, -11.6224689483642578, 0, 44325), -- SpellId : 304068
(17469, 15, -18.2934627532958984, 21.19783401489257812, 0, 44325), -- SpellId : 304068
(17469, 14, 13.47109222412109375, 22.23800086975097656, 0, 44325), -- SpellId : 304068
(17469, 13, 23.36529922485351562, -5.48293113708496093, 0, 44325), -- SpellId : 304068
(17469, 12, 1.8385392427444458, -21.92303466796875, 0, 44325), -- SpellId : 304068
(17469, 11, -18.4381275177001953, -7.74832534790039062, 0, 44325), -- SpellId : 304068
(17469, 10, -11.7600793838500976, 13.62720966339111328, 0, 44325), -- SpellId : 304068
(17469, 9, 8.289936065673828125, 13.68494987487792968, 0, 44325), -- SpellId : 304068
(17469, 8, 13.62977313995361328, -3.19840383529663085, 0, 44325), -- SpellId : 304068
(17469, 7, 1.002846956253051757, -11.957991600036621, 0, 44325), -- SpellId : 304068
(17469, 6, -9.2190399169921875, -3.87414383888244628, 0, 44325), -- SpellId : 304068
(17469, 5, -5.22670650482177734, 6.056499481201171875, 0, 44325), -- SpellId : 304068
(17469, 4, 3.108732223510742187, 5.131860733032226562, 0, 44325), -- SpellId : 304068
(17469, 3, 3.894208669662475585, -0.91382807493209838, 0, 44325), -- SpellId : 304068
(17469, 2, 0.167143777012825012, -1.9930351972579956, 0, 44325), -- SpellId : 304068
(17469, 1, 0, 0, 0, 44325), -- SpellId : 304068
(17469, 0, 0, 0, 0, 44325), -- SpellId : 304068
(17424, 26, 28.28455352783203125, -10.5619850158691406, 3.4300537109375, 44325), -- SpellId : 303523
(17424, 25, 28.28455352783203125, -10.5619850158691406, 3.4300537109375, 44325), -- SpellId : 303523
(17424, 24, 27.10622978210449218, -10.1219491958618164, 3.2523193359375, 44325), -- SpellId : 303523
(17424, 23, 25.92766380310058593, -9.68187522888183593, 3.0743408203125, 44325), -- SpellId : 303523
(17424, 22, 24.74910736083984375, -9.24174118041992187, 3.0216064453125, 44325), -- SpellId : 303523
(17424, 21, 23.5705413818359375, -8.8016672134399414, 2.8885498046875, 44325), -- SpellId : 303523
(17424, 20, 22.39197540283203125, -8.36159324645996093, 2.8590087890625, 44325), -- SpellId : 303523
(17424, 19, 21.21341133117675781, -7.92151880264282226, 2.6129150390625, 44325), -- SpellId : 303523
(17424, 18, 20.03509521484375, -7.48142290115356445, 2.4381103515625, 44325), -- SpellId : 303523
(17424, 17, 18.85652923583984375, -7.04134893417358398, 2.0819091796875, 44325), -- SpellId : 303523
(17424, 16, 17.67796516418457031, -6.60127496719360351, 2.0794677734375, 44325), -- SpellId : 303523
(17424, 15, 16.49939918518066406, -6.16120100021362304, 1.6824951171875, 44325), -- SpellId : 303523
(17424, 14, 15.32084274291992187, -5.72106647491455078, 1.6824951171875, 44325), -- SpellId : 303523
(17424, 13, 14.14227676391601562, -5.28099250793457031, 1.7626953125, 44325), -- SpellId : 303523
(17424, 12, 12.96371173858642578, -4.84091854095458984, 1.5994873046875, 44325), -- SpellId : 303523
(17424, 11, 11.78538703918457031, -4.40088272094726562, 1.3021240234375, 44325), -- SpellId : 303523
(17424, 10, 10.60683059692382812, -3.96074867248535156, 1.0089111328125, 44325), -- SpellId : 303523
(17424, 9, 9.428264617919921875, -3.52067446708679199, 0.753662109375, 44325), -- SpellId : 303523
(17424, 8, 8.249699592590332031, -3.08060050010681152, 0.575927734375, 44325), -- SpellId : 303523
(17424, 7, 7.071133613586425781, -2.64052653312683105, 0.3895263671875, 44325), -- SpellId : 303523
(17424, 6, 5.892577648162841796, -2.20039200782775878, 0.3597412109375, 44325), -- SpellId : 303523
(17424, 5, 4.71401214599609375, -1.76031804084777832, 0.1669921875, 44325), -- SpellId : 303523
(17424, 4, 3.535687446594238281, -1.3202824592590332, 0.1143798828125, 44325), -- SpellId : 303523
(17424, 3, 2.357121706008911132, -0.88020837306976318, -0.063720703125, 44325), -- SpellId : 303523
(17424, 2, 1.178565621376037597, -0.44007405638694763, -0.0233154296875, 44325), -- SpellId : 303523
(17424, 1, -0, -0, 0, 44325), -- SpellId : 303523
(17424, 0, -0, -0, 0, 44325); -- SpellId : 303523

INSERT ignore INTO `areatrigger_create_properties_polygon_vertex` (`AreaTriggerCreatePropertiesId`, `Idx`, `VerticeX`, `VerticeY`, `VerticeTargetX`, `VerticeTargetY`, `VerifiedBuild`) VALUES
(16617, 18, 30, 0, NULL, NULL, 44325), -- SpellId : 296341
(16617, 17, 28.19000053405761718, -10.2700004577636718, NULL, NULL, 44325), -- SpellId : 296341
(16617, 16, 22.89999961853027343, -19.2900009155273437, NULL, NULL, 44325), -- SpellId : 296341
(16617, 15, 15, -25.989999771118164, NULL, NULL, 44325), -- SpellId : 296341
(16617, 14, 5.199999809265136718, -29.5499992370605468, NULL, NULL, 44325), -- SpellId : 296341
(16617, 13, -5.21000003814697265, -29.5499992370605468, NULL, NULL, 44325), -- SpellId : 296341
(16617, 12, -15, -25.989999771118164, NULL, NULL, 44325), -- SpellId : 296341
(16617, 11, -22.989999771118164, -19.2900009155273437, NULL, NULL, 44325), -- SpellId : 296341
(16617, 10, -28.2000007629394531, -10.2700004577636718, NULL, NULL, 44325), -- SpellId : 296341
(16617, 9, -30, 0, NULL, NULL, 44325), -- SpellId : 296341
(16617, 8, -28.2000007629394531, 10.26000022888183593, NULL, NULL, 44325), -- SpellId : 296341
(16617, 7, -22.989999771118164, 19.28000068664550781, NULL, NULL, 44325), -- SpellId : 296341
(16617, 6, -15, 25.97999954223632812, NULL, NULL, 44325), -- SpellId : 296341
(16617, 5, -5.21000003814697265, 29.54000091552734375, NULL, NULL, 44325), -- SpellId : 296341
(16617, 4, 5.199999809265136718, 29.54000091552734375, NULL, NULL, 44325), -- SpellId : 296341
(16617, 3, 15, 25.97999954223632812, NULL, NULL, 44325), -- SpellId : 296341
(16617, 2, 22.97999954223632812, 19.28000068664550781, NULL, NULL, 44325), -- SpellId : 296341
(16617, 1, 28.18923568725585937, 10.26041698455810546, NULL, NULL, 44325), -- SpellId : 296341
(16617, 0, 30, 0, NULL, NULL, 44325); -- SpellId : 296341

INSERT ignore INTO `areatrigger_create_properties` (`Id`, `AreaTriggerId`, `MoveCurveId`, `ScaleCurveId`, `MorphCurveId`, `FacingCurveId`, `AnimId`, `AnimKitId`, `DecalPropertiesId`, `TimeToTarget`, `TimeToTargetScale`, `Shape`, `ShapeData0`, `ShapeData1`, `ShapeData2`, `ShapeData3`, `ShapeData4`, `ShapeData5`, `ShapeData6`, `ShapeData7`, `VerifiedBuild`) VALUES
(24391, 28443, 0, 0, 0, 0, -1, 0, 0, 0, 15000, 0, 1, 1, 0, 0, 0, 0, 0, 0, 44325), -- SpellId : 365455
(16694, 21071, 0, 0, 0, 0, -1, 0, 0, 206391, 15000, 4, 4, 4, 8, 8, 0.300000011920928955, 0.300000011920928955, 0, 0, 44325), -- SpellId : 296419
(16617, 21002, 0, 0, 0, 0, -1, 0, 0, 0, 0, 3, 0, 0, 0, 0, 0, 0, 0, 0, 44325), -- SpellId : 296341
(16695, 21072, 0, 0, 0, 0, -1, 0, 0, 0, 300000, 0, 4, 4, 0, 0, 0, 0, 0, 0, 44325), -- SpellId : 296460
(17469, 21701, 0, 0, 0, 0, -1, 0, 0, 206391, 20000, 4, 4, 4, 4, 4, 1.5, 1.5, 0, 0, 44325), -- SpellId : 304068
(2147483648, 21772, 0, 0, 0, 0, -1, 0, 149, 0, 0, 4, 4, 4, 8, 8, 0.300000011920928955, 0.300000011920928955, 0, 0, 44325), -- SpellId : 0 CANNOT FIND PROPERTIES ID, USED SPELL ID AS KEY (NEEDS MANUAL CORRECTION)
(17398, 21639, 0, 0, 0, 0, -1, 0, 0, 0, 0, 0, 8, 8, 0, 0, 0, 0, 0, 0, 44325), -- SpellId : 303187
(17110, 21419, 0, 0, 0, 0, -1, 0, 0, 0, 0, 0, 1, 1, 0, 0, 0, 0, 0, 0, 44325), -- SpellId : 294711
(17104, 21411, 0, 11894, 0, 0, -1, 0, 374, 0, 2000, 0, 1, 1, 0, 0, 0, 0, 0, 0, 44325), -- SpellId : 299704
(16915, 21261, 0, 0, 0, 0, -1, 0, 0, 0, 3200, 0, 7, 7, 0, 0, 0, 0, 0, 0, 44325), -- SpellId : 296551
(16563, 20955, 0, 0, 0, 0, -1, 0, 0, 0, 20000, 0, 1.5, 1.5, 0, 0, 0, 0, 0, 0, 44325), -- SpellId : 295144
(16564, 20956, 0, 0, 0, 0, -1, 0, 0, 0, 20000, 0, 1.5, 1.5, 0, 0, 0, 0, 0, 0, 44325), -- SpellId : 295159
(17105, 21413, 0, 11895, 0, 0, -1, 0, 373, 0, 2000, 0, 1, 1, 0, 0, 0, 0, 0, 0, 44325), -- SpellId : 300719
(17424, 21661, 0, 0, 0, 0, -1, 0, 0, 5092, 5000, 0, 3, 3, 0, 0, 0, 0, 0, 0, 44325); -- SpellId : 303523

INSERT ignore INTO `areatrigger_template` (`Id`, `IsServerSide`, `Type`, `Flags`, `Data0`, `Data1`, `Data2`, `Data3`, `Data4`, `Data5`, `VerifiedBuild`) VALUES
(21639, 0, 0, 4, 8, 8, 0, 0, 0, 0, 44325),
(21772, 0, 4, 0, 4, 4, 8, 8, 0.300000011920928955, 0.300000011920928955, 44325),
(21771, 0, 4, 0, 4, 4, 8, 8, 0.300000011920928955, 0.300000011920928955, 44325),
(21770, 0, 4, 0, 4, 4, 8, 8, 0.300000011920928955, 0.300000011920928955, 44325),
(28443, 0, 0, 0, 1, 1, 0, 0, 0, 0, 44325),
(21071, 0, 4, 0, 4, 4, 8, 8, 0.300000011920928955, 0.300000011920928955, 44325),
(21002, 0, 3, 0, 0, 0, 0, 0, 0, 0, 44325),
(21072, 0, 0, 0, 4, 4, 0, 0, 0, 0, 44325),
(21701, 0, 4, 0, 4, 4, 4, 4, 1.5, 1.5, 44325),
(21419, 0, 0, 4, 1, 1, 0, 0, 0, 0, 44325),
(21411, 0, 0, 2, 1, 1, 0, 0, 0, 0, 44325),
(21261, 0, 0, 4, 7, 7, 0, 0, 0, 0, 44325),
(20956, 0, 0, 0, 1.5, 1.5, 0, 0, 0, 0, 44325),
(20955, 0, 0, 0, 1.5, 1.5, 0, 0, 0, 0, 44325),
(21413, 0, 0, 2, 1, 1, 0, 0, 0, 0, 44325),
(21661, 0, 0, 0, 3, 3, 0, 0, 0, 0, 44325);