# TrinityCore - WowPacketParser
# File name: dump_9.2.7.45335_2022-09-04_18-07-22 (1).pkt
# Detected build: V9_2_7_45335
# Detected locale:     
# Targeted database: Shadowlands
# Parsing date: 09/07/2022 17:24:41

DELETE FROM `quest_poi` WHERE (`QuestID`=70351 AND `BlobIndex`=1 AND `Idx1`=2) OR (`QuestID`=70351 AND `BlobIndex`=0 AND `Idx1`=1) OR (`QuestID`=70351 AND `BlobIndex`=0 AND `Idx1`=0) OR (`QuestID`=66997 AND `BlobIndex`=0 AND `Idx1`=1) OR (`QuestID`=66997 AND `BlobIndex`=0 AND `Idx1`=0) OR (`QuestID`=66879 AND `BlobIndex`=0 AND `Idx1`=1) OR (`QuestID`=66879 AND `BlobIndex`=0 AND `Idx1`=0) OR (`QuestID`=66648 AND `BlobIndex`=2 AND `Idx1`=2) OR (`QuestID`=66648 AND `BlobIndex`=1 AND `Idx1`=1) OR (`QuestID`=66648 AND `BlobIndex`=0 AND `Idx1`=0) OR (`QuestID`=65957 AND `BlobIndex`=0 AND `Idx1`=4) OR (`QuestID`=65957 AND `BlobIndex`=0 AND `Idx1`=3) OR (`QuestID`=65957 AND `BlobIndex`=0 AND `Idx1`=2) OR (`QuestID`=65957 AND `BlobIndex`=0 AND `Idx1`=1) OR (`QuestID`=65957 AND `BlobIndex`=0 AND `Idx1`=0) OR (`QuestID`=65956 AND `BlobIndex`=0 AND `Idx1`=2) OR (`QuestID`=65956 AND `BlobIndex`=0 AND `Idx1`=1) OR (`QuestID`=65956 AND `BlobIndex`=0 AND `Idx1`=0) OR (`QuestID`=65266 AND `BlobIndex`=6 AND `Idx1`=9) OR (`QuestID`=65266 AND `BlobIndex`=5 AND `Idx1`=8) OR (`QuestID`=65266 AND `BlobIndex`=4 AND `Idx1`=7) OR (`QuestID`=65266 AND `BlobIndex`=3 AND `Idx1`=6) OR (`QuestID`=65266 AND `BlobIndex`=2 AND `Idx1`=5) OR (`QuestID`=65266 AND `BlobIndex`=1 AND `Idx1`=4) OR (`QuestID`=65266 AND `BlobIndex`=0 AND `Idx1`=3) OR (`QuestID`=65266 AND `BlobIndex`=0 AND `Idx1`=2) OR (`QuestID`=65266 AND `BlobIndex`=0 AND `Idx1`=1) OR (`QuestID`=65266 AND `BlobIndex`=0 AND `Idx1`=0) OR (`QuestID`=64822 AND `BlobIndex`=0 AND `Idx1`=4) OR (`QuestID`=64822 AND `BlobIndex`=0 AND `Idx1`=3) OR (`QuestID`=64822 AND `BlobIndex`=0 AND `Idx1`=2) OR (`QuestID`=64822 AND `BlobIndex`=0 AND `Idx1`=1) OR (`QuestID`=64822 AND `BlobIndex`=0 AND `Idx1`=0) OR (`QuestID`=64821 AND `BlobIndex`=0 AND `Idx1`=2) OR (`QuestID`=64821 AND `BlobIndex`=0 AND `Idx1`=1) OR (`QuestID`=64821 AND `BlobIndex`=0 AND `Idx1`=0) OR (`QuestID`=64106 AND `BlobIndex`=0 AND `Idx1`=5) OR (`QuestID`=64106 AND `BlobIndex`=3 AND `Idx1`=4) OR (`QuestID`=64106 AND `BlobIndex`=2 AND `Idx1`=3) OR (`QuestID`=64106 AND `BlobIndex`=1 AND `Idx1`=2) OR (`QuestID`=64106 AND `BlobIndex`=0 AND `Idx1`=1) OR (`QuestID`=64106 AND `BlobIndex`=0 AND `Idx1`=0) OR (`QuestID`=63861 AND `BlobIndex`=1 AND `Idx1`=4) OR (`QuestID`=63861 AND `BlobIndex`=0 AND `Idx1`=3) OR (`QuestID`=63861 AND `BlobIndex`=1 AND `Idx1`=2) OR (`QuestID`=63861 AND `BlobIndex`=0 AND `Idx1`=1) OR (`QuestID`=63861 AND `BlobIndex`=0 AND `Idx1`=0) OR (`QuestID`=60501 AND `BlobIndex`=0 AND `Idx1`=0) OR (`QuestID`=56120 AND `BlobIndex`=0 AND `Idx1`=1) OR (`QuestID`=56120 AND `BlobIndex`=0 AND `Idx1`=0) OR (`QuestID`=53435 AND `BlobIndex`=0 AND `Idx1`=1) OR (`QuestID`=53435 AND `BlobIndex`=0 AND `Idx1`=0) OR (`QuestID`=50598 AND `BlobIndex`=0 AND `Idx1`=0) OR (`QuestID`=50562 AND `BlobIndex`=0 AND `Idx1`=0) OR (`QuestID`=25929 AND `BlobIndex`=0 AND `Idx1`=3) OR (`QuestID`=25929 AND `BlobIndex`=1 AND `Idx1`=2) OR (`QuestID`=25929 AND `BlobIndex`=0 AND `Idx1`=1) OR (`QuestID`=25929 AND `BlobIndex`=0 AND `Idx1`=0);
INSERT INTO `quest_poi` (`QuestID`, `BlobIndex`, `Idx1`, `ObjectiveIndex`, `QuestObjectiveID`, `QuestObjectID`, `MapID`, `UiMapID`, `Priority`, `Flags`, `WorldEffectID`, `PlayerConditionID`, `NavigationPlayerConditionID`, `SpawnTrackingID`, `AlwaysAllowMergingBlobs`, `VerifiedBuild`) VALUES
(70351, 1, 2, 32, 0, 0, 2444, 2022, 0, 0, 0, 0, 0, 2205169, 0, 45335), -- 70351
(70351, 0, 1, 32, 0, 0, 2444, 2022, 0, 0, 0, 0, 0, 2204271, 0, 45335), -- 70351
(70351, 0, 0, -1, 0, 0, 2444, 2022, 0, 0, 0, 0, 0, 2204271, 0, 45335), -- 70351
(66997, 0, 1, 32, 0, 0, 2444, 2022, 0, 0, 0, 0, 0, 2206529, 0, 45335), -- 66997
(66997, 0, 0, -1, 0, 0, 2444, 2022, 0, 0, 0, 0, 0, 2201799, 0, 45335), -- 66997
(66879, 0, 1, 32, 0, 0, 2444, 2022, 0, 0, 0, 0, 0, 2206546, 0, 45335), -- 66879
(66879, 0, 0, -1, 0, 0, 2444, 2022, 0, 0, 0, 0, 0, 2207235, 0, 45335), -- 66879
(66648, 2, 2, 0, 427705, 190258, 2374, 1970, 0, 2, 0, 96265, 0, 0, 0, 45335), -- 66648
(66648, 1, 1, 0, 427705, 190258, 2222, 1543, 0, 2, 0, 96264, 0, 0, 0, 45335), -- 66648
(66648, 0, 0, 0, 427705, 190258, 2222, 1525, 0, 2, 0, 96263, 0, 0, 0, 45335), -- 66648
(65957, 0, 4, 32, 0, 0, 2444, 2022, 0, 0, 0, 0, 0, 2173812, 0, 45335), -- 65957
(65957, 0, 3, 2, 423629, 181875, 2444, 2022, 0, 0, 0, 0, 0, 2175403, 0, 45335), -- 65957
(65957, 0, 2, 1, 423627, 186509, 2444, 2022, 0, 0, 0, 0, 0, 2175493, 0, 45335), -- 65957
(65957, 0, 1, 0, 423628, 186511, 2444, 2022, 0, 0, 0, 0, 0, 2175495, 0, 45335), -- 65957
(65957, 0, 0, -1, 0, 0, 2444, 2022, 0, 0, 0, 0, 0, 2176469, 0, 45335), -- 65957
(65956, 0, 2, 32, 0, 0, 2444, 2022, 0, 0, 0, 0, 0, 2173812, 0, 45335), -- 65956
(65956, 0, 1, 1, 423625, 186614, 2444, 2022, 0, 2, 0, 0, 0, 0, 1, 45335), -- 65956
(65956, 0, 0, -1, 0, 0, 2444, 2022, 0, 0, 0, 0, 0, 2176469, 0, 45335), -- 65956
(65266, 6, 9, 2, 422649, 188740, 2222, 1961, 0, 2, 0, 94401, 0, 0, 0, 45335), -- 65266
(65266, 5, 8, 2, 422649, 188740, 2222, 1961, 0, 2, 0, 94401, 0, 0, 0, 45335), -- 65266
(65266, 4, 7, 2, 422649, 188740, 2222, 1961, 0, 2, 0, 94401, 0, 0, 0, 45335), -- 65266
(65266, 3, 6, 2, 422649, 188740, 2222, 1961, 0, 2, 0, 94401, 0, 0, 0, 45335), -- 65266
(65266, 2, 5, 2, 422649, 188740, 2222, 1961, 0, 2, 0, 94401, 0, 0, 0, 45335), -- 65266
(65266, 1, 4, 2, 422649, 188740, 2222, 1961, 0, 2, 0, 94401, 0, 0, 0, 45335), -- 65266
(65266, 0, 3, 2, 422649, 188740, 2222, 1961, 0, 2, 0, 94401, 0, 0, 0, 45335), -- 65266
(65266, 0, 2, 1, 422651, 183883, 2222, 1961, 0, 2, 0, 0, 0, 0, 0, 45335), -- 65266
(65266, 0, 1, 0, 422653, 94218, 2222, 1961, 0, 0, 0, 0, 0, 2070863, 0, 45335), -- 65266
(65266, 0, 0, -1, 0, 0, 2222, 1961, 0, 0, 0, 0, 0, 2070863, 0, 45335), -- 65266
(64822, 0, 4, 32, 0, 0, 2374, 1970, 0, 0, 0, 0, 0, 2110780, 0, 45335), -- 64822
(64822, 0, 3, 2, 422416, 183469, 2374, 1970, 0, 0, 0, 0, 0, 2129533, 0, 45335), -- 64822
(64822, 0, 2, 1, 422415, 183459, 2374, 1970, 0, 0, 0, 0, 0, 2129532, 0, 45335), -- 64822
(64822, 0, 1, 0, 422414, 183456, 2374, 1970, 0, 0, 0, 0, 0, 2129308, 0, 45335), -- 64822
(64822, 0, 0, -1, 0, 0, 2374, 1970, 0, 0, 0, 0, 0, 2110780, 0, 45335), -- 64822
(64821, 0, 2, 32, 0, 0, 2374, 1970, 0, 0, 0, 0, 0, 2067773, 0, 45335), -- 64821
(64821, 0, 1, 0, 421574, 181668, 2374, 1970, 0, 2, 0, 0, 0, 0, 0, 45335), -- 64821
(64821, 0, 0, -1, 0, 0, 2374, 1970, 0, 0, 0, 0, 0, 2110780, 0, 45335), -- 64821
(64106, 0, 5, 32, 0, 0, 2222, 1961, 0, 8192, 0, 0, 0, 2062741, 0, 45335), -- 64106
(64106, 3, 4, 0, 420622, 91394, 2222, 1543, 0, 0, 0, 90100, 0, 2076469, 0, 45335), -- 64106
(64106, 2, 3, 0, 420622, 91394, 2222, 1543, 0, 0, 0, 90097, 0, 2066833, 0, 45335), -- 64106
(64106, 1, 2, 0, 420622, 91394, 2222, 1543, 0, 0, 0, 90098, 0, 2067395, 0, 45335), -- 64106
(64106, 0, 1, 0, 420622, 91394, 2222, 1543, 0, 0, 0, 89650, 0, 2060564, 0, 45335), -- 64106
(64106, 0, 0, -1, 0, 0, 2222, 1961, 0, 8192, 0, 0, 0, 2062741, 0, 45335), -- 64106
(63861, 1, 4, 32, 0, 0, 2222, 1961, 0, 0, 0, 0, 0, 2071108, 0, 45335), -- 63861
(63861, 0, 3, 32, 0, 0, 2222, 1961, 0, 0, 0, 0, 0, 2070863, 0, 45335), -- 63861
(63861, 1, 2, 0, 420044, 185916, 2222, 1961, 0, 2, 0, 92084, 0, 0, 0, 45335), -- 63861
(63861, 0, 1, 0, 420044, 185916, 2222, 2006, 0, 0, 0, 92085, 0, 2070960, 0, 45335), -- 63861
(63861, 0, 0, -1, 0, 0, 2222, 1961, 0, 0, 0, 0, 0, 2070863, 0, 45335), -- 63861
(60501, 0, 0, -1, 0, 0, 2222, 1525, 0, 2, 0, 0, 0, 1962536, 0, 45335), -- 60501
(56120, 0, 1, 32, 0, 0, 1718, 1355, 0, 2, 0, 0, 0, 0, 0, 45335), -- 56120
(56120, 0, 0, -1, 0, 0, 1718, 1355, 0, 0, 0, 0, 0, 1765170, 0, 45335), -- 56120
(53435, 0, 1, 0, 341368, 132935, 1642, 1165, 0, 0, 0, 0, 0, 1498985, 0, 45335), -- 53435
(53435, 0, 0, -1, 0, 0, 1642, 1165, 0, 0, 0, 0, 0, 1498985, 0, 45335), -- 53435
(50598, 0, 0, -1, 0, 0, 1642, 1165, 0, 0, 0, 0, 0, 1429777, 0, 45335), -- 50598
(50562, 0, 0, -1, 0, 0, 1, 81, 0, 0, 0, 0, 0, 1448534, 0, 45335), -- 50562
(25929, 0, 3, 32, 0, 0, 0, 201, 0, 0, 0, 0, 0, 405917, 0, 45335), -- 25929
(25929, 1, 2, 1, 266854, 52504, 0, 201, 0, 1, 0, 0, 0, 0, 0, 45335), -- 25929
(25929, 0, 1, 1, 266854, 52504, 0, 201, 0, 1, 0, 0, 0, 0, 0, 45335), -- 25929
(25929, 0, 0, -1, 0, 0, 0, 201, 0, 1, 0, 0, 0, 0, 0, 45335); -- 25929

DELETE FROM `quest_poi_points` WHERE (`QuestID`=70351 AND `Idx1`=2 AND `Idx2`=0) OR (`QuestID`=70351 AND `Idx1`=1 AND `Idx2`=0) OR (`QuestID`=70351 AND `Idx1`=0 AND `Idx2`=0) OR (`QuestID`=66997 AND `Idx1`=1 AND `Idx2`=0) OR (`QuestID`=66997 AND `Idx1`=0 AND `Idx2`=0) OR (`QuestID`=66879 AND `Idx1`=1 AND `Idx2`=0) OR (`QuestID`=66879 AND `Idx1`=0 AND `Idx2`=0) OR (`QuestID`=66648 AND `Idx1`=2 AND `Idx2`=11) OR (`QuestID`=66648 AND `Idx1`=2 AND `Idx2`=10) OR (`QuestID`=66648 AND `Idx1`=2 AND `Idx2`=9) OR (`QuestID`=66648 AND `Idx1`=2 AND `Idx2`=8) OR (`QuestID`=66648 AND `Idx1`=2 AND `Idx2`=7) OR (`QuestID`=66648 AND `Idx1`=2 AND `Idx2`=6) OR (`QuestID`=66648 AND `Idx1`=2 AND `Idx2`=5) OR (`QuestID`=66648 AND `Idx1`=2 AND `Idx2`=4) OR (`QuestID`=66648 AND `Idx1`=2 AND `Idx2`=3) OR (`QuestID`=66648 AND `Idx1`=2 AND `Idx2`=2) OR (`QuestID`=66648 AND `Idx1`=2 AND `Idx2`=1) OR (`QuestID`=66648 AND `Idx1`=2 AND `Idx2`=0) OR (`QuestID`=66648 AND `Idx1`=1 AND `Idx2`=11) OR (`QuestID`=66648 AND `Idx1`=1 AND `Idx2`=10) OR (`QuestID`=66648 AND `Idx1`=1 AND `Idx2`=9) OR (`QuestID`=66648 AND `Idx1`=1 AND `Idx2`=8) OR (`QuestID`=66648 AND `Idx1`=1 AND `Idx2`=7) OR (`QuestID`=66648 AND `Idx1`=1 AND `Idx2`=6) OR (`QuestID`=66648 AND `Idx1`=1 AND `Idx2`=5) OR (`QuestID`=66648 AND `Idx1`=1 AND `Idx2`=4) OR (`QuestID`=66648 AND `Idx1`=1 AND `Idx2`=3) OR (`QuestID`=66648 AND `Idx1`=1 AND `Idx2`=2) OR (`QuestID`=66648 AND `Idx1`=1 AND `Idx2`=1) OR (`QuestID`=66648 AND `Idx1`=1 AND `Idx2`=0) OR (`QuestID`=66648 AND `Idx1`=0 AND `Idx2`=11) OR (`QuestID`=66648 AND `Idx1`=0 AND `Idx2`=10) OR (`QuestID`=66648 AND `Idx1`=0 AND `Idx2`=9) OR (`QuestID`=66648 AND `Idx1`=0 AND `Idx2`=8) OR (`QuestID`=66648 AND `Idx1`=0 AND `Idx2`=7) OR (`QuestID`=66648 AND `Idx1`=0 AND `Idx2`=6) OR (`QuestID`=66648 AND `Idx1`=0 AND `Idx2`=5) OR (`QuestID`=66648 AND `Idx1`=0 AND `Idx2`=4) OR (`QuestID`=66648 AND `Idx1`=0 AND `Idx2`=3) OR (`QuestID`=66648 AND `Idx1`=0 AND `Idx2`=2) OR (`QuestID`=66648 AND `Idx1`=0 AND `Idx2`=1) OR (`QuestID`=66648 AND `Idx1`=0 AND `Idx2`=0) OR (`QuestID`=65957 AND `Idx1`=4 AND `Idx2`=0) OR (`QuestID`=65957 AND `Idx1`=3 AND `Idx2`=0) OR (`QuestID`=65957 AND `Idx1`=2 AND `Idx2`=0) OR (`QuestID`=65957 AND `Idx1`=1 AND `Idx2`=0) OR (`QuestID`=65957 AND `Idx1`=0 AND `Idx2`=0) OR (`QuestID`=65956 AND `Idx1`=2 AND `Idx2`=0) OR (`QuestID`=65956 AND `Idx1`=1 AND `Idx2`=4) OR (`QuestID`=65956 AND `Idx1`=1 AND `Idx2`=3) OR (`QuestID`=65956 AND `Idx1`=1 AND `Idx2`=2) OR (`QuestID`=65956 AND `Idx1`=1 AND `Idx2`=1) OR (`QuestID`=65956 AND `Idx1`=1 AND `Idx2`=0) OR (`QuestID`=65956 AND `Idx1`=0 AND `Idx2`=0) OR (`QuestID`=65266 AND `Idx1`=9 AND `Idx2`=6) OR (`QuestID`=65266 AND `Idx1`=9 AND `Idx2`=5) OR (`QuestID`=65266 AND `Idx1`=9 AND `Idx2`=4) OR (`QuestID`=65266 AND `Idx1`=9 AND `Idx2`=3) OR (`QuestID`=65266 AND `Idx1`=9 AND `Idx2`=2) OR (`QuestID`=65266 AND `Idx1`=9 AND `Idx2`=1) OR (`QuestID`=65266 AND `Idx1`=9 AND `Idx2`=0) OR (`QuestID`=65266 AND `Idx1`=8 AND `Idx2`=7) OR (`QuestID`=65266 AND `Idx1`=8 AND `Idx2`=6) OR (`QuestID`=65266 AND `Idx1`=8 AND `Idx2`=5) OR (`QuestID`=65266 AND `Idx1`=8 AND `Idx2`=4) OR (`QuestID`=65266 AND `Idx1`=8 AND `Idx2`=3) OR (`QuestID`=65266 AND `Idx1`=8 AND `Idx2`=2) OR (`QuestID`=65266 AND `Idx1`=8 AND `Idx2`=1) OR (`QuestID`=65266 AND `Idx1`=8 AND `Idx2`=0) OR (`QuestID`=65266 AND `Idx1`=7 AND `Idx2`=7) OR (`QuestID`=65266 AND `Idx1`=7 AND `Idx2`=6) OR (`QuestID`=65266 AND `Idx1`=7 AND `Idx2`=5) OR (`QuestID`=65266 AND `Idx1`=7 AND `Idx2`=4) OR (`QuestID`=65266 AND `Idx1`=7 AND `Idx2`=3) OR (`QuestID`=65266 AND `Idx1`=7 AND `Idx2`=2) OR (`QuestID`=65266 AND `Idx1`=7 AND `Idx2`=1) OR (`QuestID`=65266 AND `Idx1`=7 AND `Idx2`=0) OR (`QuestID`=65266 AND `Idx1`=6 AND `Idx2`=3) OR (`QuestID`=65266 AND `Idx1`=6 AND `Idx2`=2) OR (`QuestID`=65266 AND `Idx1`=6 AND `Idx2`=1) OR (`QuestID`=65266 AND `Idx1`=6 AND `Idx2`=0) OR (`QuestID`=65266 AND `Idx1`=5 AND `Idx2`=4) OR (`QuestID`=65266 AND `Idx1`=5 AND `Idx2`=3) OR (`QuestID`=65266 AND `Idx1`=5 AND `Idx2`=2) OR (`QuestID`=65266 AND `Idx1`=5 AND `Idx2`=1) OR (`QuestID`=65266 AND `Idx1`=5 AND `Idx2`=0) OR (`QuestID`=65266 AND `Idx1`=4 AND `Idx2`=5) OR (`QuestID`=65266 AND `Idx1`=4 AND `Idx2`=4) OR (`QuestID`=65266 AND `Idx1`=4 AND `Idx2`=3) OR (`QuestID`=65266 AND `Idx1`=4 AND `Idx2`=2) OR (`QuestID`=65266 AND `Idx1`=4 AND `Idx2`=1) OR (`QuestID`=65266 AND `Idx1`=4 AND `Idx2`=0) OR (`QuestID`=65266 AND `Idx1`=3 AND `Idx2`=2) OR (`QuestID`=65266 AND `Idx1`=3 AND `Idx2`=1) OR (`QuestID`=65266 AND `Idx1`=3 AND `Idx2`=0) OR (`QuestID`=65266 AND `Idx1`=2 AND `Idx2`=0) OR (`QuestID`=65266 AND `Idx1`=1 AND `Idx2`=0) OR (`QuestID`=65266 AND `Idx1`=0 AND `Idx2`=0) OR (`QuestID`=64822 AND `Idx1`=4 AND `Idx2`=0) OR (`QuestID`=64822 AND `Idx1`=3 AND `Idx2`=0) OR (`QuestID`=64822 AND `Idx1`=2 AND `Idx2`=0) OR (`QuestID`=64822 AND `Idx1`=1 AND `Idx2`=0) OR (`QuestID`=64822 AND `Idx1`=0 AND `Idx2`=0) OR (`QuestID`=64821 AND `Idx1`=2 AND `Idx2`=0) OR (`QuestID`=64821 AND `Idx1`=1 AND `Idx2`=7) OR (`QuestID`=64821 AND `Idx1`=1 AND `Idx2`=6) OR (`QuestID`=64821 AND `Idx1`=1 AND `Idx2`=5) OR (`QuestID`=64821 AND `Idx1`=1 AND `Idx2`=4) OR (`QuestID`=64821 AND `Idx1`=1 AND `Idx2`=3) OR (`QuestID`=64821 AND `Idx1`=1 AND `Idx2`=2) OR (`QuestID`=64821 AND `Idx1`=1 AND `Idx2`=1) OR (`QuestID`=64821 AND `Idx1`=1 AND `Idx2`=0) OR (`QuestID`=64821 AND `Idx1`=0 AND `Idx2`=0) OR (`QuestID`=64106 AND `Idx1`=5 AND `Idx2`=0) OR (`QuestID`=64106 AND `Idx1`=4 AND `Idx2`=0) OR (`QuestID`=64106 AND `Idx1`=3 AND `Idx2`=0) OR (`QuestID`=64106 AND `Idx1`=2 AND `Idx2`=0) OR (`QuestID`=64106 AND `Idx1`=1 AND `Idx2`=0) OR (`QuestID`=64106 AND `Idx1`=0 AND `Idx2`=0) OR (`QuestID`=63861 AND `Idx1`=4 AND `Idx2`=0) OR (`QuestID`=63861 AND `Idx1`=3 AND `Idx2`=0) OR (`QuestID`=63861 AND `Idx1`=2 AND `Idx2`=0) OR (`QuestID`=63861 AND `Idx1`=1 AND `Idx2`=0) OR (`QuestID`=63861 AND `Idx1`=0 AND `Idx2`=0) OR (`QuestID`=60501 AND `Idx1`=0 AND `Idx2`=0) OR (`QuestID`=56120 AND `Idx1`=1 AND `Idx2`=0) OR (`QuestID`=56120 AND `Idx1`=0 AND `Idx2`=0) OR (`QuestID`=53435 AND `Idx1`=1 AND `Idx2`=0) OR (`QuestID`=53435 AND `Idx1`=0 AND `Idx2`=0) OR (`QuestID`=50598 AND `Idx1`=0 AND `Idx2`=0) OR (`QuestID`=50562 AND `Idx1`=0 AND `Idx2`=0) OR (`QuestID`=25929 AND `Idx1`=3 AND `Idx2`=0) OR (`QuestID`=25929 AND `Idx1`=2 AND `Idx2`=2) OR (`QuestID`=25929 AND `Idx1`=2 AND `Idx2`=1) OR (`QuestID`=25929 AND `Idx1`=2 AND `Idx2`=0) OR (`QuestID`=25929 AND `Idx1`=1 AND `Idx2`=4) OR (`QuestID`=25929 AND `Idx1`=1 AND `Idx2`=3) OR (`QuestID`=25929 AND `Idx1`=1 AND `Idx2`=2) OR (`QuestID`=25929 AND `Idx1`=1 AND `Idx2`=1) OR (`QuestID`=25929 AND `Idx1`=1 AND `Idx2`=0) OR (`QuestID`=25929 AND `Idx1`=0 AND `Idx2`=0);
INSERT INTO `quest_poi_points` (`QuestID`, `Idx1`, `Idx2`, `X`, `Y`, `Z`, `VerifiedBuild`) VALUES
(70351, 2, 0, 1450, -270, 330, 45335), -- 70351
(70351, 1, 0, 1837, -146, 113, 45335), -- 70351
(70351, 0, 0, 1837, -146, 113, 45335), -- 70351
(66997, 1, 0, 1458, -278, 330, 45335), -- 66997
(66997, 0, 0, 1996, 246, 95, 45335), -- 66997
(66879, 1, 0, 1441, -261, 330, 45335), -- 66879
(66879, 0, 0, 2253, 396, 33, 45335), -- 66879
(66648, 2, 11, -3914, -1847, 0, 45335), -- 66648
(66648, 2, 10, -3969, -1772, 0, 45335), -- 66648
(66648, 2, 9, -4009, -1662, 0, 45335), -- 66648
(66648, 2, 8, -4012, -1602, 0, 45335), -- 66648
(66648, 2, 7, -4007, -1477, 0, 45335), -- 66648
(66648, 2, 6, -3912, -1403, 0, 45335), -- 66648
(66648, 2, 5, -3767, -1405, 0, 45335), -- 66648
(66648, 2, 4, -3690, -1438, 0, 45335), -- 66648
(66648, 2, 3, -3652, -1502, 0, 45335), -- 66648
(66648, 2, 2, -3650, -1630, 0, 45335), -- 66648
(66648, 2, 1, -3705, -1767, 0, 45335), -- 66648
(66648, 2, 0, -3795, -1867, 0, 45335), -- 66648
(66648, 1, 11, 4777, 5729, 0, 45335), -- 66648
(66648, 1, 10, 4731, 5743, 0, 45335), -- 66648
(66648, 1, 9, 4698, 5766, 0, 45335), -- 66648
(66648, 1, 8, 4664, 5823, 0, 45335), -- 66648
(66648, 1, 7, 4683, 5898, 0, 45335), -- 66648
(66648, 1, 6, 4737, 5902, 0, 45335), -- 66648
(66648, 1, 5, 4786, 5894, 0, 45335), -- 66648
(66648, 1, 4, 4834, 5873, 0, 45335), -- 66648
(66648, 1, 3, 4886, 5821, 0, 45335), -- 66648
(66648, 1, 2, 4892, 5779, 0, 45335), -- 66648
(66648, 1, 1, 4865, 5729, 0, 45335), -- 66648
(66648, 1, 0, 4813, 5725, 0, 45335), -- 66648
(66648, 0, 11, -1887, 6443, 0, 45335), -- 66648
(66648, 0, 10, -1998, 6489, 0, 45335), -- 66648
(66648, 0, 9, -2074, 6608, 0, 45335), -- 66648
(66648, 0, 8, -2069, 6725, 0, 45335), -- 66648
(66648, 0, 7, -2040, 6807, 0, 45335), -- 66648
(66648, 0, 6, -1932, 6870, 0, 45335), -- 66648
(66648, 0, 5, -1810, 6887, 0, 45335), -- 66648
(66648, 0, 4, -1735, 6856, 0, 45335), -- 66648
(66648, 0, 3, -1685, 6731, 0, 45335), -- 66648
(66648, 0, 2, -1699, 6651, 0, 45335), -- 66648
(66648, 0, 1, -1733, 6569, 0, 45335), -- 66648
(66648, 0, 0, -1776, 6500, 0, 45335), -- 66648
(65957, 4, 0, 1813, 1268, 188, 45335), -- 65957
(65957, 3, 0, 1816, 1878, 90, 45335), -- 65957
(65957, 2, 0, 2137, 1810, 162, 45335), -- 65957
(65957, 1, 0, 1727, 1823, 126, 45335), -- 65957
(65957, 0, 0, 2108, 1937, 124, 45335), -- 65957
(65956, 2, 0, 1814, 1268, 188, 45335), -- 65956
(65956, 1, 4, 1543, 1710, 59, 45335), -- 65956
(65956, 1, 3, 1607, 2146, 90, 45335), -- 65956
(65956, 1, 2, 2160, 1909, 121, 45335), -- 65956
(65956, 1, 1, 2164, 1688, 134, 45335), -- 65956
(65956, 1, 0, 1803, 1469, 118, 45335), -- 65956
(65956, 0, 0, 2108, 1938, 124, 45335), -- 65956
(65266, 9, 6, 3024, 5826, 4894, 45335), -- 65266
(65266, 9, 5, 3153, 6044, 4863, 45335), -- 65266
(65266, 9, 4, 3282, 6159, 4884, 45335), -- 65266
(65266, 9, 3, 3375, 6150, 4887, 45335), -- 65266
(65266, 9, 2, 3500, 6066, 4886, 45335), -- 65266
(65266, 9, 1, 3392, 5874, 4905, 45335), -- 65266
(65266, 9, 0, 3255, 5809, 4938, 45335), -- 65266
(65266, 8, 7, 2653, 6270, 4848, 45335), -- 65266
(65266, 8, 6, 2730, 6339, 4855, 45335), -- 65266
(65266, 8, 5, 2832, 6427, 4825, 45335), -- 65266
(65266, 8, 4, 2909, 6465, 4835, 45335), -- 65266
(65266, 8, 3, 2984, 6432, 4830, 45335), -- 65266
(65266, 8, 2, 3009, 6304, 4830, 45335), -- 65266
(65266, 8, 1, 2806, 6067, 4848, 45335), -- 65266
(65266, 8, 0, 2620, 5971, 4830, 45335), -- 65266
(65266, 7, 7, 2717, 5855, 4825, 45335), -- 65266
(65266, 7, 6, 2729, 5963, 4819, 45335), -- 65266
(65266, 7, 5, 2975, 6167, 4809, 45335), -- 65266
(65266, 7, 4, 3023, 6188, 4819, 45335), -- 65266
(65266, 7, 3, 3061, 6157, 4868, 45335), -- 65266
(65266, 7, 2, 3055, 6026, 4835, 45335), -- 65266
(65266, 7, 1, 2802, 5811, 4799, 45335), -- 65266
(65266, 7, 0, 2756, 5791, 4792, 45335), -- 65266
(65266, 6, 3, 2526, 6690, 4822, 45335), -- 65266
(65266, 6, 2, 2666, 6899, 4822, 45335), -- 65266
(65266, 6, 1, 2854, 6753, 4822, 45335), -- 65266
(65266, 6, 0, 2743, 6585, 4815, 45335), -- 65266
(65266, 5, 4, 2877, 6561, 4938, 45335), -- 65266
(65266, 5, 3, 2954, 6726, 4943, 45335), -- 65266
(65266, 5, 2, 3025, 6617, 4913, 45335), -- 65266
(65266, 5, 1, 2891, 6546, 4937, 45335), -- 65266
(65266, 5, 0, 2873, 6539, 4938, 45335), -- 65266
(65266, 4, 5, 2207, 6025, 4856, 45335), -- 65266
(65266, 4, 4, 2270, 6436, 4873, 45335), -- 65266
(65266, 4, 3, 2407, 6416, 4860, 45335), -- 65266
(65266, 4, 2, 2369, 6041, 4851, 45335), -- 65266
(65266, 4, 1, 2356, 6008, 4850, 45335), -- 65266
(65266, 4, 0, 2350, 6008, 4851, 45335), -- 65266
(65266, 3, 2, 3091, 6428, 4786, 45335), -- 65266
(65266, 3, 1, 3195, 6275, 4786, 45335), -- 65266
(65266, 3, 0, 3052, 6292, 4794, 45335), -- 65266
(65266, 2, 0, 2903, 6474, 0, 45335), -- 65266
(65266, 1, 0, 3298, 5812, 4900, 45335), -- 65266
(65266, 0, 0, 3298, 5812, 4900, 45335), -- 65266
(64822, 4, 0, -4204, 715, -45, 45335), -- 64822
(64822, 3, 0, -4100, 49, -119, 45335), -- 64822
(64822, 2, 0, -4227, 351, -81, 45335), -- 64822
(64822, 1, 0, -3957, 114, -129, 45335), -- 64822
(64822, 0, 0, -4204, 715, -45, 45335), -- 64822
(64821, 2, 0, -4208, 721, -45, 45335), -- 64821
(64821, 1, 7, -4177, 130, -123, 45335), -- 64821
(64821, 1, 6, -4229, 222, -122, 45335), -- 64821
(64821, 1, 5, -4102, 419, -119, 45335), -- 64821
(64821, 1, 4, -3960, 449, -124, 45335), -- 64821
(64821, 1, 3, -3920, 456, -123, 45335), -- 64821
(64821, 1, 2, -3895, 440, -123, 45335), -- 64821
(64821, 1, 1, -3856, 266, -128, 45335), -- 64821
(64821, 1, 0, -4039, 77, -121, 45335), -- 64821
(64821, 0, 0, -4204, 715, -45, 45335), -- 64821
(64106, 5, 0, 3249, 5818, 4939, 45335), -- 64106
(64106, 4, 0, 4535, 7736, 4877, 45335), -- 64106
(64106, 3, 0, 4493, 6894, 4866, 45335), -- 64106
(64106, 2, 0, 5263, 7429, 4828, 45335), -- 64106
(64106, 1, 0, 4221, 7267, 4828, 45335), -- 64106
(64106, 0, 0, 3249, 5818, 4939, 45335), -- 64106
(63861, 4, 0, 3316, 5850, 4905, 45335), -- 63861
(63861, 3, 0, 3298, 5812, 4900, 45335), -- 63861
(63861, 2, 0, 3099, 5896, 4829, 45335), -- 63861
(63861, 1, 0, 3197, 5928, 4816, 45335), -- 63861
(63861, 0, 0, 3298, 5812, 4900, 45335), -- 63861
(60501, 0, 0, -1975, 7936, 4277, 45335), -- 60501
(56120, 1, 0, 948, -584, 0, 45335), -- 56120
(56120, 0, 0, 935, -579, -285, 45335), -- 56120
(53435, 1, 0, -2054, 959, 7, 45335), -- 53435
(53435, 0, 0, -2054, 950, 7, 45335), -- 53435
(50598, 0, 0, -1126, 771, 444, 45335), -- 50598
(50562, 0, 0, -7071, 1270, -92, 45335), -- 50562
(25929, 3, 0, -4611, 3985, -71, 45335), -- 25929
(25929, 2, 2, -4534, 3786, 0, 45335), -- 25929
(25929, 2, 1, -4497, 3810, 0, 45335), -- 25929
(25929, 2, 0, -4450, 3773, -109, 45335), -- 25929
(25929, 1, 4, -4684, 3969, 0, 45335), -- 25929
(25929, 1, 3, -4565, 3953, 0, 45335), -- 25929
(25929, 1, 2, -4551, 3945, 0, 45335), -- 25929
(25929, 1, 1, -4511, 3883, 0, 45335), -- 25929
(25929, 1, 0, -4594, 3874, -109, 45335), -- 25929
(25929, 0, 0, -4611, 3985, -71, 45335); -- 25929


# TrinityCore - WowPacketParser
# File name: roguetalents2.pkt
# Detected build: V9_2_7_45335
# Detected locale:     
# Targeted database: Shadowlands
# Parsing date: 09/07/2022 17:24:40

DELETE FROM `quest_poi` WHERE (`QuestID`=53435 AND `BlobIndex`=0 AND `Idx1`=1) OR (`QuestID`=53435 AND `BlobIndex`=0 AND `Idx1`=0) OR (`QuestID`=50606 AND `BlobIndex`=0 AND `Idx1`=0) OR (`QuestID`=50603 AND `BlobIndex`=0 AND `Idx1`=0) OR (`QuestID`=50602 AND `BlobIndex`=0 AND `Idx1`=0) OR (`QuestID`=65435 AND `BlobIndex`=0 AND `Idx1`=0);
INSERT INTO `quest_poi` (`QuestID`, `BlobIndex`, `Idx1`, `ObjectiveIndex`, `QuestObjectiveID`, `QuestObjectID`, `MapID`, `UiMapID`, `Priority`, `Flags`, `WorldEffectID`, `PlayerConditionID`, `NavigationPlayerConditionID`, `SpawnTrackingID`, `AlwaysAllowMergingBlobs`, `VerifiedBuild`) VALUES
(53435, 0, 1, 0, 341368, 132935, 1642, 1165, 0, 0, 0, 0, 0, 1498985, 0, 45335), -- 53435
(53435, 0, 0, -1, 0, 0, 1642, 1165, 0, 0, 0, 0, 0, 1498985, 0, 45335), -- 53435
(50606, 0, 0, -1, 0, 0, 1642, 862, 0, 0, 0, 0, 0, 1480298, 0, 45335), -- 50606
(50603, 0, 0, -1, 0, 0, 1642, 864, 0, 0, 0, 0, 0, 1483928, 0, 45335), -- 50603
(50602, 0, 0, -1, 0, 0, 1642, 863, 0, 0, 0, 0, 0, 1480361, 0, 45335), -- 50602
(65435, 0, 0, -1, 0, 0, 1, 85, 0, 0, 0, 0, 0, 2158408, 0, 45335); -- 65435

DELETE FROM `quest_poi_points` WHERE (`QuestID`=53435 AND `Idx1`=1 AND `Idx2`=0) OR (`QuestID`=53435 AND `Idx1`=0 AND `Idx2`=0) OR (`QuestID`=50606 AND `Idx1`=0 AND `Idx2`=0) OR (`QuestID`=50603 AND `Idx1`=0 AND `Idx2`=0) OR (`QuestID`=50602 AND `Idx1`=0 AND `Idx2`=0) OR (`QuestID`=65435 AND `Idx1`=0 AND `Idx2`=0);
INSERT INTO `quest_poi_points` (`QuestID`, `Idx1`, `Idx2`, `X`, `Y`, `Z`, `VerifiedBuild`) VALUES
(53435, 1, 0, -2054, 959, 7, 45335), -- 53435
(53435, 0, 0, -2054, 950, 7, 45335), -- 53435
(50606, 0, 0, -2154, 795, 6, 45335), -- 50606
(50603, 0, 0, 2071, 2825, 50, 45335), -- 50603
(50602, 0, 0, 742, 1393, 20, 45335), -- 50602
(65435, 0, 0, 2046, -4273, 95, 45335); -- 65435


DELETE FROM `quest_details` WHERE `ID`=65435;
INSERT INTO `quest_details` (`ID`, `Emote1`, `Emote2`, `Emote3`, `Emote4`, `EmoteDelay1`, `EmoteDelay2`, `EmoteDelay3`, `EmoteDelay4`, `VerifiedBuild`) VALUES
(65435, 0, 0, 0, 0, 0, 0, 0, 0, 45335); -- 65435


DELETE FROM `quest_template` WHERE `ID` IN (50602 /*50602*/, 56308 /*56308*/, 58779 /*58779*/);
INSERT INTO `quest_template` (`ID`, `QuestType`, `QuestPackageID`, `ContentTuningID`, `QuestSortID`, `QuestInfoID`, `SuggestedGroupNum`, `RewardNextQuest`, `RewardXPDifficulty`, `RewardXPMultiplier`, `RewardMoneyDifficulty`, `RewardMoneyMultiplier`, `RewardBonusMoney`, `RewardSpell`, `RewardHonor`, `RewardKillHonor`, `StartItem`, `RewardArtifactXPDifficulty`, `RewardArtifactXPMultiplier`, `RewardArtifactCategoryID`, `Flags`, `FlagsEx`, `FlagsEx2`, `RewardSkillLineID`, `RewardNumSkillUps`, `PortraitGiver`, `PortraitGiverMount`, `PortraitGiverModelSceneID`, `PortraitTurnIn`, `RewardItem1`, `RewardItem2`, `RewardItem3`, `RewardItem4`, `RewardAmount1`, `RewardAmount2`, `RewardAmount3`, `RewardAmount4`, `ItemDrop1`, `ItemDrop2`, `ItemDrop3`, `ItemDrop4`, `ItemDropQuantity1`, `ItemDropQuantity2`, `ItemDropQuantity3`, `ItemDropQuantity4`, `RewardChoiceItemID1`, `RewardChoiceItemID2`, `RewardChoiceItemID3`, `RewardChoiceItemID4`, `RewardChoiceItemID5`, `RewardChoiceItemID6`, `RewardChoiceItemQuantity1`, `RewardChoiceItemQuantity2`, `RewardChoiceItemQuantity3`, `RewardChoiceItemQuantity4`, `RewardChoiceItemQuantity5`, `RewardChoiceItemQuantity6`, `RewardChoiceItemDisplayID1`, `RewardChoiceItemDisplayID2`, `RewardChoiceItemDisplayID3`, `RewardChoiceItemDisplayID4`, `RewardChoiceItemDisplayID5`, `RewardChoiceItemDisplayID6`, `POIContinent`, `POIx`, `POIy`, `POIPriority`, `RewardTitle`, `RewardArenaPoints`, `RewardFactionID1`, `RewardFactionID2`, `RewardFactionID3`, `RewardFactionID4`, `RewardFactionID5`, `RewardFactionValue1`, `RewardFactionValue2`, `RewardFactionValue3`, `RewardFactionValue4`, `RewardFactionValue5`, `RewardFactionCapIn1`, `RewardFactionCapIn2`, `RewardFactionCapIn3`, `RewardFactionCapIn4`, `RewardFactionCapIn5`, `RewardFactionOverride1`, `RewardFactionOverride2`, `RewardFactionOverride3`, `RewardFactionOverride4`, `RewardFactionOverride5`, `RewardFactionFlags`, `AreaGroupID`, `TimeAllowed`, `AllowableRaces`, `TreasurePickerID`, `Expansion`, `ManagedWorldStateID`, `QuestSessionBonus`, `LogTitle`, `LogDescription`, `QuestDescription`, `AreaDescription`, `QuestCompletionLog`, `RewardCurrencyID1`, `RewardCurrencyID2`, `RewardCurrencyID3`, `RewardCurrencyID4`, `RewardCurrencyQty1`, `RewardCurrencyQty2`, `RewardCurrencyQty3`, `RewardCurrencyQty4`, `PortraitGiverText`, `PortraitGiverName`, `PortraitTurnInText`, `PortraitTurnInName`, `AcceptedSoundKitID`, `CompleteSoundKitID`, `VerifiedBuild`) VALUES
(50602, 2, 0, 464, 8500, 128, 0, 0, 0, 0, 0, 0, 0, 0, 0, 0, 0, 0, 0, 0, 34078976, 67108864, 0, 0, 0, 0, 0, 0, 0, 0, 0, 0, 0, 0, 0, 0, 0, 0, 0, 0, 0, 0, 0, 0, 0, 0, 0, 0, 0, 0, 0, 0, 0, 0, 0, 0, 0, 0, 0, 0, 0, 0, 0, 0, 0, 0, 0, 0, 0, 2156, 0, 0, 0, 0, 8, 0, 0, 0, 0, 7, 7, 7, 7, 7, 150000, 0, 0, 0, 0, 0, 0, 0, 12261800583900083122, 595, 7, 0, 0, 'Talanji\'s Expedition', 'Complete 4 Talanji\'s Expedition world quests.', 'Assist Talanji\'s Expedition by completing 4 world quests.', '', 'Return to Provisioner Lija at Zul\'jan Ruins in Nazmir.', 0, 0, 0, 0, 0, 0, 0, 0, '', '', '', '', 890, 878, 45335), -- 50602
(56308, 3, 0, 703, 10833, 268, 0, 0, 7, 1, 0, 1, 0, 301970, 0, 0, 0, 0, 1, 0, 36176128, 524288, 2, 0, 0, 0, 0, 0, 0, 174960, 0, 0, 0, 1, 0, 0, 0, 169432, 0, 0, 0, 100, 0, 0, 0, 0, 0, 0, 0, 0, 0, 0, 0, 0, 0, 0, 0, 0, 0, 0, 0, 0, 0, 0, 0, 0, 0, 0, 0, 2417, 0, 0, 0, 0, 0, 0, 0, 0, 0, 7, 7, 7, 7, 7, 50000, 0, 0, 0, 0, 0, 6621, 0, 18446744073709551615, 0, 7, 0, 0, 'Assault: Aqir Unearthed', 'Drive back the Aqir Assault in Uldum.', 'Our position is being overrun. The aqir are surging in greater numbers than I\'ve ever seen!\n\nI\'m not sure how long we\'ll be able to hold the line. We need you to drive them back!', 'Return to Arik Scorpidsting at the Obelisk of the Moon.', 'Return to Arik Scorpidsting at the Obelisk of the Moon.', 1553, 0, 0, 0, 500, 0, 0, 0, '', '', '', '', 890, 878, 45335), -- 56308
(58779, 2, 0, 703, 5034, 0, 0, 0, 5, 1, 5, 1, 675, 0, 0, 0, 0, 0, 1, 0, 35651720, 32768, 0, 0, 0, 0, 0, 0, 0, 0, 0, 0, 0, 0, 0, 0, 0, 0, 0, 0, 0, 0, 0, 0, 0, 0, 0, 0, 0, 0, 0, 0, 0, 0, 0, 0, 0, 0, 0, 0, 0, 0, 0, 0, 0, 0, 0, 0, 0, 0, 0, 0, 0, 0, 0, 0, 0, 0, 0, 7, 7, 7, 7, 7, 0, 0, 0, 0, 0, 0, 0, 0, 18446744073709551615, 1422, 7, 0, 0, 'Taking the Skies', 'Kill $1oa flying Aqir in Uldum.', 'I\'d like to see if we can get some more of these flyers in the air to drive back the aqir, but it\'s nearly impossible to get back to the Obelisk of the Sun with all these bugs in the air.\n\nI think we\'re going to have to thin them out on the ground before we can hope to gain aerial superiority.\n\nCan I count on you to lend a hand?', '', '', 0, 0, 0, 0, 0, 0, 0, 0, '', '', '', '', 890, 878, 45335); -- 58779


DELETE FROM `quest_objectives` WHERE `ID` IN (337022 /*337022*/, 395020 /*395020*/, 395181 /*395181*/, 390565 /*390565*/, 390564 /*390564*/, 395333 /*395333*/, 390563 /*390563*/, 390562 /*390562*/, 390561 /*390561*/, 390560 /*390560*/, 390559 /*390559*/, 390558 /*390558*/, 390567 /*390567*/, 390557 /*390557*/, 390556 /*390556*/, 390555 /*390555*/, 394934 /*394934*/);
INSERT INTO `quest_objectives` (`ID`, `QuestID`, `Type`, `Order`, `StorageIndex`, `ObjectID`, `Amount`, `Flags`, `Flags2`, `ProgressBarWeight`, `Description`, `VerifiedBuild`) VALUES
(337022, 50602, 14, 0, 0, 66203, 1, 0, 0, 0, 'Complete 4 world quests in Nazmir.', 45335), -- 337022
(395020, 56308, 0, 14, 12, 162181, 1, 2, 0, 0, '', 45335), -- 395020
(395181, 56308, 1, 13, 10, 169432, 100, 92, 1, 1, '', 45335), -- 395181
(390565, 56308, 0, 12, 9, 154544, 10, 92, 0, 10, '', 45335), -- 390565
(390564, 56308, 0, 11, 8, 154536, 20, 92, 0, 5, '', 45335), -- 390564
(395333, 56308, 0, 10, 13, 163401, 4, 92, 0, 25, '', 45335), -- 395333
(390563, 56308, 0, 9, 7, 154541, 7, 92, 0, 15, '', 45335), -- 390563
(390562, 56308, 0, 8, 6, 154539, 7, 92, 0, 15, '', 45335), -- 390562
(390561, 56308, 0, 7, 5, 154538, 10, 92, 0, 10, '', 45335), -- 390561
(390560, 56308, 0, 6, 4, 154545, 34, 92, 0, 3, '', 45335), -- 390560
(390559, 56308, 0, 5, 3, 154543, 50, 92, 0, 2, '', 45335), -- 390559
(390558, 56308, 0, 4, 2, 154535, 100, 92, 0, 1, '', 45335), -- 390558
(390567, 56308, 0, 3, 11, 154546, 200, 92, 0, 0.5, '', 45335), -- 390567
(390557, 56308, 0, 2, 1, 154542, 34, 92, 0, 3, '', 45335), -- 390557
(390556, 56308, 0, 1, 0, 154540, 100, 92, 0, 1, '', 45335), -- 390556
(390555, 56308, 15, 0, -1, 0, 1, 0, 0, 0, 'Drive back the Aqir', 45335), -- 390555
(394934, 58779, 0, 0, 0, 162594, 15, 0, 0, 0, 'Aqir flyer slain', 45335); -- 394934


DELETE FROM `quest_visual_effect` WHERE (`ID`=390565 AND `Index`=0) OR (`ID`=390564 AND `Index` IN (6,5,4,3,2,1,0)) OR (`ID`=390556 AND `Index` IN (17,16,15,14,13,12,11,10,9,8,7,6,5,4,3,2,1,0));
INSERT INTO `quest_visual_effect` (`ID`, `Index`, `VisualEffect`, `VerifiedBuild`) VALUES
(390565, 0, 13733, 45335),
(390564, 6, 13740, 45335),
(390564, 5, 13739, 45335),
(390564, 4, 13738, 45335),
(390564, 3, 13737, 45335),
(390564, 2, 13736, 45335),
(390564, 1, 13735, 45335),
(390564, 0, 13734, 45335),
(390556, 17, 14083, 45335),
(390556, 16, 14082, 45335),
(390556, 15, 14081, 45335),
(390556, 14, 14080, 45335),
(390556, 13, 14079, 45335),
(390556, 12, 14078, 45335),
(390556, 11, 13658, 45335),
(390556, 10, 13657, 45335),
(390556, 9, 13656, 45335),
(390556, 8, 13649, 45335),
(390556, 7, 13648, 45335),
(390556, 6, 13647, 45335),
(390556, 5, 13646, 45335),
(390556, 4, 13645, 45335),
(390556, 3, 13644, 45335),
(390556, 2, 13643, 45335),
(390556, 1, 13642, 45335),
(390556, 0, 13091, 45335);


# TrinityCore - WowPacketParser
# File name: RogueTalent.pkt
# Detected build: V9_2_7_45335
# Detected locale:     
# Targeted database: Shadowlands
# Parsing date: 09/07/2022 17:24:38

DELETE FROM `quest_poi` WHERE (`QuestID`=53436 AND `BlobIndex`=0 AND `Idx1`=1) OR (`QuestID`=53436 AND `BlobIndex`=0 AND `Idx1`=0) OR (`QuestID`=50600 AND `BlobIndex`=0 AND `Idx1`=0) OR (`QuestID`=50605 AND `BlobIndex`=0 AND `Idx1`=0) OR (`QuestID`=50562 AND `BlobIndex`=0 AND `Idx1`=0) OR (`QuestID`=65436 AND `BlobIndex`=0 AND `Idx1`=1) OR (`QuestID`=65436 AND `BlobIndex`=0 AND `Idx1`=0);
INSERT INTO `quest_poi` (`QuestID`, `BlobIndex`, `Idx1`, `ObjectiveIndex`, `QuestObjectiveID`, `QuestObjectID`, `MapID`, `UiMapID`, `Priority`, `Flags`, `WorldEffectID`, `PlayerConditionID`, `NavigationPlayerConditionID`, `SpawnTrackingID`, `AlwaysAllowMergingBlobs`, `VerifiedBuild`) VALUES
(53436, 0, 1, 0, 341370, 132935, 1643, 1161, 0, 0, 0, 0, 0, 1429886, 0, 45335), -- 53436
(53436, 0, 0, -1, 0, 0, 1643, 1161, 0, 0, 0, 0, 0, 1429886, 0, 45335), -- 53436
(50600, 0, 0, -1, 0, 0, 1643, 896, 0, 0, 0, 0, 0, 1484068, 0, 45335), -- 50600
(50605, 0, 0, -1, 0, 0, 1643, 895, 0, 0, 0, 0, 0, 1480285, 0, 45335), -- 50605
(50562, 0, 0, -1, 0, 0, 1, 81, 0, 0, 0, 0, 0, 1448534, 0, 45335), -- 50562
(65436, 0, 1, 32, 0, 0, 0, 84, 0, 0, 0, 0, 0, 2194169, 0, 45335), -- 65436
(65436, 0, 0, -1, 0, 0, 0, 84, 0, 0, 0, 0, 0, 2194169, 0, 45335); -- 65436

DELETE FROM `quest_poi_points` WHERE (`QuestID`=53436 AND `Idx1`=1 AND `Idx2`=0) OR (`QuestID`=53436 AND `Idx1`=0 AND `Idx2`=0) OR (`QuestID`=50600 AND `Idx1`=0 AND `Idx2`=0) OR (`QuestID`=50605 AND `Idx1`=0 AND `Idx2`=0) OR (`QuestID`=50562 AND `Idx1`=0 AND `Idx2`=0) OR (`QuestID`=65436 AND `Idx1`=1 AND `Idx2`=0) OR (`QuestID`=65436 AND `Idx1`=0 AND `Idx2`=0);
INSERT INTO `quest_poi_points` (`QuestID`, `Idx1`, `Idx2`, `X`, `Y`, `Z`, `VerifiedBuild`) VALUES
(53436, 1, 0, 936, -466, 8, 45335), -- 53436
(53436, 0, 0, 936, -464, 8, 45335), -- 53436
(50600, 0, 0, -607, 3129, 324, 45335), -- 50600
(50605, 0, 0, 1035, -509, 14, 45335), -- 50605
(50562, 0, 0, -7071, 1270, -92, 45335), -- 50562
(65436, 1, 0, -8309, 336, 155, 45335), -- 65436
(65436, 0, 0, -8309, 336, 155, 45335); -- 65436


DELETE FROM `quest_details` WHERE `ID`=65436;
INSERT INTO `quest_details` (`ID`, `Emote1`, `Emote2`, `Emote3`, `Emote4`, `EmoteDelay1`, `EmoteDelay2`, `EmoteDelay3`, `EmoteDelay4`, `VerifiedBuild`) VALUES
(65436, 0, 0, 0, 0, 0, 0, 0, 0, 45335); -- 65436


DELETE FROM `quest_template` WHERE `ID` IN (53436 /*53436*/, 50600 /*50600*/, 50605 /*50605*/, 65436 /*65436*/);
INSERT INTO `quest_template` (`ID`, `QuestType`, `QuestPackageID`, `ContentTuningID`, `QuestSortID`, `QuestInfoID`, `SuggestedGroupNum`, `RewardNextQuest`, `RewardXPDifficulty`, `RewardXPMultiplier`, `RewardMoneyDifficulty`, `RewardMoneyMultiplier`, `RewardBonusMoney`, `RewardSpell`, `RewardHonor`, `RewardKillHonor`, `StartItem`, `RewardArtifactXPDifficulty`, `RewardArtifactXPMultiplier`, `RewardArtifactCategoryID`, `Flags`, `FlagsEx`, `FlagsEx2`, `RewardSkillLineID`, `RewardNumSkillUps`, `PortraitGiver`, `PortraitGiverMount`, `PortraitGiverModelSceneID`, `PortraitTurnIn`, `RewardItem1`, `RewardItem2`, `RewardItem3`, `RewardItem4`, `RewardAmount1`, `RewardAmount2`, `RewardAmount3`, `RewardAmount4`, `ItemDrop1`, `ItemDrop2`, `ItemDrop3`, `ItemDrop4`, `ItemDropQuantity1`, `ItemDropQuantity2`, `ItemDropQuantity3`, `ItemDropQuantity4`, `RewardChoiceItemID1`, `RewardChoiceItemID2`, `RewardChoiceItemID3`, `RewardChoiceItemID4`, `RewardChoiceItemID5`, `RewardChoiceItemID6`, `RewardChoiceItemQuantity1`, `RewardChoiceItemQuantity2`, `RewardChoiceItemQuantity3`, `RewardChoiceItemQuantity4`, `RewardChoiceItemQuantity5`, `RewardChoiceItemQuantity6`, `RewardChoiceItemDisplayID1`, `RewardChoiceItemDisplayID2`, `RewardChoiceItemDisplayID3`, `RewardChoiceItemDisplayID4`, `RewardChoiceItemDisplayID5`, `RewardChoiceItemDisplayID6`, `POIContinent`, `POIx`, `POIy`, `POIPriority`, `RewardTitle`, `RewardArenaPoints`, `RewardFactionID1`, `RewardFactionID2`, `RewardFactionID3`, `RewardFactionID4`, `RewardFactionID5`, `RewardFactionValue1`, `RewardFactionValue2`, `RewardFactionValue3`, `RewardFactionValue4`, `RewardFactionValue5`, `RewardFactionCapIn1`, `RewardFactionCapIn2`, `RewardFactionCapIn3`, `RewardFactionCapIn4`, `RewardFactionCapIn5`, `RewardFactionOverride1`, `RewardFactionOverride2`, `RewardFactionOverride3`, `RewardFactionOverride4`, `RewardFactionOverride5`, `RewardFactionFlags`, `AreaGroupID`, `TimeAllowed`, `AllowableRaces`, `TreasurePickerID`, `Expansion`, `ManagedWorldStateID`, `QuestSessionBonus`, `LogTitle`, `LogDescription`, `QuestDescription`, `AreaDescription`, `QuestCompletionLog`, `RewardCurrencyID1`, `RewardCurrencyID2`, `RewardCurrencyID3`, `RewardCurrencyID4`, `RewardCurrencyQty1`, `RewardCurrencyQty2`, `RewardCurrencyQty3`, `RewardCurrencyQty4`, `PortraitGiverText`, `PortraitGiverName`, `PortraitTurnInText`, `PortraitTurnInName`, `AcceptedSoundKitID`, `CompleteSoundKitID`, `VerifiedBuild`) VALUES
(53436, 2, 0, 289, 8567, 261, 0, 0, 8, 3, 0, 0, 0, 0, 0, 0, 0, 0, 0, 0, 101220608, 67108864, 34, 0, 0, 0, 0, 0, 0, 0, 0, 0, 0, 0, 0, 0, 0, 0, 0, 0, 0, 0, 0, 0, 0, 0, 0, 0, 0, 0, 0, 0, 0, 0, 0, 0, 0, 0, 0, 0, 0, 0, 0, 0, 0, 0, 0, 0, 0, 2159, 0, 0, 0, 0, 8, 0, 0, 0, 0, 7, 7, 7, 7, 7, 150000, 15000, 0, 0, 0, 0, 0, 0, 6130900294268439629, 1207, 7, 0, 0, 'Azerite for the Alliance', 'Collect Azerite on Island Expeditions.', 'Assist the Alliance by collecting Azerite on Island Expeditions.', '', '', 0, 0, 0, 0, 0, 0, 0, 0, '', '', '', '', 890, 878, 45335), -- 53436
(50600, 2, 0, 464, 8721, 128, 0, 0, 0, 0, 0, 0, 0, 0, 0, 0, 0, 0, 0, 0, 34078976, 67108864, 0, 0, 0, 0, 0, 0, 0, 0, 0, 0, 0, 0, 0, 0, 0, 0, 0, 0, 0, 0, 0, 0, 0, 0, 0, 0, 0, 0, 0, 0, 0, 0, 0, 0, 0, 0, 0, 0, 0, 0, 0, 0, 0, 0, 0, 0, 0, 2161, 0, 0, 0, 0, 8, 0, 0, 0, 0, 7, 7, 7, 7, 7, 150000, 0, 0, 0, 0, 0, 0, 0, 6130900294268439629, 594, 7, 0, 0, 'Order of Embers', 'Complete any 4 world quests in Drustvar.', 'Assist the Order of Embers by completing 4 world quests.', '', 'Return to Quartermaster Alcorn in Arom\'s Stand in Drustvar.', 0, 0, 0, 0, 0, 0, 0, 0, '', '', '', '', 890, 878, 45335), -- 50600
(50605, 2, 0, 464, 8567, 128, 0, 0, 0, 0, 0, 0, 0, 0, 0, 0, 0, 0, 0, 0, 34078976, 67108864, 0, 0, 0, 0, 0, 0, 0, 0, 0, 0, 0, 0, 0, 0, 0, 0, 0, 0, 0, 0, 0, 0, 0, 0, 0, 0, 0, 0, 0, 0, 0, 0, 0, 0, 0, 0, 0, 0, 0, 0, 0, 0, 0, 0, 0, 0, 0, 2159, 0, 0, 0, 0, 8, 0, 0, 0, 0, 7, 7, 7, 7, 7, 150000, 0, 0, 0, 0, 0, 0, 0, 6130900294268439629, 599, 7, 0, 0, 'Alliance War Effort', 'Complete 4 world quests on Zandalar or occupied warfront zones.', 'Assist the Alliance by completing 4 world quests on Zandalar or occupied warfront zones.', '', 'Return to Vindicator Jaelaana at Boralus Harbor in Tiragarde Sound.', 0, 0, 0, 0, 0, 0, 0, 0, '', '', '', '', 890, 878, 45335), -- 50605
(65436, 2, 0, 2151, 13642, 0, 0, 66577, 1, 1, 1, 1, 975, 0, 0, 0, 0, 0, 1, 0, 38273024, 0, 0, 0, 0, 0, 0, 0, 0, 0, 0, 0, 0, 0, 0, 0, 0, 0, 0, 0, 0, 0, 0, 0, 0, 0, 0, 0, 0, 0, 0, 0, 0, 0, 0, 0, 0, 0, 0, 0, 0, 0, 0, 0, 0, 0, 0, 0, 0, 0, 0, 0, 0, 0, 0, 0, 0, 0, 0, 7, 7, 7, 7, 7, 0, 0, 0, 0, 0, 0, 0, 0, 6130900294268439629, 0, 9, 0, 0, 'The Dragon Isles Await', 'Meet Wrathion in Stormwind.', 'Wondrous news, my friend! The Dragon Isles are awakening!\n\nMy people left our lands dormant in the wake of the Sundering. But now, at long last, we feel the call to home.\n\nWhile the Isles hold many wonders, there are perils as well. We will require the aid of our mortal allies in order to reclaim our legacy.\n\nMeet me in Stormwind. I must present the Aspects\'  invitation to the Alliance.', '', '', 0, 0, 0, 0, 0, 0, 0, 0, '', '', '', '', 890, 878, 45335); -- 65436


DELETE FROM `quest_objectives` WHERE `ID` IN (341370 /*341370*/, 336212 /*336212*/, 336308 /*336308*/);
INSERT INTO `quest_objectives` (`ID`, `QuestID`, `Type`, `Order`, `StorageIndex`, `ObjectID`, `Amount`, `Flags`, `Flags2`, `ProgressBarWeight`, `Description`, `VerifiedBuild`) VALUES
(341370, 53436, 0, 0, 0, 132935, 36000, 16, 0, 0, 'Collect 36000 Azerite on Island Expeditions', 45335), -- 341370
(336212, 50600, 14, 0, 0, 66205, 1, 0, 0, 0, 'Complete 4 world quests in Drustvar', 45335), -- 336212
(336308, 50605, 14, 0, 0, 66275, 1, 0, 0, 0, 'Complete 4 world quests on Zandalar, Assaults or Warfront Zones', 45335); -- 336308


# TrinityCore - WowPacketParser
# File name: dump_9.2.7.45335_2022-09-06_14-35-57.pkt
# Detected build: V9_2_7_45335
# Detected locale:     
# Targeted database: Shadowlands
# Parsing date: 09/07/2022 17:24:37

DELETE FROM `quest_offer_reward` WHERE `ID`=66783;
INSERT INTO `quest_offer_reward` (`ID`, `Emote1`, `Emote2`, `Emote3`, `Emote4`, `EmoteDelay1`, `EmoteDelay2`, `EmoteDelay3`, `EmoteDelay4`, `RewardText`, `VerifiedBuild`) VALUES
(66783, 0, 0, 0, 0, 0, 0, 0, 0, '', 45335); -- 66783


DELETE FROM `quest_poi` WHERE (`QuestID`=66340 AND `BlobIndex`=0 AND `Idx1`=1) OR (`QuestID`=66340 AND `BlobIndex`=0 AND `Idx1`=0) OR (`QuestID`=50603 AND `BlobIndex`=0 AND `Idx1`=0) OR (`QuestID`=66783 AND `BlobIndex`=0 AND `Idx1`=5) OR (`QuestID`=66783 AND `BlobIndex`=0 AND `Idx1`=4) OR (`QuestID`=66783 AND `BlobIndex`=0 AND `Idx1`=3) OR (`QuestID`=66783 AND `BlobIndex`=0 AND `Idx1`=2) OR (`QuestID`=66783 AND `BlobIndex`=0 AND `Idx1`=1) OR (`QuestID`=66783 AND `BlobIndex`=0 AND `Idx1`=0) OR (`QuestID`=53435 AND `BlobIndex`=0 AND `Idx1`=1) OR (`QuestID`=53435 AND `BlobIndex`=0 AND `Idx1`=0) OR (`QuestID`=50606 AND `BlobIndex`=0 AND `Idx1`=0) OR (`QuestID`=50562 AND `BlobIndex`=0 AND `Idx1`=0);
INSERT INTO `quest_poi` (`QuestID`, `BlobIndex`, `Idx1`, `ObjectiveIndex`, `QuestObjectiveID`, `QuestObjectID`, `MapID`, `UiMapID`, `Priority`, `Flags`, `WorldEffectID`, `PlayerConditionID`, `NavigationPlayerConditionID`, `SpawnTrackingID`, `AlwaysAllowMergingBlobs`, `VerifiedBuild`) VALUES
(66340, 0, 1, 32, 0, 0, 2444, 2023, 0, 0, 0, 0, 0, 2195410, 0, 45335), -- 66340
(66340, 0, 0, -1, 0, 0, 2444, 2023, 0, 0, 0, 0, 0, 2166595, 0, 45335), -- 66340
(50603, 0, 0, -1, 0, 0, 1642, 864, 0, 0, 0, 0, 0, 1483928, 0, 45335), -- 50603
(66783, 0, 5, 32, 0, 0, 2444, 2023, 0, 0, 0, 0, 0, 2195410, 0, 45335), -- 66783
(66783, 0, 4, 9, 430339, 188181, 2444, 2023, 0, 0, 0, 0, 0, 2195410, 0, 45335), -- 66783
(66783, 0, 3, 8, 428300, 191208, 2444, 2023, 0, 0, 0, 0, 0, 2206773, 0, 45335), -- 66783
(66783, 0, 2, 7, 428301, 191209, 2444, 2023, 0, 0, 0, 0, 0, 2206772, 0, 45335), -- 66783
(66783, 0, 1, 0, 428299, 191195, 2444, 2023, 0, 0, 0, 0, 0, 2206735, 0, 45335), -- 66783
(66783, 0, 0, -1, 0, 0, 2444, 2023, 0, 0, 0, 0, 0, 2195410, 0, 45335), -- 66783
(53435, 0, 1, 0, 341368, 132935, 1642, 1165, 0, 0, 0, 0, 0, 1498985, 0, 45335), -- 53435
(53435, 0, 0, -1, 0, 0, 1642, 1165, 0, 0, 0, 0, 0, 1498985, 0, 45335), -- 53435
(50606, 0, 0, -1, 0, 0, 1642, 862, 0, 0, 0, 0, 0, 1480298, 0, 45335), -- 50606
(50562, 0, 0, -1, 0, 0, 1, 81, 0, 0, 0, 0, 0, 1448534, 0, 45335); -- 50562

DELETE FROM `quest_poi_points` WHERE (`QuestID`=66340 AND `Idx1`=1 AND `Idx2`=0) OR (`QuestID`=66340 AND `Idx1`=0 AND `Idx2`=0) OR (`QuestID`=50603 AND `Idx1`=0 AND `Idx2`=0) OR (`QuestID`=66783 AND `Idx1`=5 AND `Idx2`=0) OR (`QuestID`=66783 AND `Idx1`=4 AND `Idx2`=0) OR (`QuestID`=66783 AND `Idx1`=3 AND `Idx2`=0) OR (`QuestID`=66783 AND `Idx1`=2 AND `Idx2`=0) OR (`QuestID`=66783 AND `Idx1`=1 AND `Idx2`=0) OR (`QuestID`=66783 AND `Idx1`=0 AND `Idx2`=0) OR (`QuestID`=53435 AND `Idx1`=1 AND `Idx2`=0) OR (`QuestID`=53435 AND `Idx1`=0 AND `Idx2`=0) OR (`QuestID`=50606 AND `Idx1`=0 AND `Idx2`=0) OR (`QuestID`=50562 AND `Idx1`=0 AND `Idx2`=0);
INSERT INTO `quest_poi_points` (`QuestID`, `Idx1`, `Idx2`, `X`, `Y`, `Z`, `VerifiedBuild`) VALUES
(66340, 1, 0, -1152, 5146, 21, 45335), -- 66340
(66340, 0, 0, -2648, 1392, 548, 45335), -- 66340
(50603, 0, 0, 2071, 2825, 50, 45335), -- 50603
(66783, 5, 0, -1152, 5146, 21, 45335), -- 66783
(66783, 4, 0, -1152, 5146, 21, 45335), -- 66783
(66783, 3, 0, -1151, 5130, 20, 45335), -- 66783
(66783, 2, 0, -1156, 5128, 21, 45335), -- 66783
(66783, 1, 0, -1147, 5134, 21, 45335), -- 66783
(66783, 0, 0, -1152, 5146, 21, 45335), -- 66783
(53435, 1, 0, -2054, 959, 7, 45335), -- 53435
(53435, 0, 0, -2054, 950, 7, 45335), -- 53435
(50606, 0, 0, -2154, 795, 6, 45335), -- 50606
(50562, 0, 0, -7071, 1270, -92, 45335); -- 50562


DELETE FROM `quest_details` WHERE `ID`=66340;
INSERT INTO `quest_details` (`ID`, `Emote1`, `Emote2`, `Emote3`, `Emote4`, `EmoteDelay1`, `EmoteDelay2`, `EmoteDelay3`, `EmoteDelay4`, `VerifiedBuild`) VALUES
(66340, 0, 0, 0, 0, 0, 0, 0, 0, 45335); -- 66340


DELETE FROM `quest_template` WHERE `ID` IN (57565 /*57565*/, 50603 /*50603*/, 57567 /*57567*/);
INSERT INTO `quest_template` (`ID`, `QuestType`, `QuestPackageID`, `ContentTuningID`, `QuestSortID`, `QuestInfoID`, `SuggestedGroupNum`, `RewardNextQuest`, `RewardXPDifficulty`, `RewardXPMultiplier`, `RewardMoneyDifficulty`, `RewardMoneyMultiplier`, `RewardBonusMoney`, `RewardSpell`, `RewardHonor`, `RewardKillHonor`, `StartItem`, `RewardArtifactXPDifficulty`, `RewardArtifactXPMultiplier`, `RewardArtifactCategoryID`, `Flags`, `FlagsEx`, `FlagsEx2`, `RewardSkillLineID`, `RewardNumSkillUps`, `PortraitGiver`, `PortraitGiverMount`, `PortraitGiverModelSceneID`, `PortraitTurnIn`, `RewardItem1`, `RewardItem2`, `RewardItem3`, `RewardItem4`, `RewardAmount1`, `RewardAmount2`, `RewardAmount3`, `RewardAmount4`, `ItemDrop1`, `ItemDrop2`, `ItemDrop3`, `ItemDrop4`, `ItemDropQuantity1`, `ItemDropQuantity2`, `ItemDropQuantity3`, `ItemDropQuantity4`, `RewardChoiceItemID1`, `RewardChoiceItemID2`, `RewardChoiceItemID3`, `RewardChoiceItemID4`, `RewardChoiceItemID5`, `RewardChoiceItemID6`, `RewardChoiceItemQuantity1`, `RewardChoiceItemQuantity2`, `RewardChoiceItemQuantity3`, `RewardChoiceItemQuantity4`, `RewardChoiceItemQuantity5`, `RewardChoiceItemQuantity6`, `RewardChoiceItemDisplayID1`, `RewardChoiceItemDisplayID2`, `RewardChoiceItemDisplayID3`, `RewardChoiceItemDisplayID4`, `RewardChoiceItemDisplayID5`, `RewardChoiceItemDisplayID6`, `POIContinent`, `POIx`, `POIy`, `POIPriority`, `RewardTitle`, `RewardArenaPoints`, `RewardFactionID1`, `RewardFactionID2`, `RewardFactionID3`, `RewardFactionID4`, `RewardFactionID5`, `RewardFactionValue1`, `RewardFactionValue2`, `RewardFactionValue3`, `RewardFactionValue4`, `RewardFactionValue5`, `RewardFactionCapIn1`, `RewardFactionCapIn2`, `RewardFactionCapIn3`, `RewardFactionCapIn4`, `RewardFactionCapIn5`, `RewardFactionOverride1`, `RewardFactionOverride2`, `RewardFactionOverride3`, `RewardFactionOverride4`, `RewardFactionOverride5`, `RewardFactionFlags`, `AreaGroupID`, `TimeAllowed`, `AllowableRaces`, `TreasurePickerID`, `Expansion`, `ManagedWorldStateID`, `QuestSessionBonus`, `LogTitle`, `LogDescription`, `QuestDescription`, `AreaDescription`, `QuestCompletionLog`, `RewardCurrencyID1`, `RewardCurrencyID2`, `RewardCurrencyID3`, `RewardCurrencyID4`, `RewardCurrencyQty1`, `RewardCurrencyQty2`, `RewardCurrencyQty3`, `RewardCurrencyQty4`, `PortraitGiverText`, `PortraitGiverName`, `PortraitTurnInText`, `PortraitTurnInName`, `AcceptedSoundKitID`, `CompleteSoundKitID`, `VerifiedBuild`) VALUES
(57565, 2, 0, 703, 10833, 270, 0, 0, 0, 1, 0, 1, 0, 0, 0, 0, 0, 0, 1, 0, 34078720, 67108864, 0, 0, 0, 0, 0, 0, 0, 0, 0, 0, 0, 0, 0, 0, 0, 0, 0, 0, 0, 0, 0, 0, 0, 0, 0, 0, 0, 0, 0, 0, 0, 0, 0, 0, 0, 0, 0, 0, 0, 0, 0, 0, 0, 0, 0, 0, 0, 0, 0, 0, 0, 0, 0, 0, 0, 0, 0, 7, 7, 7, 7, 7, 0, 0, 0, 0, 0, 0, 0, 0, 18446744073709551615, 0, 7, 0, 0, 'Aqir Assault Tracker', '', '', '', '', 0, 0, 0, 0, 0, 0, 0, 0, '', '', '', '', 890, 878, 45335), -- 57565
(50603, 2, 0, 464, 8501, 128, 0, 0, 0, 0, 0, 0, 0, 0, 0, 0, 0, 0, 0, 0, 34078976, 67108864, 0, 0, 0, 0, 0, 0, 0, 0, 0, 0, 0, 0, 0, 0, 0, 0, 0, 0, 0, 0, 0, 0, 0, 0, 0, 0, 0, 0, 0, 0, 0, 0, 0, 0, 0, 0, 0, 0, 0, 0, 0, 0, 0, 0, 0, 0, 0, 2158, 0, 0, 0, 0, 8, 0, 0, 0, 0, 7, 7, 7, 7, 7, 150000, 0, 0, 0, 0, 0, 0, 0, 12261800583900083122, 594, 7, 0, 0, 'Voldunai', 'Complete 4 Voldunai world quests.', 'Assist the Voldunai by completing 4 world quests.', '', 'Return to Hoarder Jena at the Vulpera Hideaway in Vol\'dun.', 0, 0, 0, 0, 0, 0, 0, 0, '', '', '', '', 890, 878, 45335), -- 50603
(57567, 2, 0, 703, 9105, 270, 0, 0, 0, 1, 0, 1, 0, 0, 0, 0, 0, 0, 1, 0, 34078720, 67108864, 0, 0, 0, 0, 0, 0, 0, 0, 0, 0, 0, 0, 0, 0, 0, 0, 0, 0, 0, 0, 0, 0, 0, 0, 0, 0, 0, 0, 0, 0, 0, 0, 0, 0, 0, 0, 0, 0, 0, 0, 0, 0, 0, 0, 0, 0, 0, 0, 0, 0, 0, 0, 0, 0, 0, 0, 0, 7, 7, 7, 7, 7, 0, 0, 0, 0, 0, 0, 0, 0, 18446744073709551615, 0, 7, 0, 0, 'N\'Zoth Assault Tracker (Vale)', '', '', '', '', 0, 0, 0, 0, 0, 0, 0, 0, '', '', '', '', 890, 878, 45335); -- 57567


DELETE FROM `quest_objectives` WHERE `ID` IN (392894 /*392894*/, 336210 /*336210*/);
INSERT INTO `quest_objectives` (`ID`, `QuestID`, `Type`, `Order`, `StorageIndex`, `ObjectID`, `Amount`, `Flags`, `Flags2`, `ProgressBarWeight`, `Description`, `VerifiedBuild`) VALUES
(392894, 57565, 0, 0, 0, 158265, 1, 0, 0, 0, '', 45335), -- 392894
(336210, 50603, 14, 0, 0, 66201, 1, 0, 0, 0, 'Complete 4 world quests in Vol\'dun', 45335); -- 336210


# TrinityCore - WowPacketParser
# File name: dump_9.2.7.45335_2022-09-04_18-10-12 (1).pkt
# Detected build: V9_2_7_45335
# Detected locale:     
# Targeted database: Shadowlands
# Parsing date: 09/07/2022 17:24:36

DELETE FROM `quest_poi` WHERE (`QuestID`=70351 AND `BlobIndex`=1 AND `Idx1`=2) OR (`QuestID`=70351 AND `BlobIndex`=0 AND `Idx1`=1) OR (`QuestID`=70351 AND `BlobIndex`=0 AND `Idx1`=0) OR (`QuestID`=66997 AND `BlobIndex`=0 AND `Idx1`=1) OR (`QuestID`=66997 AND `BlobIndex`=0 AND `Idx1`=0) OR (`QuestID`=66879 AND `BlobIndex`=0 AND `Idx1`=1) OR (`QuestID`=66879 AND `BlobIndex`=0 AND `Idx1`=0) OR (`QuestID`=66648 AND `BlobIndex`=2 AND `Idx1`=2) OR (`QuestID`=66648 AND `BlobIndex`=1 AND `Idx1`=1) OR (`QuestID`=66648 AND `BlobIndex`=0 AND `Idx1`=0) OR (`QuestID`=65957 AND `BlobIndex`=0 AND `Idx1`=4) OR (`QuestID`=65957 AND `BlobIndex`=0 AND `Idx1`=3) OR (`QuestID`=65957 AND `BlobIndex`=0 AND `Idx1`=2) OR (`QuestID`=65957 AND `BlobIndex`=0 AND `Idx1`=1) OR (`QuestID`=65957 AND `BlobIndex`=0 AND `Idx1`=0) OR (`QuestID`=65956 AND `BlobIndex`=0 AND `Idx1`=2) OR (`QuestID`=65956 AND `BlobIndex`=0 AND `Idx1`=1) OR (`QuestID`=65956 AND `BlobIndex`=0 AND `Idx1`=0) OR (`QuestID`=65266 AND `BlobIndex`=6 AND `Idx1`=9) OR (`QuestID`=65266 AND `BlobIndex`=5 AND `Idx1`=8) OR (`QuestID`=65266 AND `BlobIndex`=4 AND `Idx1`=7) OR (`QuestID`=65266 AND `BlobIndex`=3 AND `Idx1`=6) OR (`QuestID`=65266 AND `BlobIndex`=2 AND `Idx1`=5) OR (`QuestID`=65266 AND `BlobIndex`=1 AND `Idx1`=4) OR (`QuestID`=65266 AND `BlobIndex`=0 AND `Idx1`=3) OR (`QuestID`=65266 AND `BlobIndex`=0 AND `Idx1`=2) OR (`QuestID`=65266 AND `BlobIndex`=0 AND `Idx1`=1) OR (`QuestID`=65266 AND `BlobIndex`=0 AND `Idx1`=0) OR (`QuestID`=64822 AND `BlobIndex`=0 AND `Idx1`=4) OR (`QuestID`=64822 AND `BlobIndex`=0 AND `Idx1`=3) OR (`QuestID`=64822 AND `BlobIndex`=0 AND `Idx1`=2) OR (`QuestID`=64822 AND `BlobIndex`=0 AND `Idx1`=1) OR (`QuestID`=64822 AND `BlobIndex`=0 AND `Idx1`=0) OR (`QuestID`=64821 AND `BlobIndex`=0 AND `Idx1`=2) OR (`QuestID`=64821 AND `BlobIndex`=0 AND `Idx1`=1) OR (`QuestID`=64821 AND `BlobIndex`=0 AND `Idx1`=0) OR (`QuestID`=64106 AND `BlobIndex`=0 AND `Idx1`=5) OR (`QuestID`=64106 AND `BlobIndex`=3 AND `Idx1`=4) OR (`QuestID`=64106 AND `BlobIndex`=2 AND `Idx1`=3) OR (`QuestID`=64106 AND `BlobIndex`=1 AND `Idx1`=2) OR (`QuestID`=64106 AND `BlobIndex`=0 AND `Idx1`=1) OR (`QuestID`=64106 AND `BlobIndex`=0 AND `Idx1`=0) OR (`QuestID`=63861 AND `BlobIndex`=1 AND `Idx1`=4) OR (`QuestID`=63861 AND `BlobIndex`=0 AND `Idx1`=3) OR (`QuestID`=63861 AND `BlobIndex`=1 AND `Idx1`=2) OR (`QuestID`=63861 AND `BlobIndex`=0 AND `Idx1`=1) OR (`QuestID`=63861 AND `BlobIndex`=0 AND `Idx1`=0) OR (`QuestID`=60501 AND `BlobIndex`=0 AND `Idx1`=0) OR (`QuestID`=56120 AND `BlobIndex`=0 AND `Idx1`=1) OR (`QuestID`=56120 AND `BlobIndex`=0 AND `Idx1`=0) OR (`QuestID`=53435 AND `BlobIndex`=0 AND `Idx1`=1) OR (`QuestID`=53435 AND `BlobIndex`=0 AND `Idx1`=0) OR (`QuestID`=50598 AND `BlobIndex`=0 AND `Idx1`=0) OR (`QuestID`=50562 AND `BlobIndex`=0 AND `Idx1`=0) OR (`QuestID`=25929 AND `BlobIndex`=0 AND `Idx1`=3) OR (`QuestID`=25929 AND `BlobIndex`=1 AND `Idx1`=2) OR (`QuestID`=25929 AND `BlobIndex`=0 AND `Idx1`=1) OR (`QuestID`=25929 AND `BlobIndex`=0 AND `Idx1`=0);
INSERT INTO `quest_poi` (`QuestID`, `BlobIndex`, `Idx1`, `ObjectiveIndex`, `QuestObjectiveID`, `QuestObjectID`, `MapID`, `UiMapID`, `Priority`, `Flags`, `WorldEffectID`, `PlayerConditionID`, `NavigationPlayerConditionID`, `SpawnTrackingID`, `AlwaysAllowMergingBlobs`, `VerifiedBuild`) VALUES
(70351, 1, 2, 32, 0, 0, 2444, 2022, 0, 0, 0, 0, 0, 2205169, 0, 45335), -- 70351
(70351, 0, 1, 32, 0, 0, 2444, 2022, 0, 0, 0, 0, 0, 2204271, 0, 45335), -- 70351
(70351, 0, 0, -1, 0, 0, 2444, 2022, 0, 0, 0, 0, 0, 2204271, 0, 45335), -- 70351
(66997, 0, 1, 32, 0, 0, 2444, 2022, 0, 0, 0, 0, 0, 2206529, 0, 45335), -- 66997
(66997, 0, 0, -1, 0, 0, 2444, 2022, 0, 0, 0, 0, 0, 2201799, 0, 45335), -- 66997
(66879, 0, 1, 32, 0, 0, 2444, 2022, 0, 0, 0, 0, 0, 2206546, 0, 45335), -- 66879
(66879, 0, 0, -1, 0, 0, 2444, 2022, 0, 0, 0, 0, 0, 2207235, 0, 45335), -- 66879
(66648, 2, 2, 0, 427705, 190258, 2374, 1970, 0, 2, 0, 96265, 0, 0, 0, 45335), -- 66648
(66648, 1, 1, 0, 427705, 190258, 2222, 1543, 0, 2, 0, 96264, 0, 0, 0, 45335), -- 66648
(66648, 0, 0, 0, 427705, 190258, 2222, 1525, 0, 2, 0, 96263, 0, 0, 0, 45335), -- 66648
(65957, 0, 4, 32, 0, 0, 2444, 2022, 0, 0, 0, 0, 0, 2173812, 0, 45335), -- 65957
(65957, 0, 3, 2, 423629, 181875, 2444, 2022, 0, 0, 0, 0, 0, 2175403, 0, 45335), -- 65957
(65957, 0, 2, 1, 423627, 186509, 2444, 2022, 0, 0, 0, 0, 0, 2175493, 0, 45335), -- 65957
(65957, 0, 1, 0, 423628, 186511, 2444, 2022, 0, 0, 0, 0, 0, 2175495, 0, 45335), -- 65957
(65957, 0, 0, -1, 0, 0, 2444, 2022, 0, 0, 0, 0, 0, 2176469, 0, 45335), -- 65957
(65956, 0, 2, 32, 0, 0, 2444, 2022, 0, 0, 0, 0, 0, 2173812, 0, 45335), -- 65956
(65956, 0, 1, 1, 423625, 186614, 2444, 2022, 0, 2, 0, 0, 0, 0, 1, 45335), -- 65956
(65956, 0, 0, -1, 0, 0, 2444, 2022, 0, 0, 0, 0, 0, 2176469, 0, 45335), -- 65956
(65266, 6, 9, 2, 422649, 188740, 2222, 1961, 0, 2, 0, 94401, 0, 0, 0, 45335), -- 65266
(65266, 5, 8, 2, 422649, 188740, 2222, 1961, 0, 2, 0, 94401, 0, 0, 0, 45335), -- 65266
(65266, 4, 7, 2, 422649, 188740, 2222, 1961, 0, 2, 0, 94401, 0, 0, 0, 45335), -- 65266
(65266, 3, 6, 2, 422649, 188740, 2222, 1961, 0, 2, 0, 94401, 0, 0, 0, 45335), -- 65266
(65266, 2, 5, 2, 422649, 188740, 2222, 1961, 0, 2, 0, 94401, 0, 0, 0, 45335), -- 65266
(65266, 1, 4, 2, 422649, 188740, 2222, 1961, 0, 2, 0, 94401, 0, 0, 0, 45335), -- 65266
(65266, 0, 3, 2, 422649, 188740, 2222, 1961, 0, 2, 0, 94401, 0, 0, 0, 45335), -- 65266
(65266, 0, 2, 1, 422651, 183883, 2222, 1961, 0, 2, 0, 0, 0, 0, 0, 45335), -- 65266
(65266, 0, 1, 0, 422653, 94218, 2222, 1961, 0, 0, 0, 0, 0, 2070863, 0, 45335), -- 65266
(65266, 0, 0, -1, 0, 0, 2222, 1961, 0, 0, 0, 0, 0, 2070863, 0, 45335), -- 65266
(64822, 0, 4, 32, 0, 0, 2374, 1970, 0, 0, 0, 0, 0, 2110780, 0, 45335), -- 64822
(64822, 0, 3, 2, 422416, 183469, 2374, 1970, 0, 0, 0, 0, 0, 2129533, 0, 45335), -- 64822
(64822, 0, 2, 1, 422415, 183459, 2374, 1970, 0, 0, 0, 0, 0, 2129532, 0, 45335), -- 64822
(64822, 0, 1, 0, 422414, 183456, 2374, 1970, 0, 0, 0, 0, 0, 2129308, 0, 45335), -- 64822
(64822, 0, 0, -1, 0, 0, 2374, 1970, 0, 0, 0, 0, 0, 2110780, 0, 45335), -- 64822
(64821, 0, 2, 32, 0, 0, 2374, 1970, 0, 0, 0, 0, 0, 2067773, 0, 45335), -- 64821
(64821, 0, 1, 0, 421574, 181668, 2374, 1970, 0, 2, 0, 0, 0, 0, 0, 45335), -- 64821
(64821, 0, 0, -1, 0, 0, 2374, 1970, 0, 0, 0, 0, 0, 2110780, 0, 45335), -- 64821
(64106, 0, 5, 32, 0, 0, 2222, 1961, 0, 8192, 0, 0, 0, 2062741, 0, 45335), -- 64106
(64106, 3, 4, 0, 420622, 91394, 2222, 1543, 0, 0, 0, 90100, 0, 2076469, 0, 45335), -- 64106
(64106, 2, 3, 0, 420622, 91394, 2222, 1543, 0, 0, 0, 90097, 0, 2066833, 0, 45335), -- 64106
(64106, 1, 2, 0, 420622, 91394, 2222, 1543, 0, 0, 0, 90098, 0, 2067395, 0, 45335), -- 64106
(64106, 0, 1, 0, 420622, 91394, 2222, 1543, 0, 0, 0, 89650, 0, 2060564, 0, 45335), -- 64106
(64106, 0, 0, -1, 0, 0, 2222, 1961, 0, 8192, 0, 0, 0, 2062741, 0, 45335), -- 64106
(63861, 1, 4, 32, 0, 0, 2222, 1961, 0, 0, 0, 0, 0, 2071108, 0, 45335), -- 63861
(63861, 0, 3, 32, 0, 0, 2222, 1961, 0, 0, 0, 0, 0, 2070863, 0, 45335), -- 63861
(63861, 1, 2, 0, 420044, 185916, 2222, 1961, 0, 2, 0, 92084, 0, 0, 0, 45335), -- 63861
(63861, 0, 1, 0, 420044, 185916, 2222, 2006, 0, 0, 0, 92085, 0, 2070960, 0, 45335), -- 63861
(63861, 0, 0, -1, 0, 0, 2222, 1961, 0, 0, 0, 0, 0, 2070863, 0, 45335), -- 63861
(60501, 0, 0, -1, 0, 0, 2222, 1525, 0, 2, 0, 0, 0, 1962536, 0, 45335), -- 60501
(56120, 0, 1, 32, 0, 0, 1718, 1355, 0, 2, 0, 0, 0, 0, 0, 45335), -- 56120
(56120, 0, 0, -1, 0, 0, 1718, 1355, 0, 0, 0, 0, 0, 1765170, 0, 45335), -- 56120
(53435, 0, 1, 0, 341368, 132935, 1642, 1165, 0, 0, 0, 0, 0, 1498985, 0, 45335), -- 53435
(53435, 0, 0, -1, 0, 0, 1642, 1165, 0, 0, 0, 0, 0, 1498985, 0, 45335), -- 53435
(50598, 0, 0, -1, 0, 0, 1642, 1165, 0, 0, 0, 0, 0, 1429777, 0, 45335), -- 50598
(50562, 0, 0, -1, 0, 0, 1, 81, 0, 0, 0, 0, 0, 1448534, 0, 45335), -- 50562
(25929, 0, 3, 32, 0, 0, 0, 201, 0, 0, 0, 0, 0, 405917, 0, 45335), -- 25929
(25929, 1, 2, 1, 266854, 52504, 0, 201, 0, 1, 0, 0, 0, 0, 0, 45335), -- 25929
(25929, 0, 1, 1, 266854, 52504, 0, 201, 0, 1, 0, 0, 0, 0, 0, 45335), -- 25929
(25929, 0, 0, -1, 0, 0, 0, 201, 0, 1, 0, 0, 0, 0, 0, 45335); -- 25929

DELETE FROM `quest_poi_points` WHERE (`QuestID`=70351 AND `Idx1`=2 AND `Idx2`=0) OR (`QuestID`=70351 AND `Idx1`=1 AND `Idx2`=0) OR (`QuestID`=70351 AND `Idx1`=0 AND `Idx2`=0) OR (`QuestID`=66997 AND `Idx1`=1 AND `Idx2`=0) OR (`QuestID`=66997 AND `Idx1`=0 AND `Idx2`=0) OR (`QuestID`=66879 AND `Idx1`=1 AND `Idx2`=0) OR (`QuestID`=66879 AND `Idx1`=0 AND `Idx2`=0) OR (`QuestID`=66648 AND `Idx1`=2 AND `Idx2`=11) OR (`QuestID`=66648 AND `Idx1`=2 AND `Idx2`=10) OR (`QuestID`=66648 AND `Idx1`=2 AND `Idx2`=9) OR (`QuestID`=66648 AND `Idx1`=2 AND `Idx2`=8) OR (`QuestID`=66648 AND `Idx1`=2 AND `Idx2`=7) OR (`QuestID`=66648 AND `Idx1`=2 AND `Idx2`=6) OR (`QuestID`=66648 AND `Idx1`=2 AND `Idx2`=5) OR (`QuestID`=66648 AND `Idx1`=2 AND `Idx2`=4) OR (`QuestID`=66648 AND `Idx1`=2 AND `Idx2`=3) OR (`QuestID`=66648 AND `Idx1`=2 AND `Idx2`=2) OR (`QuestID`=66648 AND `Idx1`=2 AND `Idx2`=1) OR (`QuestID`=66648 AND `Idx1`=2 AND `Idx2`=0) OR (`QuestID`=66648 AND `Idx1`=1 AND `Idx2`=11) OR (`QuestID`=66648 AND `Idx1`=1 AND `Idx2`=10) OR (`QuestID`=66648 AND `Idx1`=1 AND `Idx2`=9) OR (`QuestID`=66648 AND `Idx1`=1 AND `Idx2`=8) OR (`QuestID`=66648 AND `Idx1`=1 AND `Idx2`=7) OR (`QuestID`=66648 AND `Idx1`=1 AND `Idx2`=6) OR (`QuestID`=66648 AND `Idx1`=1 AND `Idx2`=5) OR (`QuestID`=66648 AND `Idx1`=1 AND `Idx2`=4) OR (`QuestID`=66648 AND `Idx1`=1 AND `Idx2`=3) OR (`QuestID`=66648 AND `Idx1`=1 AND `Idx2`=2) OR (`QuestID`=66648 AND `Idx1`=1 AND `Idx2`=1) OR (`QuestID`=66648 AND `Idx1`=1 AND `Idx2`=0) OR (`QuestID`=66648 AND `Idx1`=0 AND `Idx2`=11) OR (`QuestID`=66648 AND `Idx1`=0 AND `Idx2`=10) OR (`QuestID`=66648 AND `Idx1`=0 AND `Idx2`=9) OR (`QuestID`=66648 AND `Idx1`=0 AND `Idx2`=8) OR (`QuestID`=66648 AND `Idx1`=0 AND `Idx2`=7) OR (`QuestID`=66648 AND `Idx1`=0 AND `Idx2`=6) OR (`QuestID`=66648 AND `Idx1`=0 AND `Idx2`=5) OR (`QuestID`=66648 AND `Idx1`=0 AND `Idx2`=4) OR (`QuestID`=66648 AND `Idx1`=0 AND `Idx2`=3) OR (`QuestID`=66648 AND `Idx1`=0 AND `Idx2`=2) OR (`QuestID`=66648 AND `Idx1`=0 AND `Idx2`=1) OR (`QuestID`=66648 AND `Idx1`=0 AND `Idx2`=0) OR (`QuestID`=65957 AND `Idx1`=4 AND `Idx2`=0) OR (`QuestID`=65957 AND `Idx1`=3 AND `Idx2`=0) OR (`QuestID`=65957 AND `Idx1`=2 AND `Idx2`=0) OR (`QuestID`=65957 AND `Idx1`=1 AND `Idx2`=0) OR (`QuestID`=65957 AND `Idx1`=0 AND `Idx2`=0) OR (`QuestID`=65956 AND `Idx1`=2 AND `Idx2`=0) OR (`QuestID`=65956 AND `Idx1`=1 AND `Idx2`=4) OR (`QuestID`=65956 AND `Idx1`=1 AND `Idx2`=3) OR (`QuestID`=65956 AND `Idx1`=1 AND `Idx2`=2) OR (`QuestID`=65956 AND `Idx1`=1 AND `Idx2`=1) OR (`QuestID`=65956 AND `Idx1`=1 AND `Idx2`=0) OR (`QuestID`=65956 AND `Idx1`=0 AND `Idx2`=0) OR (`QuestID`=65266 AND `Idx1`=9 AND `Idx2`=6) OR (`QuestID`=65266 AND `Idx1`=9 AND `Idx2`=5) OR (`QuestID`=65266 AND `Idx1`=9 AND `Idx2`=4) OR (`QuestID`=65266 AND `Idx1`=9 AND `Idx2`=3) OR (`QuestID`=65266 AND `Idx1`=9 AND `Idx2`=2) OR (`QuestID`=65266 AND `Idx1`=9 AND `Idx2`=1) OR (`QuestID`=65266 AND `Idx1`=9 AND `Idx2`=0) OR (`QuestID`=65266 AND `Idx1`=8 AND `Idx2`=7) OR (`QuestID`=65266 AND `Idx1`=8 AND `Idx2`=6) OR (`QuestID`=65266 AND `Idx1`=8 AND `Idx2`=5) OR (`QuestID`=65266 AND `Idx1`=8 AND `Idx2`=4) OR (`QuestID`=65266 AND `Idx1`=8 AND `Idx2`=3) OR (`QuestID`=65266 AND `Idx1`=8 AND `Idx2`=2) OR (`QuestID`=65266 AND `Idx1`=8 AND `Idx2`=1) OR (`QuestID`=65266 AND `Idx1`=8 AND `Idx2`=0) OR (`QuestID`=65266 AND `Idx1`=7 AND `Idx2`=7) OR (`QuestID`=65266 AND `Idx1`=7 AND `Idx2`=6) OR (`QuestID`=65266 AND `Idx1`=7 AND `Idx2`=5) OR (`QuestID`=65266 AND `Idx1`=7 AND `Idx2`=4) OR (`QuestID`=65266 AND `Idx1`=7 AND `Idx2`=3) OR (`QuestID`=65266 AND `Idx1`=7 AND `Idx2`=2) OR (`QuestID`=65266 AND `Idx1`=7 AND `Idx2`=1) OR (`QuestID`=65266 AND `Idx1`=7 AND `Idx2`=0) OR (`QuestID`=65266 AND `Idx1`=6 AND `Idx2`=3) OR (`QuestID`=65266 AND `Idx1`=6 AND `Idx2`=2) OR (`QuestID`=65266 AND `Idx1`=6 AND `Idx2`=1) OR (`QuestID`=65266 AND `Idx1`=6 AND `Idx2`=0) OR (`QuestID`=65266 AND `Idx1`=5 AND `Idx2`=4) OR (`QuestID`=65266 AND `Idx1`=5 AND `Idx2`=3) OR (`QuestID`=65266 AND `Idx1`=5 AND `Idx2`=2) OR (`QuestID`=65266 AND `Idx1`=5 AND `Idx2`=1) OR (`QuestID`=65266 AND `Idx1`=5 AND `Idx2`=0) OR (`QuestID`=65266 AND `Idx1`=4 AND `Idx2`=5) OR (`QuestID`=65266 AND `Idx1`=4 AND `Idx2`=4) OR (`QuestID`=65266 AND `Idx1`=4 AND `Idx2`=3) OR (`QuestID`=65266 AND `Idx1`=4 AND `Idx2`=2) OR (`QuestID`=65266 AND `Idx1`=4 AND `Idx2`=1) OR (`QuestID`=65266 AND `Idx1`=4 AND `Idx2`=0) OR (`QuestID`=65266 AND `Idx1`=3 AND `Idx2`=2) OR (`QuestID`=65266 AND `Idx1`=3 AND `Idx2`=1) OR (`QuestID`=65266 AND `Idx1`=3 AND `Idx2`=0) OR (`QuestID`=65266 AND `Idx1`=2 AND `Idx2`=0) OR (`QuestID`=65266 AND `Idx1`=1 AND `Idx2`=0) OR (`QuestID`=65266 AND `Idx1`=0 AND `Idx2`=0) OR (`QuestID`=64822 AND `Idx1`=4 AND `Idx2`=0) OR (`QuestID`=64822 AND `Idx1`=3 AND `Idx2`=0) OR (`QuestID`=64822 AND `Idx1`=2 AND `Idx2`=0) OR (`QuestID`=64822 AND `Idx1`=1 AND `Idx2`=0) OR (`QuestID`=64822 AND `Idx1`=0 AND `Idx2`=0) OR (`QuestID`=64821 AND `Idx1`=2 AND `Idx2`=0) OR (`QuestID`=64821 AND `Idx1`=1 AND `Idx2`=7) OR (`QuestID`=64821 AND `Idx1`=1 AND `Idx2`=6) OR (`QuestID`=64821 AND `Idx1`=1 AND `Idx2`=5) OR (`QuestID`=64821 AND `Idx1`=1 AND `Idx2`=4) OR (`QuestID`=64821 AND `Idx1`=1 AND `Idx2`=3) OR (`QuestID`=64821 AND `Idx1`=1 AND `Idx2`=2) OR (`QuestID`=64821 AND `Idx1`=1 AND `Idx2`=1) OR (`QuestID`=64821 AND `Idx1`=1 AND `Idx2`=0) OR (`QuestID`=64821 AND `Idx1`=0 AND `Idx2`=0) OR (`QuestID`=64106 AND `Idx1`=5 AND `Idx2`=0) OR (`QuestID`=64106 AND `Idx1`=4 AND `Idx2`=0) OR (`QuestID`=64106 AND `Idx1`=3 AND `Idx2`=0) OR (`QuestID`=64106 AND `Idx1`=2 AND `Idx2`=0) OR (`QuestID`=64106 AND `Idx1`=1 AND `Idx2`=0) OR (`QuestID`=64106 AND `Idx1`=0 AND `Idx2`=0) OR (`QuestID`=63861 AND `Idx1`=4 AND `Idx2`=0) OR (`QuestID`=63861 AND `Idx1`=3 AND `Idx2`=0) OR (`QuestID`=63861 AND `Idx1`=2 AND `Idx2`=0) OR (`QuestID`=63861 AND `Idx1`=1 AND `Idx2`=0) OR (`QuestID`=63861 AND `Idx1`=0 AND `Idx2`=0) OR (`QuestID`=60501 AND `Idx1`=0 AND `Idx2`=0) OR (`QuestID`=56120 AND `Idx1`=1 AND `Idx2`=0) OR (`QuestID`=56120 AND `Idx1`=0 AND `Idx2`=0) OR (`QuestID`=53435 AND `Idx1`=1 AND `Idx2`=0) OR (`QuestID`=53435 AND `Idx1`=0 AND `Idx2`=0) OR (`QuestID`=50598 AND `Idx1`=0 AND `Idx2`=0) OR (`QuestID`=50562 AND `Idx1`=0 AND `Idx2`=0) OR (`QuestID`=25929 AND `Idx1`=3 AND `Idx2`=0) OR (`QuestID`=25929 AND `Idx1`=2 AND `Idx2`=2) OR (`QuestID`=25929 AND `Idx1`=2 AND `Idx2`=1) OR (`QuestID`=25929 AND `Idx1`=2 AND `Idx2`=0) OR (`QuestID`=25929 AND `Idx1`=1 AND `Idx2`=4) OR (`QuestID`=25929 AND `Idx1`=1 AND `Idx2`=3) OR (`QuestID`=25929 AND `Idx1`=1 AND `Idx2`=2) OR (`QuestID`=25929 AND `Idx1`=1 AND `Idx2`=1) OR (`QuestID`=25929 AND `Idx1`=1 AND `Idx2`=0) OR (`QuestID`=25929 AND `Idx1`=0 AND `Idx2`=0);
INSERT INTO `quest_poi_points` (`QuestID`, `Idx1`, `Idx2`, `X`, `Y`, `Z`, `VerifiedBuild`) VALUES
(70351, 2, 0, 1450, -270, 330, 45335), -- 70351
(70351, 1, 0, 1837, -146, 113, 45335), -- 70351
(70351, 0, 0, 1837, -146, 113, 45335), -- 70351
(66997, 1, 0, 1458, -278, 330, 45335), -- 66997
(66997, 0, 0, 1996, 246, 95, 45335), -- 66997
(66879, 1, 0, 1441, -261, 330, 45335), -- 66879
(66879, 0, 0, 2253, 396, 33, 45335), -- 66879
(66648, 2, 11, -3914, -1847, 0, 45335), -- 66648
(66648, 2, 10, -3969, -1772, 0, 45335), -- 66648
(66648, 2, 9, -4009, -1662, 0, 45335), -- 66648
(66648, 2, 8, -4012, -1602, 0, 45335), -- 66648
(66648, 2, 7, -4007, -1477, 0, 45335), -- 66648
(66648, 2, 6, -3912, -1403, 0, 45335), -- 66648
(66648, 2, 5, -3767, -1405, 0, 45335), -- 66648
(66648, 2, 4, -3690, -1438, 0, 45335), -- 66648
(66648, 2, 3, -3652, -1502, 0, 45335), -- 66648
(66648, 2, 2, -3650, -1630, 0, 45335), -- 66648
(66648, 2, 1, -3705, -1767, 0, 45335), -- 66648
(66648, 2, 0, -3795, -1867, 0, 45335), -- 66648
(66648, 1, 11, 4777, 5729, 0, 45335), -- 66648
(66648, 1, 10, 4731, 5743, 0, 45335), -- 66648
(66648, 1, 9, 4698, 5766, 0, 45335), -- 66648
(66648, 1, 8, 4664, 5823, 0, 45335), -- 66648
(66648, 1, 7, 4683, 5898, 0, 45335), -- 66648
(66648, 1, 6, 4737, 5902, 0, 45335), -- 66648
(66648, 1, 5, 4786, 5894, 0, 45335), -- 66648
(66648, 1, 4, 4834, 5873, 0, 45335), -- 66648
(66648, 1, 3, 4886, 5821, 0, 45335), -- 66648
(66648, 1, 2, 4892, 5779, 0, 45335), -- 66648
(66648, 1, 1, 4865, 5729, 0, 45335), -- 66648
(66648, 1, 0, 4813, 5725, 0, 45335), -- 66648
(66648, 0, 11, -1887, 6443, 0, 45335), -- 66648
(66648, 0, 10, -1998, 6489, 0, 45335), -- 66648
(66648, 0, 9, -2074, 6608, 0, 45335), -- 66648
(66648, 0, 8, -2069, 6725, 0, 45335), -- 66648
(66648, 0, 7, -2040, 6807, 0, 45335), -- 66648
(66648, 0, 6, -1932, 6870, 0, 45335), -- 66648
(66648, 0, 5, -1810, 6887, 0, 45335), -- 66648
(66648, 0, 4, -1735, 6856, 0, 45335), -- 66648
(66648, 0, 3, -1685, 6731, 0, 45335), -- 66648
(66648, 0, 2, -1699, 6651, 0, 45335), -- 66648
(66648, 0, 1, -1733, 6569, 0, 45335), -- 66648
(66648, 0, 0, -1776, 6500, 0, 45335), -- 66648
(65957, 4, 0, 1813, 1268, 188, 45335), -- 65957
(65957, 3, 0, 1816, 1878, 90, 45335), -- 65957
(65957, 2, 0, 2137, 1810, 162, 45335), -- 65957
(65957, 1, 0, 1727, 1823, 126, 45335), -- 65957
(65957, 0, 0, 2108, 1937, 124, 45335), -- 65957
(65956, 2, 0, 1814, 1268, 188, 45335), -- 65956
(65956, 1, 4, 1543, 1710, 59, 45335), -- 65956
(65956, 1, 3, 1607, 2146, 90, 45335), -- 65956
(65956, 1, 2, 2160, 1909, 121, 45335), -- 65956
(65956, 1, 1, 2164, 1688, 134, 45335), -- 65956
(65956, 1, 0, 1803, 1469, 118, 45335), -- 65956
(65956, 0, 0, 2108, 1938, 124, 45335), -- 65956
(65266, 9, 6, 3024, 5826, 4894, 45335), -- 65266
(65266, 9, 5, 3153, 6044, 4863, 45335), -- 65266
(65266, 9, 4, 3282, 6159, 4884, 45335), -- 65266
(65266, 9, 3, 3375, 6150, 4887, 45335), -- 65266
(65266, 9, 2, 3500, 6066, 4886, 45335), -- 65266
(65266, 9, 1, 3392, 5874, 4905, 45335), -- 65266
(65266, 9, 0, 3255, 5809, 4938, 45335), -- 65266
(65266, 8, 7, 2653, 6270, 4848, 45335), -- 65266
(65266, 8, 6, 2730, 6339, 4855, 45335), -- 65266
(65266, 8, 5, 2832, 6427, 4825, 45335), -- 65266
(65266, 8, 4, 2909, 6465, 4835, 45335), -- 65266
(65266, 8, 3, 2984, 6432, 4830, 45335), -- 65266
(65266, 8, 2, 3009, 6304, 4830, 45335), -- 65266
(65266, 8, 1, 2806, 6067, 4848, 45335), -- 65266
(65266, 8, 0, 2620, 5971, 4830, 45335), -- 65266
(65266, 7, 7, 2717, 5855, 4825, 45335), -- 65266
(65266, 7, 6, 2729, 5963, 4819, 45335), -- 65266
(65266, 7, 5, 2975, 6167, 4809, 45335), -- 65266
(65266, 7, 4, 3023, 6188, 4819, 45335), -- 65266
(65266, 7, 3, 3061, 6157, 4868, 45335), -- 65266
(65266, 7, 2, 3055, 6026, 4835, 45335), -- 65266
(65266, 7, 1, 2802, 5811, 4799, 45335), -- 65266
(65266, 7, 0, 2756, 5791, 4792, 45335), -- 65266
(65266, 6, 3, 2526, 6690, 4822, 45335), -- 65266
(65266, 6, 2, 2666, 6899, 4822, 45335), -- 65266
(65266, 6, 1, 2854, 6753, 4822, 45335), -- 65266
(65266, 6, 0, 2743, 6585, 4815, 45335), -- 65266
(65266, 5, 4, 2877, 6561, 4938, 45335), -- 65266
(65266, 5, 3, 2954, 6726, 4943, 45335), -- 65266
(65266, 5, 2, 3025, 6617, 4913, 45335), -- 65266
(65266, 5, 1, 2891, 6546, 4937, 45335), -- 65266
(65266, 5, 0, 2873, 6539, 4938, 45335), -- 65266
(65266, 4, 5, 2207, 6025, 4856, 45335), -- 65266
(65266, 4, 4, 2270, 6436, 4873, 45335), -- 65266
(65266, 4, 3, 2407, 6416, 4860, 45335), -- 65266
(65266, 4, 2, 2369, 6041, 4851, 45335), -- 65266
(65266, 4, 1, 2356, 6008, 4850, 45335), -- 65266
(65266, 4, 0, 2350, 6008, 4851, 45335), -- 65266
(65266, 3, 2, 3091, 6428, 4786, 45335), -- 65266
(65266, 3, 1, 3195, 6275, 4786, 45335), -- 65266
(65266, 3, 0, 3052, 6292, 4794, 45335), -- 65266
(65266, 2, 0, 2903, 6474, 0, 45335), -- 65266
(65266, 1, 0, 3298, 5812, 4900, 45335), -- 65266
(65266, 0, 0, 3298, 5812, 4900, 45335), -- 65266
(64822, 4, 0, -4204, 715, -45, 45335), -- 64822
(64822, 3, 0, -4100, 49, -119, 45335), -- 64822
(64822, 2, 0, -4227, 351, -81, 45335), -- 64822
(64822, 1, 0, -3957, 114, -129, 45335), -- 64822
(64822, 0, 0, -4204, 715, -45, 45335), -- 64822
(64821, 2, 0, -4208, 721, -45, 45335), -- 64821
(64821, 1, 7, -4177, 130, -123, 45335), -- 64821
(64821, 1, 6, -4229, 222, -122, 45335), -- 64821
(64821, 1, 5, -4102, 419, -119, 45335), -- 64821
(64821, 1, 4, -3960, 449, -124, 45335), -- 64821
(64821, 1, 3, -3920, 456, -123, 45335), -- 64821
(64821, 1, 2, -3895, 440, -123, 45335), -- 64821
(64821, 1, 1, -3856, 266, -128, 45335), -- 64821
(64821, 1, 0, -4039, 77, -121, 45335), -- 64821
(64821, 0, 0, -4204, 715, -45, 45335), -- 64821
(64106, 5, 0, 3249, 5818, 4939, 45335), -- 64106
(64106, 4, 0, 4535, 7736, 4877, 45335), -- 64106
(64106, 3, 0, 4493, 6894, 4866, 45335), -- 64106
(64106, 2, 0, 5263, 7429, 4828, 45335), -- 64106
(64106, 1, 0, 4221, 7267, 4828, 45335), -- 64106
(64106, 0, 0, 3249, 5818, 4939, 45335), -- 64106
(63861, 4, 0, 3316, 5850, 4905, 45335), -- 63861
(63861, 3, 0, 3298, 5812, 4900, 45335), -- 63861
(63861, 2, 0, 3099, 5896, 4829, 45335), -- 63861
(63861, 1, 0, 3197, 5928, 4816, 45335), -- 63861
(63861, 0, 0, 3298, 5812, 4900, 45335), -- 63861
(60501, 0, 0, -1975, 7936, 4277, 45335), -- 60501
(56120, 1, 0, 948, -584, 0, 45335), -- 56120
(56120, 0, 0, 935, -579, -285, 45335), -- 56120
(53435, 1, 0, -2054, 959, 7, 45335), -- 53435
(53435, 0, 0, -2054, 950, 7, 45335), -- 53435
(50598, 0, 0, -1126, 771, 444, 45335), -- 50598
(50562, 0, 0, -7071, 1270, -92, 45335), -- 50562
(25929, 3, 0, -4611, 3985, -71, 45335), -- 25929
(25929, 2, 2, -4534, 3786, 0, 45335), -- 25929
(25929, 2, 1, -4497, 3810, 0, 45335), -- 25929
(25929, 2, 0, -4450, 3773, -109, 45335), -- 25929
(25929, 1, 4, -4684, 3969, 0, 45335), -- 25929
(25929, 1, 3, -4565, 3953, 0, 45335), -- 25929
(25929, 1, 2, -4551, 3945, 0, 45335), -- 25929
(25929, 1, 1, -4511, 3883, 0, 45335), -- 25929
(25929, 1, 0, -4594, 3874, -109, 45335), -- 25929
(25929, 0, 0, -4611, 3985, -71, 45335); -- 25929


