
DELETE FROM `creature_equip_template` WHERE (`ID`=1 AND `CreatureID` IN (150748,150740,150734,150724,144568,144572,144554,149715,182318,181625,181407,178346,181406,182392,182430,184471,181186,181061,181044,184002,181408,185059,185061,185060,185054,185051,185053,185052,185065,185055,185063,185062,185064,185058,185057,185056,178134,181179,182146,185151,15064,13117,15089,15046,150730,144566,149753,154033,150744,150738,150736,154028,144580,150728,150732,144536,144529,144519,144574,149718,149755,150622,150655,14848,150505,150501,149721,179539,177694,183961,183958,187651,177486,181183,184934,183677,180918,177476,180920,171822,156671,164596,164685,164079,187734,171796,173330,175082,164277,164803,170557,156698,170640,176332,171787)) OR (`ID`=4 AND `CreatureID`=15064) OR (`ID`=3 AND `CreatureID`=15064) OR (`ID`=2 AND `CreatureID` IN (15064,15089));
INSERT INTO `creature_equip_template` (`CreatureID`, `ID`, `ItemID1`, `AppearanceModID1`, `ItemVisual1`, `ItemID2`, `AppearanceModID2`, `ItemVisual2`, `ItemID3`, `AppearanceModID3`, `ItemVisual3`, `VerifiedBuild`) VALUES
(150748, 1, 120978, 0, 0, 0, 0, 0, 0, 0, 0, 44325), -- 150748
(150740, 1, 128827, 0, 0, 133958, 0, 0, 0, 0, 0, 44325), -- 150740
(150734, 1, 128942, 0, 0, 0, 0, 0, 0, 0, 0, 44325), -- 150734
(150724, 1, 128910, 0, 0, 0, 0, 0, 153648, 0, 0, 44325), -- 150724
(144568, 1, 128868, 0, 0, 0, 0, 0, 0, 0, 0, 44325), -- 144568
(144572, 1, 128862, 0, 0, 0, 0, 0, 0, 0, 0, 44325), -- 144572
(144554, 1, 158097, 0, 0, 0, 0, 0, 0, 0, 0, 44325), -- 144554
(149715, 1, 128867, 0, 0, 128866, 0, 0, 0, 0, 0, 44325), -- 149715
(182318, 1, 138757, 0, 0, 0, 0, 0, 0, 0, 0, 44325), -- General Zarathura
(181625, 1, 185579, 0, 0, 0, 0, 0, 0, 0, 0, 44325), -- 181625
(181407, 1, 179726, 0, 0, 0, 0, 0, 0, 0, 0, 44325), -- 181407
(178346, 1, 0, 0, 0, 0, 0, 0, 185614, 0, 0, 44325), -- 178346
(181406, 1, 185432, 0, 0, 185394, 0, 0, 0, 0, 0, 44325), -- 181406
(182392, 1, 111532, 0, 0, 0, 0, 0, 0, 0, 0, 44325), -- 182392
(182430, 1, 0, 0, 0, 0, 0, 0, 185609, 0, 0, 44325), -- 182430
(184471, 1, 179726, 0, 0, 0, 0, 0, 0, 0, 0, 44325), -- 184471
(181186, 1, 185438, 0, 0, 0, 0, 0, 0, 0, 0, 44325), -- 181186
(181061, 1, 179721, 0, 0, 0, 0, 0, 0, 0, 0, 44325), -- 181061
(181044, 1, 185376, 0, 0, 0, 0, 0, 0, 0, 0, 44325), -- 181044
(184002, 1, 184699, 0, 0, 184699, 0, 0, 0, 0, 0, 44325), -- 184002
(181408, 1, 138829, 0, 0, 0, 0, 0, 0, 0, 0, 44325), -- 181408
(185059, 1, 189315, 0, 0, 0, 0, 0, 0, 0, 0, 44325), -- 185059
(185061, 1, 189315, 0, 0, 0, 0, 0, 0, 0, 0, 44325), -- 185061
(185060, 1, 189315, 0, 0, 0, 0, 0, 0, 0, 0, 44325), -- 185060
(185054, 1, 189315, 0, 0, 0, 0, 0, 0, 0, 0, 44325), -- 185054
(185051, 1, 189315, 0, 0, 0, 0, 0, 0, 0, 0, 44325), -- 185051
(185053, 1, 189315, 0, 0, 0, 0, 0, 0, 0, 0, 44325), -- 185053
(185052, 1, 189315, 0, 0, 0, 0, 0, 0, 0, 0, 44325), -- 185052
(185065, 1, 189315, 0, 0, 0, 0, 0, 0, 0, 0, 44325), -- 185065
(185055, 1, 189315, 0, 0, 0, 0, 0, 0, 0, 0, 44325), -- 185055
(185063, 1, 189315, 0, 0, 0, 0, 0, 0, 0, 0, 44325), -- 185063
(185062, 1, 189315, 0, 0, 0, 0, 0, 0, 0, 0, 44325), -- 185062
(185064, 1, 189315, 0, 0, 0, 0, 0, 0, 0, 0, 44325), -- 185064
(185058, 1, 189315, 0, 0, 0, 0, 0, 0, 0, 0, 44325), -- 185058
(185057, 1, 189315, 0, 0, 0, 0, 0, 0, 0, 0, 44325), -- 185057
(185056, 1, 189315, 0, 0, 0, 0, 0, 0, 0, 0, 44325), -- 185056
(178134, 1, 185582, 0, 0, 0, 0, 0, 0, 0, 0, 44325), -- 178134
(181179, 1, 185491, 0, 0, 0, 0, 0, 0, 0, 0, 44325), -- 181179
(182146, 1, 185525, 0, 0, 0, 0, 0, 0, 0, 0, 44325), -- 182146
(185151, 1, 189509, 0, 0, 0, 0, 0, 0, 0, 0, 44325), -- 185151
(15064, 4, 155799, 0, 0, 0, 0, 0, 0, 0, 0, 44325), -- 15064
(15064, 3, 80580, 0, 0, 0, 0, 0, 0, 0, 0, 44325), -- 15064
(15064, 2, 2179, 0, 0, 0, 0, 0, 0, 0, 0, 44325), -- 15064
(15064, 1, 5956, 0, 0, 0, 0, 0, 0, 0, 0, 44325), -- 15064
(13117, 1, 13337, 0, 0, 0, 0, 0, 0, 0, 0, 44325), -- 13117
(15089, 2, 80580, 0, 0, 0, 0, 0, 0, 0, 0, 44325), -- 15089
(15089, 1, 109579, 0, 0, 0, 0, 0, 0, 0, 0, 44325), -- 15089
(15046, 1, 118563, 0, 0, 0, 0, 0, 0, 0, 0, 44325), -- 15046
(150730, 1, 128870, 0, 0, 141347, 0, 0, 0, 0, 0, 44325), -- 150730
(144566, 1, 128827, 0, 0, 133958, 0, 0, 0, 0, 0, 44325), -- 144566
(149753, 1, 128402, 0, 0, 0, 0, 0, 0, 0, 0, 44325), -- 149753
(154033, 1, 0, 0, 0, 0, 0, 0, 128826, 0, 0, 44325), -- 154033
(150744, 1, 128940, 0, 0, 133948, 0, 0, 0, 0, 0, 44325), -- 150744
(150738, 1, 128868, 0, 0, 0, 0, 0, 0, 0, 0, 44325), -- 150738
(150736, 1, 127829, 0, 0, 127830, 0, 0, 0, 0, 0, 44325), -- 150736
(154028, 1, 128403, 0, 0, 0, 0, 0, 0, 0, 0, 44325), -- 154028
(144580, 1, 128941, 0, 0, 0, 0, 0, 0, 0, 0, 44325), -- 144580
(150728, 1, 128825, 0, 0, 0, 0, 0, 0, 0, 0, 44325), -- 150728
(150732, 1, 158097, 0, 0, 0, 0, 0, 0, 0, 0, 44325), -- 150732
(144536, 1, 128935, 0, 0, 128936, 0, 0, 0, 0, 0, 44325), -- 144536
(144529, 1, 120978, 0, 0, 0, 0, 0, 0, 0, 0, 44325), -- 144529
(144519, 1, 128910, 0, 0, 0, 0, 0, 153648, 0, 0, 44325), -- 144519
(144574, 1, 128820, 0, 0, 133959, 0, 0, 0, 0, 0, 44325), -- 144574
(149718, 1, 0, 0, 0, 10825, 0, 0, 0, 0, 0, 44325), -- 149718
(149755, 1, 5956, 0, 0, 0, 0, 0, 0, 0, 0, 44325), -- 149755
(150622, 1, 55016, 0, 0, 0, 0, 0, 0, 0, 0, 44325), -- 150622
(150655, 1, 118563, 0, 0, 23844, 0, 0, 0, 0, 0, 44325), -- 150655
(14848, 1, 0, 0, 0, 0, 0, 0, 5259, 0, 0, 44325), -- 14848
(150505, 1, 21553, 0, 0, 0, 0, 0, 0, 0, 0, 44325), -- 150505
(150501, 1, 22738, 0, 0, 23356, 0, 0, 0, 0, 0, 44325), -- 150501
(149721, 1, 1292, 0, 0, 0, 0, 0, 0, 0, 0, 44325), -- 149721
(179539, 1, 185582, 0, 0, 0, 0, 0, 0, 0, 0, 44325), -- 179539
(177694, 1, 0, 0, 0, 0, 0, 0, 185612, 0, 0, 44325), -- 177694
(183961, 1, 185332, 0, 0, 0, 0, 0, 0, 0, 0, 44325), -- 183961
(183958, 1, 185340, 0, 0, 0, 0, 0, 0, 0, 0, 44325), -- 183958
(187651, 1, 45123, 0, 0, 0, 0, 0, 0, 0, 0, 44325), -- 187651
(177486, 1, 185491, 0, 0, 0, 0, 0, 0, 0, 0, 44325), -- 177486
(181183, 1, 177838, 0, 0, 0, 0, 0, 0, 0, 0, 44325), -- Highlord Bolvar Fordragon
(184934, 1, 45078, 0, 0, 0, 0, 0, 55048, 0, 0, 44325), -- 184934
(183677, 1, 173369, 0, 0, 0, 0, 0, 0, 0, 0, 44325), -- Uther the Lightbringer
(180918, 1, 181233, 0, 0, 0, 0, 0, 0, 0, 0, 44325), -- 180918
(177476, 1, 185590, 0, 0, 0, 0, 0, 0, 0, 0, 44325), -- Enlightened Guardian
(180920, 1, 185491, 0, 0, 0, 0, 0, 0, 0, 0, 44325), -- Siloh
(171822, 1, 177264, 0, 0, 176720, 0, 0, 176576, 0, 0, 44325), -- 171822
(156671, 1, 180136, 0, 0, 0, 0, 0, 0, 0, 0, 44325), -- 156671
(164596, 1, 0, 0, 0, 59484, 0, 0, 0, 0, 0, 44325), -- 164596
(164685, 1, 0, 0, 0, 59484, 0, 0, 0, 0, 0, 44325), -- 164685
(164079, 1, 177838, 0, 0, 0, 0, 0, 0, 0, 0, 44325), -- Highlord Bolvar Fordragon
(187734, 1, 166781, 0, 0, 0, 0, 0, 0, 0, 0, 44325), -- 187734
(171796, 1, 180024, 0, 0, 0, 0, 0, 176024, 0, 0, 44325), -- 171796
(173330, 1, 0, 0, 0, 59484, 0, 0, 0, 0, 0, 44325), -- 173330
(175082, 1, 176543, 0, 0, 176726, 0, 0, 0, 0, 0, 44325), -- 175082
(164277, 1, 45078, 0, 0, 0, 0, 0, 55048, 0, 0, 44325), -- 164277
(164803, 1, 180611, 0, 0, 0, 0, 0, 0, 0, 0, 44325), -- 164803
(170557, 1, 180611, 0, 0, 0, 0, 0, 0, 0, 0, 44325), -- 170557
(156698, 1, 180611, 0, 0, 0, 0, 0, 0, 0, 0, 44325), -- 156698
(170640, 1, 40276, 0, 0, 40276, 0, 0, 0, 0, 0, 44325), -- 170640
(176332, 1, 117049, 0, 0, 0, 0, 0, 0, 0, 0, 44325), -- Knight of the Ebon Blade
(171787, 1, 182152, 0, 0, 0, 0, 0, 0, 0, 0, 44325); -- 171787


INSERT ignore INTO `areatrigger_template` (`Id`, `IsServerSide`, `Type`, `Flags`, `Data0`, `Data1`, `Data2`, `Data3`, `Data4`, `Data5`, `VerifiedBuild`) VALUES
(27974, 0, 4, 4, 12, 12, 10, 10, 2, 2, 44325),
(11231, 0, 0, 0, 10, 10, 0, 0, 0, 0, 44325),
(8352, 0, 0, 0, 8, 8, 0, 0, 0, 0, 44325),
(24355, 0, 0, 0, 10, 10, 0, 0, 0, 0, 44325),
(24351, 0, 0, 0, 2, 2, 0, 0, 0, 0, 44325),
(10133, 0, 0, 0, 8, 8, 0, 0, 0, 0, 44325),
(20451, 0, 0, 0, 8, 8, 0, 0, 0, 0, 44325),
(20450, 0, 0, 0, 3, 3, 0, 0, 0, 0, 44325),
(24310, 0, 0, 0, 12, 12, 0, 0, 0, 0, 44325),
(28443, 0, 0, 0, 1, 1, 0, 0, 0, 0, 44325),
(11420, 0, 0, 4, 8, 8, 0, 0, 0, 0, 44325),
(12929, 0, 0, 0, 8, 8, 0, 0, 0, 0, 44325),
(9225, 0, 0, 0, 8, 8, 0, 0, 0, 0, 44325),
(6197, 0, 0, 0, 4, 4, 0, 0, 0, 0, 44325),
(26096, 0, 3, 0, 0, 0, 0, 0, 0, 0, 44325),
(19538, 0, 1, 0, 4, 4, 7.5, 4, 4, 7.5, 44325),
(19998, 0, 4, 0, 8, 8, 4, 4, 0.300000011920928955, 0.300000011920928955, 44325),
(19688, 0, 0, 0, 8, 8, 0, 0, 0, 0, 44325),
(27320, 0, 4, 0, 4, 4, 1, 1, 0.300000011920928955, 0.300000011920928955, 44325),
(23299, 0, 0, 4, 6, 6, 0, 0, 0, 0, 44325),
(23297, 0, 0, 4, 6, 6, 0, 0, 0, 0, 44325),
(23556, 0, 0, 0, 5, 5, 0, 0, 0, 0, 44325),
(11203, 0, 0, 0, 8, 8, 0, 0, 0, 0, 44325),
(9228, 0, 0, 0, 8, 8, 0, 0, 0, 0, 44325),
(0, 0, 0, 1028, 1, 1, 0, 0, 0, 0, 44325),
(3678, 0, 4, 0, 10, 10, 7, 7, 3, 3, 44325),
(27433, 0, 0, 0, 40, 40, 0, 0, 0, 0, 44325),
(27415, 0, 0, 0, 1, 1, 0, 0, 0, 0, 44325),
(11457, 0, 0, 0, 4, 4, 0, 0, 0, 0, 44325),
(3282, 0, 0, 0, 1, 1, 0, 0, 0, 0, 44325),
(20446, 0, 4, 0, 8, 8, 7, 7, 3, 3, 44325),
(9170, 0, 4, 0, 3, 3, 4, 4, 1, 1, 44325);

INSERT ignore INTO `areatrigger_create_properties` (`Id`, `AreaTriggerId`, `MoveCurveId`, `ScaleCurveId`, `MorphCurveId`, `FacingCurveId`, `AnimId`, `AnimKitId`, `DecalPropertiesId`, `TimeToTarget`, `TimeToTargetScale`, `Shape`, `ShapeData0`, `ShapeData1`, `ShapeData2`, `ShapeData3`, `ShapeData4`, `ShapeData5`, `ShapeData6`, `ShapeData7`, `VerifiedBuild`) VALUES
(2147483648, 27974, 0, 0, 0, 0, -1, 0, 0, 0, 0, 4, 12, 12, 10, 10, 2, 2, 0, 0, 44325), -- SpellId : 0 CANNOT FIND PROPERTIES ID, USED SPELL ID AS KEY (NEEDS MANUAL CORRECTION)
(6659, 11231, 0, 0, 0, 0, -1, 0, 0, 0, 30000, 0, 10, 10, 0, 0, 0, 0, 0, 0, 44325), -- SpellId : 209788
(3680, 8352, 0, 0, 0, 0, -1, 0, 0, 0, 30000, 0, 8, 8, 0, 0, 0, 0, 0, 0, 44325), -- SpellId : 209693
(20460, 24355, 0, 0, 0, 0, -1, 0, 0, 0, 30000, 0, 10, 10, 0, 0, 0, 0, 0, 0, 44325), -- SpellId : 328951
(20456, 24351, 0, 0, 0, 0, -1, 0, 0, 0, 20000, 0, 2, 2, 0, 0, 0, 0, 0, 0, 44325), -- SpellId : 328913
(5420, 10133, 0, 0, 0, 0, -1, 0, 0, 0, 6677, 0, 8, 8, 0, 0, 0, 0, 0, 0, 44325), -- SpellId : 5740
(16064, 20451, 0, 0, 0, 0, -1, 0, 0, 0, 12000, 0, 8, 8, 0, 0, 0, 0, 0, 0, 44325), -- SpellId : 290496
(16063, 20450, 0, 0, 0, 0, -1, 0, 0, 5000, 5000, 0, 3, 3, 0, 0, 0, 0, 0, 0, 44325), -- SpellId : 264086
(20410, 24310, 0, 0, 0, 0, -1, 0, 0, 0, 18000, 0, 12, 12, 0, 0, 0, 0, 0, 0, 44325), -- SpellId : 328837
(24391, 28443, 0, 0, 0, 0, -1, 0, 0, 0, 15000, 0, 1, 1, 0, 0, 0, 0, 0, 0, 44325), -- SpellId : 365455
(6917, 11420, 0, 0, 0, 0, -1, 0, 0, 0, 8000, 0, 8, 8, 0, 0, 0, 0, 0, 0, 44325), -- SpellId : 196770
(8867, 12929, 0, 0, 0, 0, -1, 0, 0, 0, 30000, 0, 8, 8, 0, 0, 0, 0, 0, 0, 44325), -- SpellId : 228537
(4485, 9225, 0, 0, 0, 0, -1, 0, 0, 0, 10000, 0, 8, 8, 0, 0, 0, 0, 0, 0, 44325), -- SpellId : 43265
(8430, 6197, 0, 0, 0, 0, -1, 0, 70, 0, 1000, 0, 4, 4, 0, 0, 0, 0, 0, 0, 44325), -- SpellId : 279306
(21902, 26096, 0, 0, 0, 0, -1, 0, 0, 0, 12000, 3, 0, 0, 0, 0, 0, 0, 0, 0, 44325), -- SpellId : 343607
(14881, 19538, 0, 0, 0, 0, -1, 0, 0, 1589, 10000, 1, 4, 4, 7.5, 4, 4, 7.5, 0, 0, 44325), -- SpellId : 279302
(15411, 19998, 0, 0, 0, 0, -1, 0, 0, 0, 8000, 4, 8, 8, 4, 4, 0.300000011920928955, 0.300000011920928955, 0, 0, 44325), -- SpellId : 284968
(15035, 19688, 0, 0, 0, 0, -1, 0, 0, 0, 10000, 0, 8, 8, 0, 0, 0, 0, 0, 0, 44325), -- SpellId : 295946
(22903, 27320, 0, 0, 0, 0, -1, 0, 0, 0, 10000, 4, 4, 4, 1, 1, 0.300000011920928955, 0.300000011920928955, 0, 0, 44325), -- SpellId : 352427
(2147802881, 23299, 0, 0, 0, 0, -1, 0, 0, 0, 15000, 0, 6, 6, 0, 0, 0, 0, 0, 0, 44325), -- SpellId : 319233 CANNOT FIND PROPERTIES ID, USED SPELL ID AS KEY (NEEDS MANUAL CORRECTION)
(19583, 23556, 0, 0, 0, 0, -1, 0, 0, 0, 10000, 0, 5, 5, 0, 0, 0, 0, 0, 0, 44325), -- SpellId : 321660
(6615, 11203, 0, 0, 0, 0, -1, 0, 0, 0, 8000, 0, 8, 8, 0, 0, 0, 0, 0, 0, 44325), -- SpellId : 196718
(4488, 9228, 0, 0, 0, 0, -1, 0, 0, 0, 12000, 0, 8, 8, 0, 0, 0, 0, 0, 0, 44325), -- SpellId : 26573
(2147846347, 0, 0, 0, 0, 0, -1, 0, 0, 4189, 12000, 0, 1, 1, 0, 0, 0, 0, 0, 0, 44325), -- SpellId : 362699 CANNOT FIND PROPERTIES ID, USED SPELL ID AS KEY (NEEDS MANUAL CORRECTION)
(510, 3678, 0, 0, 0, 0, -1, 0, 0, 0, 20000, 4, 10, 10, 7, 7, 3, 3, 0, 0, 44325), -- SpellId : 132950
(23061, 27433, 0, 0, 0, 0, -1, 0, 0, 0, 15000, 0, 40, 40, 0, 0, 0, 0, 0, 0, 44325), -- SpellId : 353601
(23044, 27415, 0, 0, 0, 0, -1, 0, 0, 0, 10000, 0, 1, 1, 0, 0, 0, 0, 0, 0, 44325), -- SpellId : 352916
(6959, 11457, 0, 0, 0, 0, -1, 0, 0, 0, 6000, 0, 4, 4, 0, 0, 0, 0, 0, 0, 44325), -- SpellId : 212269
(373, 3282, 0, 0, 0, 0, -1, 0, 0, 0, 30000, 0, 1, 1, 0, 0, 0, 0, 0, 0, 44325), -- SpellId : 124503
(16059, 20446, 0, 0, 0, 0, -1, 0, 0, 0, 6000, 4, 8, 8, 7, 7, 3, 3, 0, 0, 44325), -- SpellId : 290430
(4424, 9170, 0, 0, 0, 0, -1, 0, 0, 0, 60000, 4, 3, 3, 4, 4, 1, 1, 0, 0, 44325); -- SpellId : 187651

INSERT ignore INTO `areatrigger_create_properties_polygon_vertex` (`AreaTriggerCreatePropertiesId`, `Idx`, `VerticeX`, `VerticeY`, `VerticeTargetX`, `VerticeTargetY`, `VerifiedBuild`) VALUES
(21902, 3, 12, 8, NULL, NULL, 44325), -- SpellId : 343607
(21902, 2, 12, -8, NULL, NULL, 44325), -- SpellId : 343607
(21902, 1, -0.20000000298023223, -1.5, NULL, NULL, 44325), -- SpellId : 343607
(21902, 0, -0.20000000298023223, 1.5, NULL, NULL, 44325); -- SpellId : 343607

INSERT ignore INTO `areatrigger_create_properties_spline_point` (`AreaTriggerCreatePropertiesId`, `Idx`, `X`, `Y`, `Z`, `VerifiedBuild`) VALUES
(16063, 28, -10.2101831436157226, -0.00000206603044716, 4.954990386962890625, 44325), -- SpellId : 264086
(16063, 27, -10.2101831436157226, -0.00000206603044716, 4.954990386962890625, 44325), -- SpellId : 264086
(16063, 26, -6.94208002090454101, -6.94200801849365234, 3.47265625, 44325), -- SpellId : 264086
(16063, 25, 0.000052441704610828, -9.42475318908691406, 1.0126953125, 44325), -- SpellId : 264086
(16063, 24, 6.386624336242675781, -6.3866119384765625, -3.98876953125, 44325), -- SpellId : 264086
(16063, 23, 8.639417648315429687, 0.000024551953174523, -4.0308837890625, 44325), -- SpellId : 264086
(16063, 22, 5.831315517425537109, 5.831256389617919921, -2.5755615234375, 44325), -- SpellId : 264086
(16063, 21, 0.000018750992239802, 7.853909015655517578, -0.35970687866210937, 44325), -- SpellId : 264086
(16063, 20, -5.27596616744995117, 5.275925159454345703, 2.270908355712890625, 44325), -- SpellId : 264086
(16063, 19, -7.068572998046875, 0.000046640743676107, 3.797641754150390625, 44325), -- SpellId : 264086
(16063, 18, -4.720550537109375, -4.72050428390502929, 2.6085205078125, 44325), -- SpellId : 264086
(16063, 17, 0.000003734930487553, -6.2831430435180664, 0.44140625, 44325), -- SpellId : 264086
(16063, 16, 4.16521453857421875, -4.16516065597534179, -1.991943359375, 44325), -- SpellId : 264086
(16063, 15, 5.497806549072265625, -0.00002415482231299, -2.578857421875, 44325), -- SpellId : 264086
(16063, 14, 3.609864234924316406, 3.609846115112304687, -1.7890625, 44325), -- SpellId : 264086
(16063, 13, -0.00002622085230541, 4.712376594543457031, -0.10946273803710937, 44325), -- SpellId : 264086
(16063, 12, -3.05455613136291503, 3.054474115371704101, 1.416049957275390625, 44325), -- SpellId : 264086
(16063, 11, -3.92704057693481445, 0.000001668899926698, 2.060947418212890625, 44325), -- SpellId : 264086
(16063, 10, -2.49909949302673339, -2.49909424781799316, 1.3809814453125, 44325), -- SpellId : 264086
(16063, 9, 0.000048706773668527, -3.14161062240600585, 0.1390380859375, 44325), -- SpellId : 264086
(16063, 8, 1.943725943565368652, -1.94380295276641845, -0.772216796875, 44325), -- SpellId : 264086
(16063, 7, 2.356196165084838867, -0.0000728615996195, -1.069580078125, 44325), -- SpellId : 264086
(16063, 6, 1.388412952423095703, 1.388436079025268554, -0.7672119140625, 44325), -- SpellId : 264086
(16063, 5, 0.000022485923182102, 1.570766210556030273, -0.071044921875, 44325), -- SpellId : 264086
(16063, 4, -0.83297407627105712, 0.833038270473480224, 0.3848876953125, 44325), -- SpellId : 264086
(16063, 3, -0.78542989492416381, 0.000050375674618408, 0.3984375, 44325), -- SpellId : 264086
(16063, 2, -0.27764821052551269, -0.27768412232398986, 0.153076171875, 44325), -- SpellId : 264086
(16063, 1, -0, -0, 0, 44325), -- SpellId : 264086
(16063, 0, -0, -0, 0, 44325), -- SpellId : 264086
(14881, 17, 45.00004196166992187, 0.000027459744160296, 14.09321212768554687, 44325), -- SpellId : 279302
(14881, 16, 45.00004196166992187, 0.000027459744160296, 14.09321212768554687, 44325), -- SpellId : 279302
(14881, 15, 42.00001144409179687, 0.00002365980981267, 13.80732345581054687, 44325), -- SpellId : 279302
(14881, 14, 38.9999847412109375, 0.000019859875465044, 13.66755294799804687, 44325), -- SpellId : 279302
(14881, 13, 35.9999542236328125, 0.000016059939298429, 13.49782943725585937, 44325), -- SpellId : 279302
(14881, 12, 33.00003814697265625, 0.00005961062197457, 12.88698959350585937, 44325), -- SpellId : 279302
(14881, 11, 30.00001144409179687, 0.000055810687626944, 12.17483139038085937, 44325), -- SpellId : 279302
(14881, 10, 26.99998283386230468, 0.000052010753279319, 11.66469955444335937, 44325), -- SpellId : 279302
(14881, 9, 24.00000190734863281, -0.00006430175562854, 10.53954315185546875, 44325), -- SpellId : 279302
(14881, 8, 20.99997329711914062, -0.00006810168997617, 9.18566131591796875, 44325), -- SpellId : 279302
(14881, 7, 18.00005722045898437, -0.00002455100911902, 7.77941131591796875, 44325), -- SpellId : 279302
(14881, 6, 15.00002956390380859, -0.00002835094528563, 6.36547088623046875, 44325), -- SpellId : 279302
(14881, 5, 12.0000009536743164, -0.00003215087781427, 5.20433807373046875, 44325), -- SpellId : 279302
(14881, 4, 8.999972343444824218, -0.00003595081579987, 4.23961639404296875, 44325), -- SpellId : 279302
(14881, 3, 6.000056743621826171, 0.000007599869604746, 2.77904510498046875, 44325), -- SpellId : 279302
(14881, 2, 3.000028371810913085, 0.000003799934802373, 1.35045623779296875, 44325), -- SpellId : 279302
(14881, 1, 0, 0, 0, 44325), -- SpellId : 279302
(14881, 0, 0, 0, 0, 44325); -- SpellId : 279302


DELETE FROM `gameobject_template_addon` WHERE `entry` IN (375061 /*375061*/, 373614 /*373614*/, 375366 /*375366*/, 350082 /*350082*/, 375337 /*375337*/, 370400 /*370400*/, 375354 /*375354*/, 375987 /*375987*/, 375657 /*375657*/, 375663 /*375663*/, 370406 /*370406*/, 375408 /*375408*/, 370178 /*370178*/, 370398 /*370398*/, 373551 /*373551*/, 373548 /*373548*/, 370362 /*370362*/, 373553 /*373553*/, 373470 /*373470*/, 373596 /*373596*/, 373586 /*373586*/, 373473 /*373473*/, 375332 /*375332*/, 375227 /*375227*/, 375662 /*375662*/, 375064 /*375064*/, 349899 /*349899*/, 349898 /*349898*/, 375530 /*375530*/, 373603 /*373603*/, 375000 /*375000*/, 375059 /*375059*/, 375654 /*375654*/, 375373 /*375373*/, 370014 /*370014*/, 375386 /*375386*/, 375382 /*375382*/, 375392 /*375392*/, 373502 /*373502*/, 375071 /*375071*/, 349900 /*349900*/, 375126 /*375126*/, 375331 /*375331*/, 375290 /*375290*/, 375101 /*375101*/, 375362 /*375362*/, 375658 /*375658*/, 375100 /*375100*/, 375096 /*375096*/, 375203 /*375203*/, 375982 /*375982*/, 375069 /*375069*/, 367813 /*367813*/, 373461 /*373461*/, 369231 /*369231*/, 375664 /*375664*/, 375344 /*375344*/, 375343 /*375343*/, 375538 /*375538*/, 375679 /*375679*/, 369305 /*369305*/, 369309 /*369309*/, 375333 /*375333*/, 369306 /*369306*/, 375972 /*375972*/, 375660 /*375660*/, 375675 /*375675*/, 373471 /*373471*/, 369307 /*369307*/, 376252 /*376252*/, 375056 /*375056*/, 376059 /*376059*/, 375042 /*375042*/, 369308 /*369308*/, 375529 /*375529*/, 375661 /*375661*/, 375659 /*375659*/, 375032 /*375032*/, 373592 /*373592*/, 375248 /*375248*/, 375338 /*375338*/, 370390 /*370390*/, 375251 /*375251*/, 375253 /*375253*/, 375252 /*375252*/, 375482 /*375482*/);
INSERT INTO `gameobject_template_addon` (`entry`, `faction`, `flags`, `WorldEffectID`, `AIAnimKitID`) VALUES
(375061, 0, 262176, 0, 0), -- 375061
(373614, 0, 262144, 0, 0), -- 373614
(375366, 0, 278528, 2437, 0), -- 375366
(350082, 94, 278528, 0, 0), -- 350082
(375337, 0, 278528, 0, 0), -- 375337
(370400, 94, 278528, 0, 0), -- 370400
(375354, 0, 2113538, 2437, 0), -- 375354
(375987, 0, 278528, 0, 0), -- 375987
(375657, 0, 0, 18281, 0), -- 375657
(375663, 0, 0, 18288, 0), -- 375663
(370406, 0, 262144, 17980, 0), -- 370406
(375408, 0, 278530, 2437, 0), -- 375408
(370178, 0, 270336, 0, 0), -- 370178
(370398, 0, 278528, 0, 0), -- 370398
(373551, 0, 262144, 0, 0), -- 373551
(373548, 0, 278528, 2437, 0), -- 373548
(370362, 0, 32, 0, 0), -- 370362
(373553, 35, 0, 17985, 12035), -- 373553
(373470, 0, 8192, 0, 0), -- 373470
(373596, 0, 34, 0, 0), -- 373596
(373586, 0, 262144, 0, 0), -- 373586
(373473, 0, 262176, 0, 0), -- 373473
(375332, 94, 278528, 0, 0), -- 375332
(375227, 0, 2113540, 0, 0), -- 375227
(375662, 0, 0, 18287, 0), -- 375662
(375064, 0, 262176, 0, 0), -- 375064
(349899, 94, 278528, 0, 0), -- 349899
(349898, 94, 278528, 0, 0), -- 349898
(375530, 0, 278528, 2437, 0), -- 375530
(373603, 114, 32, 0, 0), -- 373603
(375000, 114, 32, 0, 0), -- 375000
(375059, 0, 262176, 0, 0), -- 375059
(375654, 0, 0, 18282, 0), -- 375654
(375373, 0, 278528, 2437, 0), -- 375373
(370014, 0, 32, 0, 0), -- 370014
(375386, 0, 0, 2437, 0), -- 375386
(375382, 0, 278528, 2437, 0), -- 375382
(375392, 0, 2113536, 0, 10106), -- 375392
(373502, 0, 48, 0, 0), -- 373502
(375071, 0, 278528, 0, 0), -- 375071
(349900, 94, 278528, 0, 0), -- 349900
(375126, 0, 262144, 0, 0), -- 375126
(375331, 94, 278528, 0, 0), -- 375331
(375290, 0, 278528, 2437, 0), -- 375290
(375101, 0, 278528, 0, 0), -- 375101
(375362, 0, 2375680, 2437, 0), -- 375362
(375658, 0, 0, 18283, 0), -- 375658
(375100, 0, 278528, 0, 0), -- 375100
(375096, 0, 278528, 0, 0), -- 375096
(375203, 0, 32, 0, 0), -- 375203
(375982, 0, 278528, 0, 0), -- 375982
(375069, 0, 262176, 0, 0), -- 375069
(367813, 0, 8192, 0, 2664), -- 367813
(373461, 0, 2113540, 0, 0), -- 373461
(369231, 0, 32, 0, 0), -- 369231
(375664, 0, 0, 18289, 0), -- 375664
(375344, 0, 34, 0, 0), -- 375344
(375343, 0, 32, 0, 0), -- 375343
(375538, 0, 278528, 0, 0), -- 375538
(375679, 0, 33554432, 0, 0), -- 375679
(369305, 0, 262144, 0, 0), -- 369305
(369309, 0, 262144, 0, 0), -- 369309
(375333, 94, 278528, 0, 0), -- 375333
(369306, 0, 262144, 0, 0), -- 369306
(375972, 0, 4, 0, 0), -- 375972
(375660, 0, 0, 18285, 0), -- 375660
(375675, 0, 33824768, 0, 0), -- 375675
(373471, 0, 262176, 0, 0), -- 373471
(369307, 0, 262144, 0, 0), -- 369307
(376252, 0, 0, 18417, 0), -- 376252
(375056, 0, 8192, 0, 5460), -- 375056
(376059, 0, 0, 0, 5460), -- 376059
(375042, 0, 262144, 0, 0), -- 375042
(369308, 0, 262144, 0, 0), -- 369308
(375529, 0, 32, 0, 0), -- 375529
(375661, 0, 0, 18286, 0), -- 375661
(375659, 0, 0, 18284, 0), -- 375659
(375032, 0, 8192, 0, 0), -- 375032
(373592, 0, 32, 0, 2560), -- 373592
(375248, 0, 1048608, 0, 0), -- 375248
(375338, 0, 278528, 0, 0), -- 375338
(370390, 0, 48, 0, 0), -- 370390
(375251, 0, 1048608, 0, 0), -- 375251
(375253, 0, 32, 0, 23868), -- 375253
(375252, 0, 32, 0, 23868), -- 375252
(375482, 0, 8192, 0, 0); -- 375482




DELETE FROM `creature_template_addon` WHERE `entry` IN (183326 /*183326*/, 181944 /*181944 - 9.2 Carry Orb*/, 181116 /*181116 - Unstable Infusion*/, 178560 /*178560*/, 183445 /*183445*/, 181879 /*181879 - No Combat Credit [DNT], Absorbing Cosmic Energy, Cosmic Instability, Frantic Malice*/, 183324 /*183324*/, 183968 /*183968*/, 183566 /*183566 - No Combat Credit [DNT], Absorbing Cosmic Energy, Cosmic Instability*/, 181942 /*181942 (Chrysalis Shaper) - Visual: Shaper Interacting with Orb [DNT]*/, 181946 /*181946*/, 145146 /*145146*/, 181943 /*181943*/, 184946 /*184946 - Cosmetic - State Dead (Animation Kit) JIRO*/, 178558 /*178558*/, 182136 /*182136 - Cosmetic - Alpha State 0%*/, 183430 /*183430*/, 184945 /*184945 - Cosmetic - State Dead (Animation Kit) JIRO*/, 15086 /*15086*/, 15107 /*15107*/, 92870 /*92870*/, 150748 /*150748 - Alliance, AI Regen / Crit, Adaptation, General Defensive Passive - Plate, General Proc Aura, Avoidance, AI Buff Watcher*/, 150740 /*150740 - Shadowform, Alliance, AI Regen / Crit, Adaptation, General Defensive Passive - Cloth, General Proc Aura, Avoidance, Override Energy Bar Color, AI Buff Watcher, Shadow Mend*/, 150734 /*150734 - Demon Armor, Alliance, AI Regen / Crit, Adaptation, General Defensive Passive - Cloth, General Proc Aura, Avoidance, AI Buff Watcher*/, 150724 /*150724 - Alliance, AI Regen / Crit, Adaptation, General Defensive Passive - Plate, General Proc Aura, Avoidance, AI Buff Watcher, Override Energy Bar Color, Warrior, Arms Warrior*/, 144568 /*144568 - Power Word: Fortitude, Alliance, AI Regen / Crit, Adaptation, General Defensive Passive - Cloth, General Proc Aura, Avoidance, AI Buff Watcher, Atonement, Shadow Mend*/, 144572 /*144572 - Ice Barrier, Alliance, AI Regen / Crit, Adaptation, General Defensive Passive - Cloth, General Proc Aura, Avoidance, AI Buff Watcher*/, 144554 /*144554 - Travel Form, Alliance, AI Regen / Crit, Adaptation, General Defensive Passive - Leather, General Proc Aura, AI Buff Watcher, Travel Form (Passive)*/, 149715 /*149715 - Alliance, AI Regen / Crit, Adaptation, General Defensive Passive - Plate, General Proc Aura, Avoidance, AI Buff Watcher*/, 182437 /*182437 (Tarachnid Stalker)*/, 182438 /*182438 (Tarachnid Stalker)*/, 182318 /*182318 (General Zarathura)*/, 181657 /*181657*/, 181625 /*181625*/, 181418 /*181418*/, 178340 /*178340 - Permanent Feign Death (Spawn, Untrackable, No Stun)*/, 182426 /*182426*/, 181407 /*181407 - Mawsworn Carapace*/, 181412 /*181412*/, 182473 /*182473 (Tarachnid Ambusher)*/, 178346 /*178346 - Permanent Feign Death (Spawn, Untrackable, No Stun)*/, 181406 /*181406*/, 178345 /*178345 - Permanent Feign Death (Spawn, Untrackable, No Stun)*/, 181403 /*181403*/, 181385 /*181385 - Cosmetic - State Dead (Animation Kit)*/, 182392 /*182392*/, 182430 /*182430*/, 181064 /*181064*/, 184471 /*184471*/, 181685 /*181685*/, 182759 /*182759 (Red Viperid)*/, 181186 /*181186*/, 181061 /*181061*/, 181044 /*181044*/, 183190 /*183190 - Set Health (Random 1%-5%)*/, 184472 /*184472*/, 181687 /*181687*/, 184002 /*184002*/, 180706 /*180706 - [DNT] Submerged*/, 183323 /*183323*/, 180742 /*180742 - [DNT] Fallen Automa, Permanent Feign Death (Spawn, Untrackable, No Stun), Permanent Feign Death (NO Stun, Untrackable, Immune)*/, 181051 /*181051 - [DNT] Fallen Automa, Permanent Feign Death (Spawn, Untrackable, No Stun)*/, 183641 /*183641 - Permanent Feign Death (NO Stun, Untrackable, Immune)*/, 185286 /*185286 - [DNT] Architect's Barrier*/, 181197 /*181197*/, 183441 /*183441 - Permanent Feign Death (Sleep Anim Kit + Stun) (No Movement), [DNT] Stabbed With Maw Weapons*/, 181990 /*181990*/, 182044 /*182044*/, 181408 /*181408*/, 182040 /*182040*/, 182474 /*182474 (Tarachnid Ambusher)*/, 182373 /*182373*/, 185266 /*185266*/, 185059 /*185059*/, 185061 /*185061*/, 185060 /*185060*/, 181870 /*181870*/, 185054 /*185054*/, 185051 /*185051*/, 185053 /*185053*/, 185052 /*185052*/, 184767 /*184767*/, 182758 /*182758 (Red Viperid)*/, 181838 /*181838*/, 183468 /*183468*/, 181837 /*181837*/, 181834 /*181834 - Infused Core*/, 181862 /*181862 - Infused Core*/, 181905 /*181905*/, 185065 /*185065*/, 185055 /*185055*/, 185063 /*185063*/, 185062 /*185062*/, 185064 /*185064*/, 185058 /*185058*/, 185057 /*185057*/, 185056 /*185056*/, 178134 /*178134 - Permanent Feign Death (Spawn, Untrackable, No Stun)*/, 178135 /*178135 - Permanent Feign Death (Spawn, Untrackable, No Stun)*/, 183298 /*183298*/, 181084 /*181084*/, 185090 /*185090 (E'deero) - Pet Sit or Sleep*/, 182692 /*182692 (Emerald Scarabid)*/, 181839 /*181839*/, 182569 /*182569 (Metallic Scarabid)*/, 181119 /*181119*/, 185587 /*185587 (Rafiq)*/, 184423 /*184423 (Latif)*/, 181179 /*181179*/, 181172 /*181172 - Permanent Feign Death, Infused Core*/, 180748 /*180748 - Permanent Feign Death, Infused Core*/, 180630 /*180630*/, 181556 /*181556 - Cosmetic - State Dead (Animation Kit)*/, 182458 /*182458*/, 178155 /*178155*/, 182568 /*182568 (Metallic Scarabid)*/, 182146 /*182146*/, 184406 /*184406 (Enlightened Pilgrim)*/, 182135 /*182135 - Cosmetic - Alpha State 0%*/, 185543 /*185543*/, 185609 /*185609*/, 185190 /*185190*/, 184235 /*184235 - Permanent Feign Death (NO Stun, Untrackable, Immune)*/, 182876 /*182876 (Bloodsucker Vespoid)*/, 185755 /*185755*/, 181086 /*181086*/, 185511 /*185511*/, 178238 /*178238*/, 182877 /*182877 (Bloodsucker Vespoid)*/, 183969 /*183969*/, 178158 /*178158*/, 178159 /*178159*/, 183970 /*183970*/, 184172 /*184172*/, 179007 /*179007*/, 180930 /*180930*/, 179039 /*179039*/, 182360 /*182360 - [DNT] Stone Gorging*/, 185149 /*185149 - [DNT] Jiro Repair Tool*/, 184941 /*184941 - Cosmetic - State Dead (Animation Kit) JIRO*/, 182115 /*182115 - Cosmetic - Alpha State 0%*/, 185104 /*185104 - [DNT] Jiro Repair Tool*/, 185150 /*185150 - [DNT] Jiro Repair Tool*/, 185151 /*185151*/, 181586 /*181586 - Cosmetic - State Dead (Animation Kit)*/, 185688 /*185688 (Enlightened Pilgrim)*/, 184939 /*184939 - Cosmetic - State Dead (Animation Kit) JIRO*/, 179004 /*179004*/, 182616 /*182616*/, 185541 /*185541 (Enlightened Pilgrim) - Carry Sack (Peasant)*/, 181077 /*181077 (Ambient Sound Controller) - [DNT] Proto Avian Periodic Bird Call - Sound Only*/, 15072 /*15072*/, 15064 /*15064 - Carry Stone*/, 15071 /*15071*/, 13117 /*13117 - Ghost*/, 15075 /*15075 - Carry Sack*/, 150718 /*150718 - Collect Buff*/, 15087 /*15087*/, 15108 /*15108*/, 15089 /*15089 - Lumberjackin'*/, 61366 /*61366 (Rat)*/, 4075 /*4075 (Rat)*/, 15046 /*15046*/, 150730 /*150730 - Stealth, Alliance, AI Regen / Crit, Adaptation, General Defensive Passive - Leather, General Proc Aura, Avoidance, AI Buff Watcher, Crippling Poison, Leeching Poison, Wound Poison*/, 144566 /*144566 - Shadowform, Alliance, AI Regen / Crit, Adaptation, General Defensive Passive - Cloth, General Proc Aura, Avoidance, Override Energy Bar Color, AI Buff Watcher, Shadow Mend*/, 149753 /*149753 - Alliance, AI Regen / Crit, Adaptation, General Defensive Passive - Plate, General Proc Aura, Avoidance, Frontal Area Trigger, AI Buff Watcher, Bloodworms, Death Knight AI Passives*/, 154033 /*154033 - Alliance, AI Regen / Crit, Adaptation, General Defensive Passive - Mail, General Proc Aura, Avoidance, Override Energy Bar Color, Lone Wolf, AI Buff Watcher*/, 150744 /*150744 - Alliance, AI Regen / Crit, Adaptation, General Defensive Passive - Leather, General Proc Aura, Avoidance, AI Buff Watcher*/, 150738 /*150738 - Power Word: Fortitude, Alliance, AI Regen / Crit, Adaptation, General Defensive Passive - Cloth, General Proc Aura, Avoidance, AI Buff Watcher, Atonement, Shadow Mend*/, 150736 /*150736 - Alliance, AI Regen / Crit, Adaptation, General Defensive Passive - Leather, General Proc Aura, Avoidance, AI Buff Watcher, Demon Blades and other AI Passives, Frontal Area Trigger*/, 154028 /*154028 - Alliance, AI Regen / Crit, Adaptation, General Defensive Passive - Plate, General Proc Aura, Avoidance, AI Buff Watcher, Death Knight AI Passives*/, 144580 /*144580 - Demon Armor, Alliance, AI Regen / Crit, Adaptation, General Defensive Passive - Cloth, General Proc Aura, Avoidance, AI Buff Watcher, Soul Shards*/, 150728 /*150728 - Alliance, AI Regen / Crit, Adaptation, General Defensive Passive - Cloth, General Proc Aura, Avoidance, AI Buff Watcher, Spirit of Redemption*/, 150732 /*150732 - Travel Form, Alliance, AI Regen / Crit, Adaptation, General Defensive Passive - Leather, General Proc Aura, AI Buff Watcher, Travel Form (Passive)*/, 144536 /*144536 - Alliance, AI Regen / Crit, Adaptation, General Defensive Passive - Mail, General Proc Aura, Avoidance, Override Energy Bar Color, AI Buff Watcher*/, 144529 /*144529 - Alliance, AI Regen / Crit, Adaptation, General Defensive Passive - Plate, General Proc Aura, Avoidance, AI Buff Watcher*/, 144519 /*144519 - Alliance, AI Regen / Crit, Adaptation, General Defensive Passive - Plate, General Proc Aura, Avoidance, AI Buff Watcher, Override Energy Bar Color, Warrior, Arms Warrior*/, 144574 /*144574 - Blazing Barrier, Alliance, AI Regen / Crit, Adaptation, General Defensive Passive - Cloth, General Proc Aura, Avoidance, AI Buff Watcher*/, 149719 /*149719 - Sleeping Sleep*/, 149718 /*149718*/, 149755 /*149755 - Blacksmith Working*/, 149759 /*149759*/, 150622 /*150622 - Read Scroll*/, 149760 /*149760 (Spell Bunny)*/, 150655 /*150655*/, 14848 /*14848*/, 150705 /*150705 - Collect Buff*/, 150505 /*150505*/, 150501 /*150501*/, 149785 /*149785*/, 149793 /*149793*/, 149721 /*149721*/, 149792 /*149792*/, 150717 /*150717 - Collect Buff*/, 149795 /*149795*/, 149787 /*149787*/, 149794 /*149794*/, 149786 /*149786*/, 185544 /*185544 - Permanent Feign Death (No Anim, Stun, Untrackable)*/, 179539 /*179539 - Permanent Feign Death (NO Stun, Untrackable, Immune), Infused Core*/, 183952 /*183952 - Console 04 Activated*/, 183950 /*183950 - Console 02 Activated*/, 72587 /*72587 (VFX Bunny)*/, 185267 /*185267*/, 179939 /*179939 - Mawtouched*/, 185270 /*185270*/, 178096 /*178096*/, 183951 /*183951 - Console 03 Activated*/, 183998 /*183998 - Permanent Feign Death (Sleep Anim Kit + Stun) (No Movement)*/, 72654 /*72654 - [DNT] Blocked Chest Visual*/, 182273 /*182273 - Permanent Feign Death (Spawn, Untrackable, No Stun)*/, 183948 /*183948 - Console 01 Activated*/, 182260 /*182260 (Proto Avian Fledgling) - Perched*/, 182271 /*182271 - Permanent Feign Death (Spawn, Untrackable, No Stun)*/, 182272 /*182272*/, 182269 /*182269*/, 183465 /*183465 (Alonis)*/, 184322 /*184322 (Injured Aspirant)*/, 177694 /*177694*/, 185750 /*185750 (Spell Bunny)*/, 183961 /*183961*/, 181740 /*181740*/, 183958 /*183958 - [DNT] Broker X - Maintain Area Trigger for Enter Cave/Area One Liner*/, 183953 /*183953*/, 183971 /*183971*/, 178154 /*178154*/, 182131 /*182131 - Cosmetic - Alpha State 0%*/, 181369 /*181369 - Cosmetic - Alpha State 0%*/, 181366 /*181366 - Cosmetic - Alpha State 0%*/, 183911 /*183911 - Cosmetic - Alpha State 0%*/, 181558 /*181558 - Cosmetic - State Dead (Animation Kit)*/, 183270 /*183270 (Ambystan Snapper)*/, 181782 /*181782*/, 182096 /*182096*/, 181857 /*181857 - Menacing Aura, True Aura*/, 181392 /*181392 - Cosmetic - Alpha State 0%*/, 181484 /*181484 - Mawtouched*/, 181375 /*181375 - Cosmetic - Alpha State 0%*/, 183263 /*183263 - Cosmetic - State Dead (Animation Kit) JIRO*/, 181359 /*181359 - Mawtouched*/, 181884 /*181884 - Menacing Aura*/, 181339 /*181339*/, 181330 /*181330 - Mawtouched*/, 181580 /*181580 - Cosmetic - State Dead (Animation Kit)*/, 181352 /*181352*/, 182768 /*182768 (Green Viperid)*/, 180656 /*180656 - Cosmetic - Alpha State 0%*/, 178099 /*178099*/, 183546 /*183546*/, 183904 /*183904 - Cosmetic - Alpha State 0%*/, 180654 /*180654 - Cosmetic - Alpha State 0%*/, 180669 /*180669 - Cosmetic - Alpha State 0%*/, 183291 /*183291*/, 180652 /*180652 - Cosmetic - Alpha State 0%*/, 180655 /*180655 - Cosmetic - Alpha State 0%*/, 178935 /*178935*/, 180653 /*180653 - Cosmetic - Alpha State 0%*/, 180641 /*180641 - Cosmetic - Alpha State 0%*/, 183143 /*183143 (Vombata Pup)*/, 180948 /*180948*/, 180936 /*180936 (Rana)*/, 185702 /*185702 (E'ko) - Pet Sit or Sleep, Sleepy Pet (No Zs)*/, 181003 /*181003*/, 180916 /*180916*/, 178093 /*178093*/, 187651 /*187651*/, 182681 /*182681*/, 177486 /*177486*/, 182257 /*182257 (Vilo)*/, 180052 /*180052 - Perched*/, 178016 /*178016*/, 182769 /*182769 (Green Viperid)*/, 181183 /*181183 (Highlord Bolvar Fordragon)*/, 180956 /*180956*/, 184934 /*184934*/, 183677 /*183677 (Uther the Lightbringer)*/, 180927 /*180927 (Custodian Taj) - [DNT] Send Event*/, 180926 /*180926 (Custodian Kalir)*/, 178895 /*178895*/, 182234 /*182234 (Timid Leporid)*/, 180931 /*180931 (E'mewy) - Pet Sit or Sleep*/, 185713 /*185713 (Hadja)*/, 183146 /*183146*/, 182245 /*182245 (Timid Leporid)*/, 178015 /*178015*/, 172538 /*172538 - [DNT] Flight Orb Visual*/, 178936 /*178936*/, 180933 /*180933 (E'vaan) - Pet Sit or Sleep, Sleepy Pet (No Zs)*/, 183903 /*183903 - Cosmetic - Alpha State 0%*/, 180918 /*180918*/, 181006 /*181006 - Permanent Feign Death (Sleep Anim Kit + Stun) (No Movement)*/, 180923 /*180923*/, 180950 /*180950 (Avna)*/, 185807 /*185807 - Cosmetic - Alpha State 0%*/, 184241 /*184241*/, 180961 /*180961 (Bud) - Pet Sit*/, 177476 /*177476 (Enlightened Guardian)*/, 180920 /*180920 (Siloh)*/, 184487 /*184487 (E'rnee)*/, 184486 /*184486 (Tamra)*/, 180715 /*180715*/, 178098 /*178098*/, 182218 /*182218 (Vicious Leporid)*/, 177432 /*177432 (Enlightened Pilgrim)*/, 178909 /*178909*/, 178196 /*178196 (Docile Vombata) - Cosmetic - Sleep Zzz - Small Zs*/, 185291 /*185291 - Perched*/, 178913 /*178913*/, 185282 /*185282 - Cosmetic - State Dead - Conditioned Vis*/, 55455 /*55455 - [DNT] Site Vo Lock Visual*/, 185285 /*185285 - [DNT] Conditioned Vis*/, 185488 /*185488*/, 182113 /*182113 - Cosmetic - Alpha State 0%*/, 183963 /*183963*/, 181362 /*181362 (Bufonid Croaker)*/, 180650 /*180650 - Cosmetic - Alpha State 0%*/, 178094 /*178094 - Perched*/, 182116 /*182116 - Cosmetic - Alpha State 0%*/, 181490 /*181490 - Permanent Feign Death (Sleeping), Infused Core*/, 184071 /*184071*/, 185457 /*185457*/, 183378 /*183378*/, 181361 /*181361 (Bufonid Croaker)*/, 175217 /*175217*/, 181681 /*181681*/, 175218 /*175218*/, 156672 /*156672*/, 176137 /*176137*/, 176146 /*176146*/, 156669 /*156669*/, 174564 /*174564*/, 175066 /*175066*/, 156667 /*156667*/, 171822 /*171822*/, 165379 /*165379 - Hold Book*/, 168353 /*168353*/, 164367 /*164367*/, 175207 /*175207*/, 164368 /*164368*/, 156479 /*156479*/, 156696 /*156696*/, 156690 /*156690*/, 156666 /*156666*/, 156671 /*156671*/, 175042 /*175042*/, 156683 /*156683*/, 156694 /*156694*/, 175035 /*175035*/, 184055 /*184055*/, 156681 /*156681*/, 158637 /*158637 - Ride Vehicle Hardcoded*/, 173351 /*173351*/, 162928 /*162928*/, 185576 /*185576*/, 165657 /*165657*/, 156734 /*156734*/, 175222 /*175222*/, 167738 /*167738*/, 170256 /*170256*/, 162929 /*162929*/, 156668 /*156668*/, 165654 /*165654*/, 164078 /*164078*/, 156777 /*156777*/, 170310 /*170310*/, 175080 /*175080*/, 164596 /*164596*/, 175083 /*175083*/, 173367 /*173367*/, 164685 /*164685*/, 174922 /*174922*/, 156685 /*156685*/, 55370 /*55370*/, 171795 /*171795 (Lady Moonberry)*/, 164079 /*164079 (Highlord Bolvar Fordragon) - 370859*/, 187734 /*187734 - Cosmetic - Alpha State 0%*/, 156691 /*156691*/, 156689 /*156689*/, 156692 /*156692*/, 164095 /*164095*/, 168011 /*168011*/, 175020 /*175020*/, 171299 /*171299*/, 175081 /*175081 (Necrolord Commander)*/, 171796 /*171796*/, 173571 /*173571 - Holographic Projection*/, 156670 /*156670*/, 172702 /*172702*/, 164736 /*164736*/, 178792 /*178792*/, 175087 /*175087*/, 54638 /*54638*/, 173330 /*173330*/, 175018 /*175018*/, 175017 /*175017*/, 175082 /*175082*/, 164277 /*164277*/, 164803 /*164803 - Guard Stand 2/Ready 2HL*/, 176545 /*176545*/, 167591 /*167591*/, 173300 /*173300*/, 175019 /*175019*/, 175016 /*175016*/, 170607 /*170607*/, 159478 /*159478 - RP Chat Bubble on Tal-Inara*/, 114665 /*114665*/, 173302 /*173302*/, 62822 /*62822 - Grand Expedition Yak, Grummle Booth B*/, 62821 /*62821 - Grand Expedition Yak, Grummle Booth A*/, 175213 /*175213*/, 32642 /*32642 - Traveler's Tundra Mammoth*/, 32641 /*32641 - Traveler's Tundra Mammoth*/, 173305 /*173305*/, 162896 /*162896*/, 173304 /*173304*/, 162666 /*162666 (Pathscribe Roh-Avonavi)*/, 156504 /*156504*/, 173118 /*173118*/, 175211 /*175211*/, 175210 /*175210*/, 175209 /*175209*/, 175214 /*175214*/, 175212 /*175212*/, 121541 /*121541 (Ban-Lu)*/, 173301 /*173301*/, 164123 /*164123*/, 162918 /*162918*/, 175216 /*175216*/, 166061 /*166061*/, 170557 /*170557*/, 156698 /*156698 - Guard Stand 2/Ready 2HL*/, 170640 /*170640*/, 176332 /*176332 (Knight of the Ebon Blade)*/, 156687 /*156687*/, 156686 /*156686*/, 171787 /*171787*/, 156733 /*156733*/, 156732 /*156732*/, 173327 /*173327*/, 164096 /*164096*/, 171790 /*171790 - Anima Resource*/);
INSERT INTO `creature_template_addon` (`entry`, `path_id`, `mount`, `bytes1`, `bytes2`, `emote`, `aiAnimKit`, `movementAnimKit`, `meleeAnimKit`, `visibilityDistanceType`, `auras`) VALUES
(183326, 0, 0, 0, 1, 0, 0, 0, 0, 0, ''), -- 183326
(181944, 0, 0, 0, 1, 0, 0, 0, 0, 0, '359832'), -- 181944 - 9.2 Carry Orb
(181116, 0, 0, 0, 1, 0, 0, 0, 0, 3, '360719'), -- 181116 - Unstable Infusion
(178560, 0, 0, 0, 1, 0, 0, 0, 0, 0, ''), -- 178560
(183445, 0, 0, 50331648, 1, 0, 0, 0, 0, 0, ''), -- 183445
(181879, 0, 0, 0, 1, 0, 0, 0, 0, 0, '362698 362651 360790 365274'), -- 181879 - No Combat Credit [DNT], Absorbing Cosmic Energy, Cosmic Instability, Frantic Malice
(183324, 0, 0, 0, 1, 0, 0, 0, 0, 0, ''), -- 183324
(183968, 0, 0, 0, 1, 0, 0, 0, 0, 4, ''), -- 183968
(183566, 0, 0, 0, 1, 0, 0, 0, 0, 0, '362698 362651 360790'), -- 183566 - No Combat Credit [DNT], Absorbing Cosmic Energy, Cosmic Instability
(181942, 0, 0, 0, 1, 0, 0, 0, 0, 0, '363860'), -- 181942 (Chrysalis Shaper) - Visual: Shaper Interacting with Orb [DNT]
(181946, 0, 0, 0, 1, 0, 0, 0, 0, 3, ''), -- 181946
(145146, 0, 0, 50331648, 1, 0, 0, 0, 0, 3, ''), -- 145146
(181943, 0, 0, 0, 1, 0, 0, 0, 0, 0, ''), -- 181943
(184946, 0, 0, 0, 1, 0, 0, 0, 0, 0, '359850'), -- 184946 - Cosmetic - State Dead (Animation Kit) JIRO
(178558, 0, 0, 0, 1, 0, 0, 0, 0, 0, ''), -- 178558
(182136, 0, 0, 50331648, 1, 0, 0, 0, 0, 0, '80808'), -- 182136 - Cosmetic - Alpha State 0%
(183430, 0, 0, 50331648, 1, 0, 0, 0, 0, 0, ''), -- 183430
(184945, 0, 0, 0, 1, 0, 0, 0, 0, 0, '359850'), -- 184945 - Cosmetic - State Dead (Animation Kit) JIRO
(15086, 0, 0, 0, 1, 0, 0, 0, 0, 0, ''), -- 15086
(15107, 0, 0, 0, 1, 0, 0, 0, 0, 0, ''), -- 15107
(92870, 0, 0, 50331648, 1, 0, 0, 0, 0, 0, ''), -- 92870
(150748, 0, 0, 0, 257, 0, 0, 0, 0, 0, '273398 281824 214027 281825 281826 281827 285707'), -- 150748 - Alliance, AI Regen / Crit, Adaptation, General Defensive Passive - Plate, General Proc Aura, Avoidance, AI Buff Watcher
(150740, 0, 0, 0, 257, 0, 0, 0, 0, 0, '284439 273398 284397 214027 290092 281826 281827 284429 285707 301184'), -- 150740 - Shadowform, Alliance, AI Regen / Crit, Adaptation, General Defensive Passive - Cloth, General Proc Aura, Avoidance, Override Energy Bar Color, AI Buff Watcher, Shadow Mend
(150734, 0, 0, 0, 257, 0, 0, 0, 0, 0, '292274 273398 281824 214027 281832 281826 281827 285707'), -- 150734 - Demon Armor, Alliance, AI Regen / Crit, Adaptation, General Defensive Passive - Cloth, General Proc Aura, Avoidance, AI Buff Watcher
(150724, 0, 0, 0, 257, 0, 0, 0, 0, 0, '273398 284397 214027 288261 281826 281827 285707 299970 299981 299985'), -- 150724 - Alliance, AI Regen / Crit, Adaptation, General Defensive Passive - Plate, General Proc Aura, Avoidance, AI Buff Watcher, Override Energy Bar Color, Warrior, Arms Warrior
(144568, 0, 0, 0, 257, 0, 0, 0, 0, 0, '284466 273398 297414 214027 290092 281826 281827 285707 292010 301184'), -- 144568 - Power Word: Fortitude, Alliance, AI Regen / Crit, Adaptation, General Defensive Passive - Cloth, General Proc Aura, Avoidance, AI Buff Watcher, Atonement, Shadow Mend
(144572, 0, 0, 0, 257, 0, 0, 0, 0, 0, '284882 273398 281824 214027 288257 281826 281827 285707'), -- 144572 - Ice Barrier, Alliance, AI Regen / Crit, Adaptation, General Defensive Passive - Cloth, General Proc Aura, Avoidance, AI Buff Watcher
(144554, 0, 0, 0, 16777473, 0, 0, 0, 0, 0, '288395 273398 281824 214027 288254 281826 285707 5419'), -- 144554 - Travel Form, Alliance, AI Regen / Crit, Adaptation, General Defensive Passive - Leather, General Proc Aura, AI Buff Watcher, Travel Form (Passive)
(149715, 0, 0, 0, 257, 0, 0, 0, 0, 0, '273398 281824 214027 290476 281826 281827 285707'), -- 149715 - Alliance, AI Regen / Crit, Adaptation, General Defensive Passive - Plate, General Proc Aura, Avoidance, AI Buff Watcher
(182437, 0, 0, 0, 1, 0, 0, 0, 0, 0, ''), -- 182437 (Tarachnid Stalker)
(182438, 0, 0, 0, 1, 0, 0, 0, 0, 0, ''), -- 182438 (Tarachnid Stalker)
(182318, 0, 0, 0, 1, 0, 0, 0, 0, 0, ''), -- 182318 (General Zarathura)
(181657, 0, 0, 0, 1, 0, 0, 0, 0, 3, ''), -- 181657
(181625, 0, 0, 50331648, 1, 0, 0, 0, 0, 3, ''), -- 181625
(181418, 0, 0, 0, 1, 0, 0, 0, 0, 3, ''), -- 181418
(178340, 0, 0, 262144, 1, 0, 0, 0, 0, 0, '201326'), -- 178340 - Permanent Feign Death (Spawn, Untrackable, No Stun)
(182426, 0, 0, 50331648, 1, 0, 0, 0, 0, 0, ''), -- 182426
(181407, 0, 0, 0, 1, 0, 0, 0, 0, 0, '365594'), -- 181407 - Mawsworn Carapace
(181412, 0, 0, 0, 1, 0, 0, 0, 0, 3, ''), -- 181412
(182473, 0, 0, 0, 1, 0, 0, 0, 0, 0, ''), -- 182473 (Tarachnid Ambusher)
(178346, 0, 0, 262144, 1, 0, 0, 0, 0, 0, '201326'), -- 178346 - Permanent Feign Death (Spawn, Untrackable, No Stun)
(181406, 0, 0, 0, 1, 0, 0, 0, 0, 0, ''), -- 181406
(178345, 0, 0, 262144, 1, 0, 0, 0, 0, 0, '201326'), -- 178345 - Permanent Feign Death (Spawn, Untrackable, No Stun)
(181403, 0, 0, 0, 1, 0, 0, 0, 0, 0, ''), -- 181403
(181385, 0, 0, 0, 1, 0, 0, 0, 0, 0, '359824'), -- 181385 - Cosmetic - State Dead (Animation Kit)
(182392, 0, 0, 0, 1, 0, 0, 0, 0, 0, ''), -- 182392
(182430, 0, 0, 0, 2, 0, 0, 0, 0, 0, ''), -- 182430
(181064, 0, 0, 0, 1, 0, 0, 0, 0, 3, ''), -- 181064
(184471, 0, 0, 50331648, 1, 0, 0, 0, 0, 0, ''), -- 184471
(181685, 0, 0, 0, 1, 0, 0, 0, 0, 0, ''), -- 181685
(182759, 0, 0, 0, 1, 0, 0, 0, 0, 0, ''), -- 182759 (Red Viperid)
(181186, 0, 105155, 0, 1, 0, 0, 0, 0, 0, ''), -- 181186
(181061, 0, 0, 0, 1, 0, 21223, 0, 0, 0, ''), -- 181061
(181044, 0, 0, 33554432, 1, 0, 0, 0, 0, 0, ''), -- 181044
(183190, 0, 0, 0, 1, 0, 9627, 0, 0, 0, '314629'), -- 183190 - Set Health (Random 1%-5%)
(184472, 0, 0, 50331648, 1, 0, 0, 0, 0, 0, ''), -- 184472
(181687, 0, 0, 0, 1, 0, 0, 0, 0, 0, ''), -- 181687
(184002, 0, 0, 0, 1, 0, 23707, 0, 0, 0, ''), -- 184002
(180706, 0, 0, 0, 1, 0, 0, 0, 0, 0, '364536'), -- 180706 - [DNT] Submerged
(183323, 0, 0, 0, 1, 0, 0, 0, 0, 0, ''), -- 183323
(180742, 0, 0, 262144, 1, 0, 0, 0, 0, 0, '362463 201326 159474'), -- 180742 - [DNT] Fallen Automa, Permanent Feign Death (Spawn, Untrackable, No Stun), Permanent Feign Death (NO Stun, Untrackable, Immune)
(181051, 0, 0, 262144, 1, 0, 0, 0, 0, 0, '362463 201326'), -- 181051 - [DNT] Fallen Automa, Permanent Feign Death (Spawn, Untrackable, No Stun)
(183641, 0, 0, 262144, 1, 0, 0, 0, 0, 0, '159474'), -- 183641 - Permanent Feign Death (NO Stun, Untrackable, Immune)
(185286, 0, 0, 50331648, 1, 0, 0, 0, 0, 0, '366732'), -- 185286 - [DNT] Architect's Barrier
(181197, 0, 0, 0, 1, 0, 0, 0, 0, 0, ''), -- 181197
(183441, 0, 0, 0, 1, 0, 0, 0, 0, 0, '150092 364369'), -- 183441 - Permanent Feign Death (Sleep Anim Kit + Stun) (No Movement), [DNT] Stabbed With Maw Weapons
(181990, 0, 0, 0, 1, 0, 0, 0, 0, 0, ''), -- 181990
(182044, 0, 0, 0, 1, 0, 0, 0, 0, 0, ''), -- 182044
(181408, 0, 0, 50331648, 1, 0, 0, 0, 0, 3, ''), -- 181408
(182040, 0, 0, 0, 1, 0, 0, 0, 0, 0, ''), -- 182040
(182474, 0, 0, 0, 1, 0, 0, 0, 0, 0, ''), -- 182474 (Tarachnid Ambusher)
(182373, 0, 0, 50331648, 1, 0, 0, 0, 0, 0, ''), -- 182373
(185266, 0, 0, 1, 1, 0, 0, 0, 0, 0, ''), -- 185266
(185059, 0, 0, 0, 1, 0, 0, 0, 0, 0, ''), -- 185059
(185061, 0, 0, 0, 1, 0, 0, 0, 0, 0, ''), -- 185061
(185060, 0, 0, 0, 1, 0, 0, 0, 0, 0, ''), -- 185060
(181870, 0, 0, 0, 1, 0, 0, 0, 0, 0, ''), -- 181870
(185054, 0, 0, 0, 1, 0, 0, 0, 0, 0, ''), -- 185054
(185051, 0, 0, 0, 1, 0, 0, 0, 0, 0, ''), -- 185051
(185053, 0, 0, 0, 1, 0, 0, 0, 0, 0, ''), -- 185053
(185052, 0, 0, 0, 1, 0, 0, 0, 0, 0, ''), -- 185052
(184767, 0, 0, 0, 1, 0, 0, 0, 0, 3, ''), -- 184767
(182758, 0, 0, 0, 1, 0, 0, 0, 0, 0, ''), -- 182758 (Red Viperid)
(181838, 0, 0, 0, 1, 0, 3041, 0, 0, 0, ''), -- 181838
(183468, 0, 0, 0, 1, 0, 0, 0, 0, 0, ''), -- 183468
(181837, 0, 0, 0, 1, 0, 21488, 0, 0, 0, ''), -- 181837
(181834, 0, 0, 0, 1, 0, 0, 0, 0, 0, '360027'), -- 181834 - Infused Core
(181862, 0, 0, 0, 1, 0, 0, 0, 0, 0, '360027'), -- 181862 - Infused Core
(181905, 0, 0, 0, 1, 0, 21488, 0, 0, 0, ''), -- 181905
(185065, 0, 0, 0, 1, 0, 0, 0, 0, 0, ''), -- 185065
(185055, 0, 0, 0, 1, 0, 0, 0, 0, 0, ''), -- 185055
(185063, 0, 0, 0, 1, 0, 0, 0, 0, 0, ''), -- 185063
(185062, 0, 0, 0, 1, 0, 0, 0, 0, 0, ''), -- 185062
(185064, 0, 0, 0, 1, 0, 0, 0, 0, 0, ''), -- 185064
(185058, 0, 0, 0, 1, 0, 0, 0, 0, 0, ''), -- 185058
(185057, 0, 0, 0, 1, 0, 0, 0, 0, 0, ''), -- 185057
(185056, 0, 0, 0, 1, 0, 0, 0, 0, 0, ''), -- 185056
(178134, 0, 0, 262144, 1, 0, 0, 0, 0, 0, '201326'), -- 178134 - Permanent Feign Death (Spawn, Untrackable, No Stun)
(178135, 0, 0, 262144, 1, 0, 0, 0, 0, 0, '201326'), -- 178135 - Permanent Feign Death (Spawn, Untrackable, No Stun)
(183298, 0, 0, 0, 1, 0, 0, 0, 0, 0, ''), -- 183298
(181084, 0, 0, 0, 1, 0, 0, 0, 0, 0, ''), -- 181084
(185090, 0, 0, 3, 1, 0, 0, 0, 0, 0, '96573'), -- 185090 (E'deero) - Pet Sit or Sleep
(182692, 0, 0, 0, 1, 0, 0, 0, 0, 0, ''), -- 182692 (Emerald Scarabid)
(181839, 0, 0, 0, 1, 0, 0, 0, 0, 3, ''), -- 181839
(182569, 0, 0, 0, 1, 0, 0, 0, 0, 0, ''), -- 182569 (Metallic Scarabid)
(181119, 0, 0, 0, 1, 0, 0, 0, 0, 0, ''), -- 181119
(185587, 0, 0, 0, 1, 0, 0, 0, 0, 0, ''), -- 185587 (Rafiq)
(184423, 0, 0, 0, 1, 0, 0, 0, 0, 0, ''), -- 184423 (Latif)
(181179, 0, 0, 0, 1, 0, 0, 0, 0, 0, ''), -- 181179
(181172, 0, 0, 262144, 1, 0, 0, 0, 0, 0, '369845 360027'), -- 181172 - Permanent Feign Death, Infused Core
(180748, 0, 0, 262144, 1, 0, 0, 0, 0, 0, '369845 360027'), -- 180748 - Permanent Feign Death, Infused Core
(180630, 0, 0, 0, 1, 0, 0, 0, 0, 0, ''), -- 180630
(181556, 0, 0, 0, 1, 0, 0, 0, 0, 0, '359824'), -- 181556 - Cosmetic - State Dead (Animation Kit)
(182458, 0, 0, 0, 1, 0, 0, 0, 0, 0, ''), -- 182458
(178155, 0, 0, 0, 1, 0, 0, 0, 0, 0, ''), -- 178155
(182568, 0, 0, 0, 1, 0, 0, 0, 0, 0, ''), -- 182568 (Metallic Scarabid)
(182146, 0, 0, 0, 1, 0, 0, 0, 0, 0, ''), -- 182146
(184406, 0, 0, 0, 1, 0, 0, 0, 0, 0, ''), -- 184406 (Enlightened Pilgrim)
(182135, 0, 0, 50331648, 1, 0, 0, 0, 0, 0, '80808'), -- 182135 - Cosmetic - Alpha State 0%
(185543, 0, 0, 0, 1, 0, 0, 0, 0, 0, ''), -- 185543
(185609, 0, 0, 50331648, 1, 0, 0, 0, 0, 0, ''), -- 185609
(185190, 0, 0, 50331648, 1, 0, 0, 0, 0, 0, ''), -- 185190
(184235, 0, 0, 262144, 1, 0, 0, 0, 0, 0, '159474'), -- 184235 - Permanent Feign Death (NO Stun, Untrackable, Immune)
(182876, 0, 0, 50331648, 1, 0, 0, 0, 0, 0, ''), -- 182876 (Bloodsucker Vespoid)
(185755, 0, 0, 0, 1, 0, 0, 0, 0, 3, ''), -- 185755
(181086, 0, 0, 0, 1, 0, 0, 0, 0, 0, ''), -- 181086
(185511, 0, 0, 0, 1, 0, 0, 0, 0, 0, ''), -- 185511
(178238, 0, 0, 50331648, 1, 0, 0, 0, 0, 0, ''), -- 178238
(182877, 0, 0, 50331648, 1, 0, 0, 0, 0, 0, ''), -- 182877 (Bloodsucker Vespoid)
(183969, 0, 0, 0, 1, 0, 0, 0, 0, 4, ''), -- 183969
(178158, 0, 0, 50331648, 1, 0, 0, 0, 0, 0, ''), -- 178158
(178159, 0, 0, 50331648, 1, 0, 0, 0, 0, 0, ''), -- 178159
(183970, 0, 0, 0, 1, 0, 0, 0, 0, 4, ''), -- 183970
(184172, 0, 0, 0, 1, 0, 0, 0, 0, 0, ''), -- 184172
(179007, 0, 0, 0, 1, 0, 0, 0, 0, 0, ''), -- 179007
(180930, 0, 0, 0, 1, 0, 0, 0, 0, 0, ''), -- 180930
(179039, 0, 0, 0, 1, 0, 0, 0, 0, 0, ''), -- 179039
(182360, 0, 0, 0, 1, 0, 0, 0, 0, 0, '351691'), -- 182360 - [DNT] Stone Gorging
(185149, 0, 0, 0, 1, 0, 0, 0, 0, 0, '366429'), -- 185149 - [DNT] Jiro Repair Tool
(184941, 0, 0, 0, 1, 0, 0, 0, 0, 0, '359850'), -- 184941 - Cosmetic - State Dead (Animation Kit) JIRO
(182115, 0, 0, 50331648, 1, 0, 0, 0, 0, 0, '80808'), -- 182115 - Cosmetic - Alpha State 0%
(185104, 0, 0, 0, 1, 0, 0, 0, 0, 0, '366429'), -- 185104 - [DNT] Jiro Repair Tool
(185150, 0, 0, 0, 1, 0, 0, 0, 0, 0, '366429'), -- 185150 - [DNT] Jiro Repair Tool
(185151, 0, 0, 0, 1, 0, 0, 0, 0, 0, ''), -- 185151
(181586, 0, 0, 0, 1, 0, 0, 0, 0, 0, '359824'), -- 181586 - Cosmetic - State Dead (Animation Kit)
(185688, 0, 0, 0, 1, 0, 0, 0, 0, 0, ''), -- 185688 (Enlightened Pilgrim)
(184939, 0, 0, 0, 1, 0, 0, 0, 0, 0, '359850'), -- 184939 - Cosmetic - State Dead (Animation Kit) JIRO
(179004, 0, 0, 50331648, 1, 0, 0, 0, 0, 0, ''), -- 179004
(182616, 0, 0, 0, 1, 0, 0, 0, 0, 0, ''), -- 182616
(185541, 0, 0, 0, 1, 0, 0, 0, 0, 0, '282130'), -- 185541 (Enlightened Pilgrim) - Carry Sack (Peasant)
(181077, 0, 0, 50331648, 1, 0, 0, 0, 0, 0, '359259'), -- 181077 (Ambient Sound Controller) - [DNT] Proto Avian Periodic Bird Call - Sound Only
(15072, 0, 0, 0, 1, 0, 0, 0, 0, 0, ''), -- 15072
(15064, 0, 0, 0, 1, 0, 0, 0, 0, 0, '282906'), -- 15064 - Carry Stone
(15071, 0, 0, 0, 1, 0, 0, 0, 0, 0, ''), -- 15071
(13117, 0, 0, 0, 1, 0, 0, 0, 0, 5, '9036'), -- 13117 - Ghost
(15075, 0, 0, 0, 1, 0, 0, 0, 0, 0, '175121'), -- 15075 - Carry Sack
(150718, 0, 0, 0, 1, 0, 0, 0, 0, 0, '292108'), -- 150718 - Collect Buff
(15087, 0, 0, 0, 1, 0, 0, 0, 0, 0, ''), -- 15087
(15108, 0, 0, 0, 1, 0, 0, 0, 0, 0, ''), -- 15108
(15089, 0, 0, 0, 1, 0, 0, 0, 0, 0, '290604'), -- 15089 - Lumberjackin'
(61366, 0, 0, 0, 1, 0, 0, 0, 0, 0, ''), -- 61366 (Rat)
(4075, 0, 0, 0, 1, 0, 0, 0, 0, 0, ''), -- 4075 (Rat)
(15046, 0, 0, 0, 1, 0, 0, 0, 0, 0, ''), -- 15046
(150730, 0, 0, 131072, 503316737, 0, 0, 0, 0, 0, '283652 273398 281824 214027 288260 281826 281827 285707 283648 283647 283645'), -- 150730 - Stealth, Alliance, AI Regen / Crit, Adaptation, General Defensive Passive - Leather, General Proc Aura, Avoidance, AI Buff Watcher, Crippling Poison, Leeching Poison, Wound Poison
(144566, 0, 0, 0, 257, 0, 0, 0, 0, 0, '284439 273398 284397 214027 290092 281826 281827 284429 285707 301184'), -- 144566 - Shadowform, Alliance, AI Regen / Crit, Adaptation, General Defensive Passive - Cloth, General Proc Aura, Avoidance, Override Energy Bar Color, AI Buff Watcher, Shadow Mend
(149753, 0, 0, 0, 257, 0, 0, 0, 0, 0, '273398 284397 214027 290533 281826 281827 283549 285707 282157 290561'), -- 149753 - Alliance, AI Regen / Crit, Adaptation, General Defensive Passive - Plate, General Proc Aura, Avoidance, Frontal Area Trigger, AI Buff Watcher, Bloodworms, Death Knight AI Passives
(154033, 0, 0, 0, 257, 0, 0, 0, 0, 0, '273398 295334 214027 284216 281826 281827 284225 295390 285707'), -- 154033 - Alliance, AI Regen / Crit, Adaptation, General Defensive Passive - Mail, General Proc Aura, Avoidance, Override Energy Bar Color, Lone Wolf, AI Buff Watcher
(150744, 0, 0, 0, 257, 0, 0, 0, 0, 0, '273398 296952 214027 288259 281826 281827 285707'), -- 150744 - Alliance, AI Regen / Crit, Adaptation, General Defensive Passive - Leather, General Proc Aura, Avoidance, AI Buff Watcher
(150738, 0, 0, 0, 257, 0, 0, 0, 0, 0, '284466 273398 297414 214027 290092 281826 281827 285707 292010 301184'), -- 150738 - Power Word: Fortitude, Alliance, AI Regen / Crit, Adaptation, General Defensive Passive - Cloth, General Proc Aura, Avoidance, AI Buff Watcher, Atonement, Shadow Mend
(150736, 0, 0, 0, 257, 0, 0, 0, 0, 0, '273398 284397 214027 290270 281826 281827 285707 290271 290295'), -- 150736 - Alliance, AI Regen / Crit, Adaptation, General Defensive Passive - Leather, General Proc Aura, Avoidance, AI Buff Watcher, Demon Blades and other AI Passives, Frontal Area Trigger
(154028, 0, 0, 0, 257, 0, 0, 0, 0, 0, '273398 284397 214027 290533 281826 281827 285707 290561'), -- 154028 - Alliance, AI Regen / Crit, Adaptation, General Defensive Passive - Plate, General Proc Aura, Avoidance, AI Buff Watcher, Death Knight AI Passives
(144580, 0, 14337, 0, 257, 0, 0, 0, 0, 0, '292274 273398 281824 214027 281832 281826 281827 285707 295443'), -- 144580 - Demon Armor, Alliance, AI Regen / Crit, Adaptation, General Defensive Passive - Cloth, General Proc Aura, Avoidance, AI Buff Watcher, Soul Shards
(150728, 0, 0, 0, 257, 0, 0, 0, 0, 0, '273398 297414 214027 290092 281826 281827 285707 292054'), -- 150728 - Alliance, AI Regen / Crit, Adaptation, General Defensive Passive - Cloth, General Proc Aura, Avoidance, AI Buff Watcher, Spirit of Redemption
(150732, 0, 0, 0, 16777473, 0, 0, 0, 0, 0, '288395 273398 281824 214027 288254 281826 285707 5419'), -- 150732 - Travel Form, Alliance, AI Regen / Crit, Adaptation, General Defensive Passive - Leather, General Proc Aura, AI Buff Watcher, Travel Form (Passive)
(144536, 0, 0, 0, 257, 0, 0, 0, 0, 0, '273398 284397 214027 290393 281826 281827 290392 285707'), -- 144536 - Alliance, AI Regen / Crit, Adaptation, General Defensive Passive - Mail, General Proc Aura, Avoidance, Override Energy Bar Color, AI Buff Watcher
(144529, 0, 0, 0, 257, 0, 0, 0, 0, 0, '273398 281824 214027 281825 281826 281827 285707'), -- 144529 - Alliance, AI Regen / Crit, Adaptation, General Defensive Passive - Plate, General Proc Aura, Avoidance, AI Buff Watcher
(144519, 0, 0, 0, 257, 0, 0, 0, 0, 0, '273398 284397 214027 288261 281826 281827 285707 299970 299981 299985'), -- 144519 - Alliance, AI Regen / Crit, Adaptation, General Defensive Passive - Plate, General Proc Aura, Avoidance, AI Buff Watcher, Override Energy Bar Color, Warrior, Arms Warrior
(144574, 0, 0, 0, 257, 0, 0, 0, 0, 0, '295238 273398 295235 214027 288257 281826 281827 285707'), -- 144574 - Blazing Barrier, Alliance, AI Regen / Crit, Adaptation, General Defensive Passive - Cloth, General Proc Aura, Avoidance, AI Buff Watcher
(149719, 0, 0, 0, 1, 0, 0, 0, 0, 0, '32951'), -- 149719 - Sleeping Sleep
(149718, 0, 0, 0, 1, 0, 0, 0, 0, 0, ''), -- 149718
(149755, 0, 0, 0, 1, 0, 0, 0, 0, 0, '261985'), -- 149755 - Blacksmith Working
(149759, 0, 0, 0, 1, 0, 0, 0, 0, 0, ''), -- 149759
(150622, 0, 0, 0, 1, 0, 0, 0, 0, 0, '122236'), -- 150622 - Read Scroll
(149760, 0, 0, 0, 1, 0, 0, 0, 0, 0, ''), -- 149760 (Spell Bunny)
(150655, 0, 0, 0, 1, 0, 0, 0, 0, 0, ''), -- 150655
(14848, 0, 0, 0, 1, 0, 0, 0, 0, 0, ''), -- 14848
(150705, 0, 0, 0, 1, 0, 0, 0, 0, 0, '292108'), -- 150705 - Collect Buff
(150505, 0, 14337, 0, 1, 0, 0, 0, 0, 0, ''), -- 150505
(150501, 0, 10719, 0, 1, 0, 0, 0, 0, 0, ''), -- 150501
(149785, 0, 0, 0, 1, 0, 0, 0, 0, 0, ''), -- 149785
(149793, 0, 0, 0, 1, 0, 0, 0, 0, 3, ''), -- 149793
(149721, 0, 0, 0, 1, 0, 14529, 0, 0, 0, ''), -- 149721
(149792, 0, 0, 0, 1, 0, 0, 0, 0, 3, ''), -- 149792
(150717, 0, 0, 0, 1, 0, 0, 0, 0, 0, '292108'), -- 150717 - Collect Buff
(149795, 0, 0, 0, 1, 0, 0, 0, 0, 0, ''), -- 149795
(149787, 0, 0, 0, 1, 0, 0, 0, 0, 0, ''), -- 149787
(149794, 0, 0, 0, 1, 0, 0, 0, 0, 0, ''), -- 149794
(149786, 0, 0, 0, 1, 0, 0, 0, 0, 0, ''), -- 149786
(185544, 0, 0, 262144, 1, 0, 0, 0, 0, 0, '144184'), -- 185544 - Permanent Feign Death (No Anim, Stun, Untrackable)
(179539, 0, 0, 262144, 1, 0, 0, 0, 0, 0, '311106 360027'), -- 179539 - Permanent Feign Death (NO Stun, Untrackable, Immune), Infused Core
(183952, 0, 0, 0, 1, 0, 0, 0, 0, 0, '363555'), -- 183952 - Console 04 Activated
(183950, 0, 0, 0, 1, 0, 0, 0, 0, 0, '363552'), -- 183950 - Console 02 Activated
(72587, 0, 0, 50331648, 1, 0, 0, 0, 0, 0, ''), -- 72587 (VFX Bunny)
(185267, 0, 0, 0, 1, 0, 0, 0, 0, 0, ''), -- 185267
(179939, 0, 0, 0, 1, 0, 0, 0, 0, 0, '364982'), -- 179939 - Mawtouched
(185270, 0, 0, 0, 1, 0, 0, 0, 0, 0, ''), -- 185270
(178096, 0, 0, 0, 1, 0, 0, 0, 0, 0, ''), -- 178096
(183951, 0, 0, 0, 1, 0, 0, 0, 0, 0, '363554'), -- 183951 - Console 03 Activated
(183998, 0, 0, 0, 1, 0, 0, 0, 0, 0, '150092'), -- 183998 - Permanent Feign Death (Sleep Anim Kit + Stun) (No Movement)
(72654, 0, 0, 0, 1, 0, 0, 0, 0, 0, '363571'), -- 72654 - [DNT] Blocked Chest Visual
(182273, 0, 0, 262144, 1, 0, 0, 0, 0, 0, '201326'), -- 182273 - Permanent Feign Death (Spawn, Untrackable, No Stun)
(183948, 0, 0, 0, 1, 0, 0, 0, 0, 0, '363550'), -- 183948 - Console 01 Activated
(182260, 0, 0, 50331648, 1, 0, 0, 0, 0, 0, '258247'), -- 182260 (Proto Avian Fledgling) - Perched
(182271, 0, 0, 262144, 1, 0, 0, 0, 0, 0, '201326'), -- 182271 - Permanent Feign Death (Spawn, Untrackable, No Stun)
(182272, 0, 0, 0, 1, 0, 0, 0, 0, 0, ''), -- 182272
(182269, 0, 0, 3, 1, 0, 0, 0, 0, 0, ''), -- 182269
(183465, 0, 0, 8, 1, 0, 0, 0, 0, 0, ''), -- 183465 (Alonis)
(184322, 0, 0, 1, 1, 0, 0, 0, 0, 0, ''), -- 184322 (Injured Aspirant)
(177694, 0, 0, 0, 2, 0, 0, 0, 0, 0, ''), -- 177694
(185750, 0, 0, 50331648, 1, 0, 0, 0, 0, 0, ''), -- 185750 (Spell Bunny)
(183961, 0, 0, 0, 1, 0, 0, 0, 0, 0, ''), -- 183961
(181740, 0, 0, 0, 1, 0, 0, 0, 0, 3, ''), -- 181740
(183958, 0, 0, 0, 1, 0, 0, 0, 0, 0, '363588'), -- 183958 - [DNT] Broker X - Maintain Area Trigger for Enter Cave/Area One Liner
(183953, 0, 0, 0, 1, 0, 0, 0, 0, 0, ''), -- 183953
(183971, 0, 0, 0, 1, 0, 0, 0, 0, 0, ''), -- 183971
(178154, 0, 0, 0, 1, 0, 0, 0, 0, 0, ''), -- 178154
(182131, 0, 0, 50331648, 1, 0, 0, 0, 0, 0, '80808'), -- 182131 - Cosmetic - Alpha State 0%
(181369, 0, 0, 50331648, 1, 0, 0, 0, 0, 0, '80808'), -- 181369 - Cosmetic - Alpha State 0%
(181366, 0, 0, 50331648, 1, 0, 0, 0, 0, 0, '80808'), -- 181366 - Cosmetic - Alpha State 0%
(183911, 0, 0, 50331648, 1, 0, 0, 0, 0, 0, '80808'), -- 183911 - Cosmetic - Alpha State 0%
(181558, 0, 0, 0, 1, 0, 0, 0, 0, 0, '359824'), -- 181558 - Cosmetic - State Dead (Animation Kit)
(183270, 0, 0, 0, 1, 0, 0, 0, 0, 0, ''), -- 183270 (Ambystan Snapper)
(181782, 0, 0, 0, 1, 0, 0, 0, 0, 0, ''), -- 181782
(182096, 0, 0, 50331648, 1, 0, 0, 0, 0, 0, ''), -- 182096
(181857, 0, 0, 0, 1, 0, 0, 0, 0, 0, '359815 364875'), -- 181857 - Menacing Aura, True Aura
(181392, 0, 0, 50331648, 1, 0, 0, 0, 0, 0, '80808'), -- 181392 - Cosmetic - Alpha State 0%
(181484, 0, 0, 0, 1, 0, 0, 0, 0, 0, '360066'), -- 181484 - Mawtouched
(181375, 0, 0, 50331648, 1, 0, 0, 0, 0, 0, '80808'), -- 181375 - Cosmetic - Alpha State 0%
(183263, 0, 0, 0, 1, 0, 0, 0, 0, 0, '359850'), -- 183263 - Cosmetic - State Dead (Animation Kit) JIRO
(181359, 0, 0, 0, 1, 0, 0, 0, 0, 0, '360066'), -- 181359 - Mawtouched
(181884, 0, 0, 0, 1, 0, 0, 0, 0, 0, '359815'), -- 181884 - Menacing Aura
(181339, 0, 0, 0, 1, 0, 0, 0, 0, 0, ''), -- 181339
(181330, 0, 0, 50331648, 1, 0, 0, 0, 0, 3, '360066'), -- 181330 - Mawtouched
(181580, 0, 0, 0, 1, 0, 0, 0, 0, 0, '359824'), -- 181580 - Cosmetic - State Dead (Animation Kit)
(181352, 0, 0, 50331648, 1, 0, 0, 0, 0, 0, ''), -- 181352
(182768, 0, 0, 0, 1, 0, 0, 0, 0, 0, ''), -- 182768 (Green Viperid)
(180656, 0, 0, 50331648, 1, 0, 0, 0, 0, 0, '80808'), -- 180656 - Cosmetic - Alpha State 0%
(178099, 0, 0, 1, 1, 0, 0, 0, 0, 0, ''), -- 178099
(183546, 0, 0, 0, 1, 0, 0, 0, 0, 0, ''), -- 183546
(183904, 0, 0, 50331648, 1, 0, 0, 0, 0, 0, '80808'); -- 183904 - Cosmetic - Alpha State 0%

INSERT INTO `creature_template_addon` (`entry`, `path_id`, `mount`, `bytes1`, `bytes2`, `emote`, `aiAnimKit`, `movementAnimKit`, `meleeAnimKit`, `visibilityDistanceType`, `auras`) VALUES
(180654, 0, 0, 50331648, 1, 0, 0, 0, 0, 0, '80808'), -- 180654 - Cosmetic - Alpha State 0%
(180669, 0, 0, 50331648, 1, 0, 0, 0, 0, 0, '80808'), -- 180669 - Cosmetic - Alpha State 0%
(183291, 0, 0, 50331648, 1, 0, 0, 0, 0, 3, ''), -- 183291
(180652, 0, 0, 50331648, 1, 0, 0, 0, 0, 0, '80808'), -- 180652 - Cosmetic - Alpha State 0%
(180655, 0, 0, 50331648, 1, 0, 0, 0, 0, 0, '80808'), -- 180655 - Cosmetic - Alpha State 0%
(178935, 0, 0, 3, 1, 0, 0, 0, 0, 0, ''), -- 178935
(180653, 0, 0, 50331648, 1, 0, 0, 0, 0, 0, '80808'), -- 180653 - Cosmetic - Alpha State 0%
(180641, 0, 0, 50331648, 1, 0, 0, 0, 0, 0, '80808'), -- 180641 - Cosmetic - Alpha State 0%
(183143, 0, 0, 0, 1, 0, 0, 0, 0, 0, ''), -- 183143 (Vombata Pup)
(180948, 0, 0, 0, 1, 0, 0, 0, 0, 0, ''), -- 180948
(180936, 0, 0, 0, 1, 0, 0, 0, 0, 0, ''), -- 180936 (Rana)
(185702, 0, 0, 3, 1, 0, 0, 0, 0, 0, '96573 96577'), -- 185702 (E'ko) - Pet Sit or Sleep, Sleepy Pet (No Zs)
(181003, 0, 0, 0, 1, 0, 0, 0, 0, 0, ''), -- 181003
(180916, 0, 0, 0, 1, 0, 0, 0, 0, 0, ''), -- 180916
(178093, 0, 0, 0, 1, 0, 0, 0, 0, 0, ''), -- 178093
(187651, 0, 0, 0, 1, 0, 0, 0, 0, 0, ''), -- 187651
(182681, 0, 0, 0, 1, 0, 0, 0, 0, 0, ''), -- 182681
(177486, 0, 0, 0, 1, 0, 0, 0, 0, 0, ''), -- 177486
(182257, 0, 0, 0, 1, 0, 0, 0, 0, 0, ''), -- 182257 (Vilo)
(180052, 0, 0, 50331648, 1, 0, 0, 0, 0, 0, '258247'), -- 180052 - Perched
(178016, 0, 0, 0, 1, 0, 0, 0, 0, 0, ''), -- 178016
(182769, 0, 0, 0, 1, 0, 0, 0, 0, 0, ''), -- 182769 (Green Viperid)
(181183, 0, 0, 0, 1, 0, 0, 0, 0, 0, ''), -- 181183 (Highlord Bolvar Fordragon)
(180956, 0, 0, 0, 1, 0, 0, 0, 0, 0, ''), -- 180956
(184934, 0, 0, 0, 1, 0, 0, 0, 0, 0, ''), -- 184934
(183677, 0, 0, 0, 1, 0, 0, 0, 0, 0, ''), -- 183677 (Uther the Lightbringer)
(180927, 0, 0, 0, 1, 0, 0, 0, 0, 0, '359151'), -- 180927 (Custodian Taj) - [DNT] Send Event
(180926, 0, 0, 0, 1, 0, 0, 0, 0, 0, ''), -- 180926 (Custodian Kalir)
(178895, 0, 0, 0, 1, 0, 0, 0, 0, 0, ''), -- 178895
(182234, 0, 0, 0, 1, 0, 0, 0, 0, 0, ''), -- 182234 (Timid Leporid)
(180931, 0, 0, 1, 1, 0, 0, 0, 0, 0, '96573'), -- 180931 (E'mewy) - Pet Sit or Sleep
(185713, 0, 0, 0, 1, 0, 0, 0, 0, 0, ''), -- 185713 (Hadja)
(183146, 0, 0, 0, 1, 0, 0, 0, 0, 0, ''), -- 183146
(182245, 0, 0, 0, 1, 0, 0, 0, 0, 0, ''), -- 182245 (Timid Leporid)
(178015, 0, 0, 0, 1, 0, 0, 0, 0, 0, ''), -- 178015
(172538, 0, 0, 50331648, 1, 0, 0, 0, 0, 0, '365922'), -- 172538 - [DNT] Flight Orb Visual
(178936, 0, 0, 0, 1, 0, 0, 0, 0, 0, ''), -- 178936
(180933, 0, 0, 3, 1, 0, 0, 0, 0, 0, '96573 96577'), -- 180933 (E'vaan) - Pet Sit or Sleep, Sleepy Pet (No Zs)
(183903, 0, 0, 50331648, 1, 0, 0, 0, 0, 0, '80808'), -- 183903 - Cosmetic - Alpha State 0%
(180918, 0, 0, 0, 1, 0, 0, 0, 0, 0, ''), -- 180918
(181006, 0, 0, 0, 1, 0, 0, 0, 0, 0, '150092'), -- 181006 - Permanent Feign Death (Sleep Anim Kit + Stun) (No Movement)
(180923, 0, 0, 0, 1, 0, 0, 0, 0, 0, ''), -- 180923
(180950, 0, 0, 1, 1, 0, 0, 0, 0, 0, ''), -- 180950 (Avna)
(185807, 0, 0, 0, 1, 0, 0, 0, 0, 0, '80808'), -- 185807 - Cosmetic - Alpha State 0%
(184241, 0, 0, 0, 1, 0, 0, 0, 0, 0, ''), -- 184241
(180961, 0, 0, 1, 1, 0, 0, 0, 0, 0, '61854'), -- 180961 (Bud) - Pet Sit
(177476, 0, 0, 0, 1, 0, 0, 0, 0, 0, ''), -- 177476 (Enlightened Guardian)
(180920, 0, 0, 0, 1, 0, 0, 0, 0, 0, ''), -- 180920 (Siloh)
(184487, 0, 0, 0, 1, 0, 0, 0, 0, 0, ''), -- 184487 (E'rnee)
(184486, 0, 0, 0, 1, 0, 0, 0, 0, 0, ''), -- 184486 (Tamra)
(180715, 0, 0, 0, 1, 0, 0, 0, 0, 0, ''), -- 180715
(178098, 0, 0, 0, 1, 0, 0, 0, 0, 0, ''), -- 178098
(182218, 0, 0, 0, 1, 0, 0, 0, 0, 0, ''), -- 182218 (Vicious Leporid)
(177432, 0, 0, 0, 1, 0, 0, 0, 0, 0, ''), -- 177432 (Enlightened Pilgrim)
(178909, 0, 0, 0, 1, 0, 0, 0, 0, 0, ''), -- 178909
(178196, 0, 0, 3, 1, 0, 0, 0, 0, 0, '125567'), -- 178196 (Docile Vombata) - Cosmetic - Sleep Zzz - Small Zs
(185291, 0, 0, 50331648, 1, 0, 0, 0, 0, 0, '258247'), -- 185291 - Perched
(178913, 0, 0, 0, 1, 0, 0, 0, 0, 0, ''), -- 178913
(185282, 0, 0, 7, 1, 0, 0, 0, 0, 0, '366705'), -- 185282 - Cosmetic - State Dead - Conditioned Vis
(55455, 0, 0, 50331648, 1, 0, 0, 0, 0, 0, '360369'), -- 55455 - [DNT] Site Vo Lock Visual
(185285, 0, 0, 0, 1, 0, 0, 0, 0, 0, '368185'), -- 185285 - [DNT] Conditioned Vis
(185488, 0, 0, 0, 1, 0, 0, 0, 0, 0, ''), -- 185488
(182113, 0, 0, 50331648, 1, 0, 0, 0, 0, 0, '80808'), -- 182113 - Cosmetic - Alpha State 0%
(183963, 0, 0, 0, 1, 0, 0, 0, 0, 4, ''), -- 183963
(181362, 0, 0, 0, 1, 0, 0, 0, 0, 0, ''), -- 181362 (Bufonid Croaker)
(180650, 0, 0, 50331648, 1, 0, 0, 0, 0, 4, '80808'), -- 180650 - Cosmetic - Alpha State 0%
(178094, 0, 0, 50331648, 1, 0, 0, 0, 0, 0, '258247'), -- 178094 - Perched
(182116, 0, 0, 50331648, 1, 0, 0, 0, 0, 0, '80808'), -- 182116 - Cosmetic - Alpha State 0%
(181490, 0, 0, 262144, 1, 0, 0, 0, 0, 0, '366923 360027'), -- 181490 - Permanent Feign Death (Sleeping), Infused Core
(184071, 0, 0, 0, 1, 0, 0, 0, 0, 0, ''), -- 184071
(185457, 0, 0, 50331648, 1, 0, 0, 0, 0, 0, ''), -- 185457
(183378, 0, 0, 0, 1, 0, 0, 0, 0, 0, ''), -- 183378
(181361, 0, 0, 0, 1, 0, 0, 0, 0, 0, ''), -- 181361 (Bufonid Croaker)
(175217, 0, 0, 0, 1, 0, 0, 0, 0, 0, ''), -- 175217
(181681, 0, 0, 0, 1, 0, 0, 0, 0, 0, ''), -- 181681
(175218, 0, 0, 50331648, 1, 0, 0, 0, 0, 0, ''), -- 175218
(156672, 0, 0, 0, 1, 0, 0, 0, 0, 0, ''), -- 156672
(176137, 0, 0, 0, 1, 0, 0, 0, 0, 0, ''), -- 176137
(176146, 0, 0, 0, 1, 0, 0, 0, 0, 0, ''), -- 176146
(156669, 0, 0, 0, 1, 0, 0, 0, 0, 0, ''), -- 156669
(174564, 0, 0, 0, 1, 0, 0, 0, 0, 0, ''), -- 174564
(175066, 0, 0, 0, 1, 0, 0, 0, 0, 0, ''), -- 175066
(156667, 0, 0, 0, 1, 0, 0, 0, 0, 0, ''), -- 156667
(171822, 0, 0, 0, 257, 0, 0, 0, 0, 0, ''), -- 171822
(165379, 0, 0, 0, 1, 0, 6214, 0, 0, 0, '338341'), -- 165379 - Hold Book
(168353, 0, 0, 0, 1, 0, 0, 0, 0, 0, ''), -- 168353
(164367, 0, 0, 0, 1, 0, 0, 0, 0, 0, ''), -- 164367
(175207, 0, 0, 0, 1, 0, 21543, 0, 0, 0, ''), -- 175207
(164368, 0, 0, 0, 1, 0, 0, 0, 0, 0, ''), -- 164368
(156479, 0, 0, 0, 0, 0, 0, 0, 0, 0, ''), -- 156479
(156696, 0, 0, 0, 1, 0, 0, 0, 0, 0, ''), -- 156696
(156690, 0, 0, 0, 1, 0, 0, 0, 0, 0, ''), -- 156690
(156666, 0, 0, 0, 1, 0, 0, 0, 0, 0, ''), -- 156666
(156671, 0, 0, 0, 1, 0, 0, 0, 0, 0, ''), -- 156671
(175042, 0, 0, 0, 1, 0, 0, 0, 0, 0, ''), -- 175042
(156683, 0, 0, 0, 1, 0, 0, 0, 0, 0, ''), -- 156683
(156694, 0, 0, 0, 1, 0, 0, 0, 0, 0, ''), -- 156694
(175035, 0, 0, 0, 1, 0, 0, 0, 0, 0, ''), -- 175035
(184055, 0, 0, 50331648, 1, 0, 0, 0, 0, 0, ''), -- 184055
(156681, 0, 0, 0, 1, 0, 0, 0, 0, 0, ''), -- 156681
(158637, 0, 0, 0, 1, 0, 0, 0, 0, 0, '46598'), -- 158637 - Ride Vehicle Hardcoded
(173351, 0, 0, 0, 1, 0, 0, 0, 0, 0, ''), -- 173351
(162928, 0, 0, 0, 1, 0, 0, 0, 0, 0, ''), -- 162928
(185576, 0, 0, 0, 1, 0, 0, 0, 0, 0, ''), -- 185576
(165657, 0, 0, 0, 1, 0, 0, 0, 0, 0, ''), -- 165657
(156734, 0, 0, 0, 1, 0, 0, 0, 0, 0, ''), -- 156734
(175222, 0, 0, 50331648, 1, 0, 0, 0, 0, 0, ''), -- 175222
(167738, 0, 0, 0, 1, 0, 0, 0, 0, 0, ''), -- 167738
(170256, 0, 0, 0, 1, 0, 0, 0, 0, 0, ''), -- 170256
(162929, 0, 0, 0, 1, 0, 0, 0, 0, 0, ''), -- 162929
(156668, 0, 0, 0, 1, 0, 0, 0, 0, 0, ''), -- 156668
(165654, 0, 0, 0, 1, 0, 0, 0, 0, 0, ''), -- 165654
(164078, 0, 0, 0, 1, 0, 0, 0, 0, 0, ''), -- 164078
(156777, 0, 0, 0, 1, 0, 0, 0, 0, 0, ''), -- 156777
(170310, 0, 0, 0, 1, 0, 0, 0, 0, 0, ''), -- 170310
(175080, 0, 0, 0, 1, 0, 0, 0, 0, 0, ''), -- 175080
(164596, 0, 0, 0, 1, 0, 0, 0, 0, 0, ''), -- 164596
(175083, 0, 0, 0, 1, 0, 0, 0, 0, 0, ''), -- 175083
(173367, 0, 0, 0, 1, 0, 0, 0, 0, 0, ''), -- 173367
(164685, 0, 0, 0, 1, 0, 0, 0, 0, 0, ''), -- 164685
(174922, 0, 0, 0, 1, 0, 0, 0, 0, 0, ''), -- 174922
(156685, 0, 0, 0, 1, 0, 0, 0, 0, 0, ''), -- 156685
(55370, 0, 0, 50331648, 1, 0, 0, 0, 0, 0, ''), -- 55370
(171795, 0, 0, 0, 1, 0, 0, 0, 0, 0, ''), -- 171795 (Lady Moonberry)
(164079, 0, 0, 0, 256, 0, 0, 0, 0, 0, '370859'), -- 164079 (Highlord Bolvar Fordragon) - 370859
(187734, 0, 0, 0, 1, 0, 0, 0, 0, 0, '80808'), -- 187734 - Cosmetic - Alpha State 0%
(156691, 0, 0, 0, 1, 0, 0, 0, 0, 0, ''), -- 156691
(156689, 0, 0, 0, 1, 0, 0, 0, 0, 0, ''), -- 156689
(156692, 0, 0, 0, 1, 0, 0, 0, 0, 0, ''), -- 156692
(164095, 0, 0, 0, 1, 0, 0, 0, 0, 0, ''), -- 164095
(168011, 0, 0, 0, 0, 0, 0, 0, 0, 0, ''), -- 168011
(175020, 0, 0, 0, 1, 0, 0, 0, 0, 0, ''), -- 175020
(171299, 0, 0, 0, 1, 0, 0, 0, 0, 0, ''), -- 171299
(175081, 0, 0, 0, 1, 0, 0, 0, 0, 0, ''), -- 175081 (Necrolord Commander)
(171796, 0, 0, 0, 257, 0, 0, 0, 0, 0, ''), -- 171796
(173571, 0, 0, 50331648, 1, 0, 0, 0, 0, 0, '339778'), -- 173571 - Holographic Projection
(156670, 0, 0, 0, 1, 0, 0, 0, 0, 0, ''), -- 156670
(172702, 0, 0, 0, 1, 0, 0, 0, 0, 0, ''), -- 172702
(164736, 0, 0, 0, 1, 0, 0, 0, 0, 0, ''), -- 164736
(178792, 0, 0, 0, 1, 0, 0, 0, 0, 0, ''), -- 178792
(175087, 0, 0, 0, 1, 0, 0, 0, 0, 0, ''), -- 175087
(54638, 0, 0, 50331648, 1, 0, 0, 0, 0, 0, ''), -- 54638
(173330, 0, 0, 0, 1, 0, 0, 0, 0, 0, ''), -- 173330
(175018, 0, 0, 0, 1, 0, 0, 0, 0, 0, ''), -- 175018
(175017, 0, 0, 0, 1, 0, 0, 0, 0, 0, ''), -- 175017
(175082, 0, 0, 0, 1, 0, 0, 0, 0, 0, ''), -- 175082
(164277, 0, 0, 0, 1, 0, 0, 0, 0, 0, ''), -- 164277
(164803, 0, 0, 0, 1, 0, 0, 0, 0, 0, '353615'), -- 164803 - Guard Stand 2/Ready 2HL
(176545, 0, 0, 50331648, 1, 0, 0, 0, 0, 4, ''), -- 176545
(167591, 0, 0, 50331648, 1, 0, 0, 0, 0, 0, ''), -- 167591
(173300, 0, 0, 0, 1, 0, 21535, 0, 0, 0, ''), -- 173300
(175019, 0, 0, 0, 1, 0, 0, 0, 0, 0, ''), -- 175019
(175016, 0, 0, 0, 1, 0, 0, 0, 0, 0, ''), -- 175016
(170607, 0, 0, 0, 1, 0, 0, 0, 0, 0, ''), -- 170607
(159478, 0, 0, 0, 257, 0, 0, 0, 0, 3, '366961'), -- 159478 - RP Chat Bubble on Tal-Inara
(114665, 0, 0, 0, 1, 0, 0, 0, 0, 0, ''), -- 114665
(173302, 0, 0, 0, 1, 0, 1583, 0, 0, 0, ''), -- 173302
(62822, 0, 0, 0, 1, 0, 0, 0, 0, 0, '122729 123240'), -- 62822 - Grand Expedition Yak, Grummle Booth B
(62821, 0, 0, 0, 1, 0, 0, 0, 0, 0, '122729 123236'), -- 62821 - Grand Expedition Yak, Grummle Booth A
(175213, 0, 0, 0, 1, 0, 0, 0, 0, 0, ''), -- 175213
(32642, 0, 0, 0, 1, 0, 0, 0, 0, 0, '61424'), -- 32642 - Traveler's Tundra Mammoth
(32641, 0, 0, 0, 1, 0, 0, 0, 0, 0, '61424'), -- 32641 - Traveler's Tundra Mammoth
(173305, 0, 0, 0, 1, 0, 6214, 0, 0, 0, ''), -- 173305
(162896, 0, 0, 0, 1, 0, 0, 0, 0, 0, ''), -- 162896
(173304, 0, 0, 0, 1, 0, 0, 0, 0, 0, ''), -- 173304
(162666, 0, 0, 0, 1, 0, 0, 0, 0, 4, ''), -- 162666 (Pathscribe Roh-Avonavi)
(156504, 0, 0, 0, 1, 0, 0, 0, 0, 0, ''), -- 156504
(173118, 0, 0, 0, 1, 0, 6214, 0, 0, 0, ''), -- 173118
(175211, 0, 0, 50331648, 1, 0, 0, 0, 0, 0, ''), -- 175211
(175210, 0, 0, 0, 1, 0, 0, 0, 0, 0, ''), -- 175210
(175209, 0, 0, 0, 1, 0, 0, 0, 0, 0, ''), -- 175209
(175214, 0, 0, 50331648, 1, 0, 0, 0, 0, 0, ''), -- 175214
(175212, 0, 0, 50331648, 1, 0, 0, 0, 0, 0, ''), -- 175212
(121541, 0, 0, 0, 1, 0, 0, 0, 0, 0, ''), -- 121541 (Ban-Lu)
(173301, 0, 0, 0, 1, 0, 0, 0, 0, 0, ''), -- 173301
(164123, 0, 0, 50331648, 1, 0, 0, 0, 0, 0, ''), -- 164123
(162918, 0, 0, 0, 1, 0, 0, 0, 0, 0, ''), -- 162918
(175216, 0, 0, 0, 1, 0, 0, 0, 0, 0, ''), -- 175216
(166061, 0, 0, 33554432, 1, 0, 0, 0, 0, 3, ''), -- 166061
(170557, 0, 0, 0, 1, 0, 0, 0, 0, 0, ''), -- 170557
(156698, 0, 0, 0, 1, 0, 0, 0, 0, 4, '353615'), -- 156698 - Guard Stand 2/Ready 2HL
(170640, 0, 0, 0, 1, 0, 0, 0, 0, 0, ''), -- 170640
(176332, 0, 0, 0, 0, 0, 0, 0, 0, 0, ''), -- 176332 (Knight of the Ebon Blade)
(156687, 0, 0, 0, 1, 0, 0, 0, 0, 0, ''), -- 156687
(156686, 0, 0, 0, 1, 0, 0, 0, 0, 0, ''), -- 156686
(171787, 0, 0, 0, 0, 0, 0, 0, 0, 0, ''), -- 171787
(156733, 0, 0, 0, 1, 0, 0, 0, 0, 0, ''), -- 156733
(156732, 0, 0, 0, 1, 0, 0, 0, 0, 0, ''), -- 156732
(173327, 0, 0, 0, 1, 0, 0, 0, 0, 0, ''), -- 173327
(164096, 0, 0, 0, 1, 0, 0, 0, 0, 0, ''), -- 164096
(171790, 0, 0, 0, 1, 0, 0, 0, 0, 0, '320704'); -- 171790 - Anima Resource


DELETE FROM `creature_template_scaling` WHERE (`DifficultyID`=0 AND `Entry` IN (183326,181944,181116,178560,183445,181879,183324,183968,183566,181942,181946,145146,181943,184946,178558,182136,183430,184945,15086,15107,92870,150748,150740,150734,150724,144568,144572,144554,149715,182437,182438,182318,181657,181625,181418,178340,182426,181407,181412,182473,178346,181406,178345,181403,181385,182392,182430,181064,184471,181685,182759,181186,181061,181044,183190,184472,181687,184002,180706,183323,180742,181051,183641,185286,181197,183441,181990,182044,181408,182040,182474,182373,185266,185059,185061,185060,181870,185054,185051,185053,185052,184767,182758,181838,183468,181837,181834,181862,181905,185065,185055,185063,185062,185064,185058,185057,185056,178134,178135,183298,181084,185090,182692,181839,182569,181119,185587,184423,181179,181172,180748,180630,181556,182458,178155,182568,182146,184406,182135,185543,185609,185190,184235,182876,185755,181086,185511,178238,182877,183969,178158,178159,183970,184172,179007,180930,179039,182360,185149,184941,182115,185104,185150,185151,181586,185688,184939,179004,182616,185541,181077,15072,15064,15071,13117,15075,150718,15087,15108,15089,61366,4075,15046,150730,144566,149753,154033,150744,150738,150736,154028,144580,150728,150732,144536,144529,144519,144574,149719,149718,149755,149759,150622,149760,150655,14848,150705,150505,150501,149785,149793,149721,149792,150717,149795,149787,149794,149786,185544,179539,183952,183950,72587,185267,179939,185270,178096,183951,183998,72654,182273,183948,182260,182271,182272,182269,183465,184322,177694,185750,183961,181740,183958,183953,183971,178154,182131,181369,181366,183911,181558,183270,181782,182096,181857,181392,181484,181375,183263,181359,181884,181339,181330,181580,181352,182768,180656,178099,183546,183904,180654,180669,183291,180652,180655,178935,180653,180641,183143,180948,180936,185702,181003,180916,178093,182681,177486,182257,180052,178016,182769,181183,180956,184934,183677,180927,180926,178895,182234,180931,185713,183146,182245,178015,172538,178936,180933,183903,180918,181006,180923,180950,185807,184241,180961,177476,180920,184487,184486,180715,178098,182218,177432,178909,178196,185291,178913,185282,55455,185285,185488,182113,183963,181362,180650,178094,182116,181490,184071,185457,183378,181361,175217,181681,175218,156672,176137,176146,156669,174564,175066,156667,171822,165379,168353,164367,175207,164368,156479,156696,156690,156666,156671,175042,156683,156694,175035,184055,156681,158637,173351,162928,185576,165657,156734,175222,167738,170256,162929,156668,165654,164078,156777,170310,175080,164596,175083,173367,164685,174922,156685,55370,171795,164079,187734,156691,156689,156692,164095,168011,175020,171299,175081,171796,173571,156670,172702,164736,178792,175087,54638,173330,175018,175017,175082,164277,164803,176545,167591,173300,175019,175016,170607,159478,114665,173302,62822,62821,175213,32642,32641,173305,162896,173304,162666,156504,173118,175211,175210,175209,175214,175212,121541,173301,164123,162918,175216,166061,170557,156698,170640,176332,156687,156686,171787,156733,156732,173327,164096,171790));
INSERT INTO `creature_template_scaling` (`Entry`, `DifficultyID`, `LevelScalingDeltaMin`, `LevelScalingDeltaMax`, `ContentTuningID`, `VerifiedBuild`) VALUES
(183326, 0, 0, 0, 2057, 44325),
(181944, 0, 0, 0, 2057, 44325),
(181116, 0, 0, 0, 2057, 44325),
(178560, 0, 0, 0, 2057, 44325),
(183445, 0, 0, 0, 2057, 44325),
(181879, 0, 0, 0, 2057, 44325),
(183324, 0, 0, 0, 2057, 44325),
(183968, 0, 0, 0, 2057, 44325),
(183566, 0, 0, 0, 2057, 44325),
(181942, 0, 0, 0, 2057, 44325),
(181946, 0, 0, 0, 2057, 44325),
(145146, 0, 0, 0, 830, 44325),
(181943, 0, 0, 0, 2057, 44325),
(184946, 0, 0, 0, 2057, 44325),
(178558, 0, 0, 0, 2057, 44325),
(182136, 0, 0, 0, 2057, 44325),
(183430, 0, 0, 0, 2057, 44325),
(184945, 0, 0, 0, 2057, 44325),
(15086, 0, 0, 0, 846, 44325),
(15107, 0, 0, 0, 81, 44325),
(92870, 0, 0, 0, 642, 44325),
(150748, 0, 0, 0, 715, 44325),
(150740, 0, 0, 0, 715, 44325),
(150734, 0, 0, 0, 715, 44325),
(150724, 0, 0, 0, 715, 44325),
(144568, 0, 0, 0, 715, 44325),
(144572, 0, 0, 0, 715, 44325),
(144554, 0, 0, 0, 715, 44325),
(149715, 0, 0, 0, 715, 44325),
(182437, 0, 0, 0, 371, 44325),
(182438, 0, 0, 0, 371, 44325),
(182318, 0, 0, 0, 2169, 44325),
(181657, 0, 1, 1, 2057, 44325),
(181625, 0, 0, 0, 2169, 44325),
(181418, 0, 0, 0, 2057, 44325),
(178340, 0, 0, 0, 2057, 44325),
(182426, 0, 0, 0, 2169, 44325),
(181407, 0, 0, 0, 2169, 44325),
(181412, 0, 0, 0, 2169, 44325),
(182473, 0, 0, 0, 371, 44325),
(178346, 0, 0, 0, 2057, 44325),
(181406, 0, 0, 0, 2169, 44325),
(178345, 0, 0, 0, 2057, 44325),
(181403, 0, 0, 0, 2169, 44325),
(181385, 0, 0, 0, 2057, 44325),
(182392, 0, 0, 0, 2169, 44325),
(182430, 0, 0, 0, 2169, 44325),
(181064, 0, 0, 0, 2169, 44325),
(184471, 0, 1, 1, 2057, 44325),
(181685, 0, 0, 0, 2170, 44325),
(182759, 0, 0, 0, 371, 44325),
(181186, 0, 0, 0, 2169, 44325),
(181061, 0, 0, 0, 2169, 44325),
(181044, 0, 0, 0, 2169, 44325),
(183190, 0, 0, 0, 2057, 44325),
(184472, 0, 0, 0, 2057, 44325),
(181687, 0, 0, 0, 2170, 44325),
(184002, 0, 0, 0, 2169, 44325),
(180706, 0, 0, 0, 2057, 44325),
(183323, 0, 0, 0, 2057, 44325),
(180742, 0, 0, 0, 2057, 44325),
(181051, 0, 0, 0, 2057, 44325),
(183641, 0, 0, 0, 2057, 44325),
(185286, 0, 0, 0, 2057, 44325),
(181197, 0, 0, 0, 2057, 44325),
(183441, 0, 0, 0, 2057, 44325),
(181990, 0, 0, 0, 2057, 44325),
(182044, 0, 0, 0, 2057, 44325),
(181408, 0, 0, 0, 2169, 44325),
(182040, 0, 0, 0, 2057, 44325),
(182474, 0, 0, 0, 371, 44325),
(182373, 0, 0, 0, 2057, 44325),
(185266, 0, 0, 0, 2057, 44325),
(185059, 0, 0, 0, 2057, 44325),
(185061, 0, 0, 0, 2057, 44325),
(185060, 0, 0, 0, 2057, 44325),
(181870, 0, 0, 0, 2057, 44325),
(185054, 0, 0, 0, 2057, 44325),
(185051, 0, 0, 0, 2057, 44325),
(185053, 0, 0, 0, 2057, 44325),
(185052, 0, 0, 0, 2057, 44325),
(184767, 0, 0, 0, 2169, 44325),
(182758, 0, 0, 0, 371, 44325),
(181838, 0, 0, 0, 2057, 44325),
(183468, 0, 0, 0, 2057, 44325),
(181837, 0, 0, 0, 2057, 44325),
(181834, 0, 0, 0, 2057, 44325),
(181862, 0, 0, 0, 2057, 44325),
(181905, 0, 0, 0, 2057, 44325),
(185065, 0, 0, 0, 2057, 44325),
(185055, 0, 0, 0, 2057, 44325),
(185063, 0, 0, 0, 2057, 44325),
(185062, 0, 0, 0, 2057, 44325),
(185064, 0, 0, 0, 2057, 44325),
(185058, 0, 0, 0, 2057, 44325),
(185057, 0, 0, 0, 2057, 44325),
(185056, 0, 0, 0, 2057, 44325),
(178134, 0, 0, 0, 2057, 44325),
(178135, 0, 0, 0, 2057, 44325),
(183298, 0, 0, 0, 2057, 44325),
(181084, 0, 0, 0, 2057, 44325),
(185090, 0, 0, 0, 2057, 44325),
(182692, 0, 0, 0, 371, 44325),
(181839, 0, 0, 0, 2057, 44325),
(182569, 0, 0, 0, 371, 44325),
(181119, 0, 0, 0, 2057, 44325),
(185587, 0, 0, 0, 2057, 44325),
(184423, 0, 0, 0, 2057, 44325),
(181179, 0, 0, 0, 2057, 44325),
(181172, 0, 0, 0, 2057, 44325),
(180748, 0, 0, 0, 2057, 44325),
(180630, 0, 0, 0, 2057, 44325),
(181556, 0, 0, 0, 2057, 44325),
(182458, 0, 0, 0, 2057, 44325),
(178155, 0, 0, 0, 2170, 44325),
(182568, 0, 0, 0, 371, 44325),
(182146, 0, 0, 0, 2057, 44325),
(184406, 0, 0, 0, 2057, 44325),
(182135, 0, 0, 0, 2057, 44325),
(185543, 0, 0, 0, 181, 44325),
(185609, 0, 0, 0, 181, 44325),
(185190, 0, 0, 0, 181, 44325),
(184235, 0, 0, 0, 2057, 44325),
(182876, 0, 0, 0, 371, 44325),
(185755, 0, 0, 0, 2057, 44325),
(181086, 0, 0, 0, 2170, 44325),
(185511, 0, 0, 0, 2057, 44325),
(178238, 0, 0, 0, 2170, 44325),
(182877, 0, 0, 0, 371, 44325),
(183969, 0, 0, 0, 2057, 44325),
(178158, 0, 0, 0, 2170, 44325),
(178159, 0, 0, 0, 2170, 44325),
(183970, 0, 0, 0, 2057, 44325),
(184172, 0, 0, 0, 2057, 44325),
(179007, 0, 0, 0, 2057, 44325),
(180930, 0, 0, 0, 2057, 44325),
(179039, 0, 0, 0, 81, 44325),
(182360, 0, 0, 0, 2057, 44325),
(185149, 0, 0, 0, 2057, 44325),
(184941, 0, 0, 0, 2057, 44325),
(182115, 0, 0, 0, 2057, 44325),
(185104, 0, 0, 0, 2057, 44325),
(185150, 0, 0, 0, 2057, 44325),
(185151, 0, 0, 0, 2057, 44325),
(181586, 0, 0, 0, 2057, 44325),
(185688, 0, 0, 0, 2057, 44325),
(184939, 0, 0, 0, 2057, 44325),
(179004, 0, 0, 0, 2170, 44325),
(182616, 0, 0, 0, 2057, 44325),
(185541, 0, 0, 0, 2057, 44325),
(181077, 0, 0, 0, 2057, 44325),
(15072, 0, 0, 0, 846, 44325),
(15064, 0, 0, 0, 846, 44325),
(15071, 0, 4, 4, 846, 44325),
(13117, 0, 0, 0, 982, 44325),
(15075, 0, 0, 0, 846, 44325),
(150718, 0, 0, 0, 715, 44325),
(15087, 0, 0, 0, 846, 44325),
(15108, 0, 0, 0, 872, 44325),
(15089, 0, 0, 0, 846, 44325),
(61366, 0, 0, 0, 371, 44325),
(4075, 0, 0, 0, 81, 44325),
(15046, 0, 0, 0, 846, 44325),
(150730, 0, 0, 0, 715, 44325),
(144566, 0, 0, 0, 715, 44325),
(149753, 0, 0, 0, 715, 44325),
(154033, 0, 0, 0, 715, 44325),
(150744, 0, 0, 0, 715, 44325),
(150738, 0, 0, 0, 715, 44325),
(150736, 0, 0, 0, 715, 44325),
(154028, 0, 0, 0, 715, 44325),
(144580, 0, 0, 0, 715, 44325),
(150728, 0, 0, 0, 715, 44325),
(150732, 0, 0, 0, 715, 44325),
(144536, 0, 0, 0, 715, 44325),
(144529, 0, 0, 0, 715, 44325),
(144519, 0, 0, 0, 715, 44325),
(144574, 0, 0, 0, 715, 44325),
(149719, 0, 0, 0, 846, 44325),
(149718, 0, 0, 0, 846, 44325),
(149755, 0, 0, 0, 846, 44325),
(149759, 0, 0, 0, 846, 44325),
(150622, 0, 0, 0, 846, 44325),
(149760, 0, 0, 0, 830, 44325),
(150655, 0, 0, 0, 846, 44325),
(14848, 0, 0, 0, 663, 44325),
(150705, 0, 0, 0, 715, 44325),
(150505, 0, 0, 0, 846, 44325),
(150501, 0, 0, 0, 846, 44325),
(149785, 0, -1, 1, 464, 44325),
(149793, 0, -1, 0, 464, 44325),
(149721, 0, 0, 0, 846, 44325),
(149792, 0, -1, 0, 464, 44325),
(150717, 0, 0, 0, 715, 44325),
(149795, 0, 0, 0, 81, 44325),
(149787, 0, 0, 0, 464, 44325),
(149794, 0, 0, 0, 81, 44325),
(149786, 0, -1, 0, 464, 44325),
(185544, 0, 0, 0, 2057, 44325),
(179539, 0, 0, 0, 2057, 44325),
(183952, 0, 0, 0, 2057, 44325),
(183950, 0, 0, 0, 2057, 44325),
(72587, 0, 0, 0, 181, 44325),
(185267, 0, 0, 0, 2057, 44325),
(179939, 0, 0, 0, 2057, 44325),
(185270, 0, 0, 0, 2057, 44325),
(178096, 0, 0, 0, 2170, 44325),
(183951, 0, 0, 0, 2057, 44325),
(183998, 0, 0, 0, 2057, 44325),
(72654, 0, 0, 0, 328, 44325),
(182273, 0, 0, 0, 2170, 44325),
(183948, 0, 0, 0, 2057, 44325),
(182260, 0, 0, 0, 371, 44325),
(182271, 0, 0, 0, 2170, 44325),
(182272, 0, 0, 0, 2170, 44325),
(182269, 0, 0, 0, 2170, 44325),
(183465, 0, 0, 0, 2057, 44325),
(184322, 0, 0, 0, 2057, 44325),
(177694, 0, 0, 0, 2057, 44325),
(185750, 0, 0, 0, 2057, 44325),
(183961, 0, 0, 0, 2057, 44325),
(181740, 0, 0, 0, 2057, 44325),
(183958, 0, 0, 0, 2057, 44325),
(183953, 0, 0, 0, 2057, 44325),
(183971, 0, 0, 0, 2057, 44325),
(178154, 0, 0, 0, 2057, 44325),
(182131, 0, 0, 0, 2057, 44325),
(181369, 0, 0, 0, 2057, 44325),
(181366, 0, 0, 0, 2057, 44325),
(183911, 0, 0, 0, 2057, 44325),
(181558, 0, 0, 0, 2057, 44325),
(183270, 0, 0, 0, 371, 44325),
(181782, 0, 0, 0, 2057, 44325),
(182096, 0, 0, 0, 2170, 44325),
(181857, 0, 0, 0, 2057, 44325),
(181392, 0, 0, 0, 2057, 44325),
(181484, 0, 0, 0, 2170, 44325),
(181375, 0, 0, 0, 2057, 44325),
(183263, 0, 0, 0, 2057, 44325),
(181359, 0, 0, 0, 2170, 44325),
(181884, 0, 0, 0, 2057, 44325),
(181339, 0, 0, 0, 2057, 44325),
(181330, 0, 0, 0, 2170, 44325),
(181580, 0, 0, 0, 2057, 44325),
(181352, 0, 0, 0, 2057, 44325),
(182768, 0, 0, 0, 371, 44325),
(180656, 0, 0, 0, 2057, 44325),
(178099, 0, 0, 0, 2170, 44325),
(183546, 0, 0, 0, 2057, 44325),
(183904, 0, 0, 0, 2057, 44325);

INSERT INTO `creature_template_scaling` (`Entry`, `DifficultyID`, `LevelScalingDeltaMin`, `LevelScalingDeltaMax`, `ContentTuningID`, `VerifiedBuild`) VALUES
(180654, 0, 0, 0, 2057, 44325),
(180669, 0, 0, 0, 2057, 44325),
(183291, 0, 0, 0, 2057, 44325),
(180652, 0, 0, 0, 2057, 44325),
(180655, 0, 0, 0, 2057, 44325),
(178935, 0, 0, 0, 2170, 44325),
(180653, 0, 0, 0, 2057, 44325),
(180641, 0, 0, 0, 2057, 44325),
(183143, 0, 0, 0, 371, 44325),
(180948, 0, 0, 0, 2057, 44325),
(180936, 0, 0, 0, 2057, 44325),
(185702, 0, 0, 0, 2057, 44325),
(181003, 0, 0, 0, 2057, 44325),
(180916, 0, 0, 0, 2057, 44325),
(178093, 0, 0, 0, 81, 44325),
(182681, 0, 0, 0, 2057, 44325),
(177486, 0, 0, 0, 2057, 44325),
(182257, 0, 0, 0, 2057, 44325),
(180052, 0, 0, 0, 2057, 44325),
(178016, 0, 0, 0, 2057, 44325),
(182769, 0, 0, 0, 371, 44325),
(181183, 0, 0, 0, 2057, 44325),
(180956, 0, 0, 0, 81, 44325),
(184934, 0, 0, 0, 2057, 44325),
(183677, 0, 0, 0, 2057, 44325),
(180927, 0, 0, 0, 2057, 44325),
(180926, 0, 0, 0, 2057, 44325),
(178895, 0, 0, 0, 2057, 44325),
(182234, 0, 0, 0, 371, 44325),
(180931, 0, 0, 0, 2057, 44325),
(185713, 0, 0, 0, 2057, 44325),
(183146, 0, 0, 0, 2057, 44325),
(182245, 0, 0, 0, 371, 44325),
(178015, 0, 0, 0, 2057, 44325),
(172538, 0, 0, 0, 328, 44325),
(178936, 0, 0, 0, 2170, 44325),
(180933, 0, 0, 0, 2057, 44325),
(183903, 0, 0, 0, 2057, 44325),
(180918, 0, 0, 0, 2057, 44325),
(181006, 0, 0, 0, 2057, 44325),
(180923, 0, 0, 0, 2057, 44325),
(180950, 0, 0, 0, 2057, 44325),
(185807, 0, 0, 0, 2057, 44325),
(184241, 0, 0, 0, 2057, 44325),
(180961, 0, 0, 0, 2057, 44325),
(177476, 0, 0, 0, 2057, 44325),
(180920, 0, 0, 0, 2057, 44325),
(184487, 0, 0, 0, 2057, 44325),
(184486, 0, 0, 0, 2057, 44325),
(180715, 0, 0, 0, 2170, 44325),
(178098, 0, 0, 0, 2170, 44325),
(182218, 0, 0, 0, 371, 44325),
(177432, 0, 0, 0, 2057, 44325),
(178909, 0, 0, 0, 2170, 44325),
(178196, 0, 0, 0, 2057, 44325),
(185291, 0, 0, 0, 2057, 44325),
(178913, 0, 0, 0, 2170, 44325),
(185282, 0, 0, 0, 2057, 44325),
(55455, 0, 2, 2, 328, 44325),
(185285, 0, 0, 0, 2057, 44325),
(185488, 0, 0, 0, 2057, 44325),
(182113, 0, 0, 0, 2057, 44325),
(183963, 0, 0, 0, 2057, 44325),
(181362, 0, 0, 0, 371, 44325),
(180650, 0, 0, 0, 2057, 44325),
(178094, 0, 0, 0, 81, 44325),
(182116, 0, 0, 0, 2057, 44325),
(181490, 0, 0, 0, 2057, 44325),
(184071, 0, 0, 0, 2057, 44325),
(185457, 0, 0, 0, 2057, 44325),
(183378, 0, 0, 0, 371, 44325),
(181361, 0, 0, 0, 81, 44325),
(175217, 0, 0, 0, 807, 44325),
(181681, 0, 0, 0, 783, 44325),
(175218, 0, 0, 0, 807, 44325),
(156672, 0, 0, 0, 783, 44325),
(176137, 0, 0, 0, 783, 44325),
(176146, 0, 0, 0, 783, 44325),
(156669, 0, 0, 0, 783, 44325),
(174564, 0, 0, 0, 783, 44325),
(175066, 0, 0, 0, 2060, 44325),
(156667, 0, 0, 0, 783, 44325),
(171822, 0, 0, 0, 807, 44325),
(165379, 0, 0, 0, 783, 44325),
(168353, 0, 0, 0, 783, 44325),
(164367, 0, 0, 0, 783, 44325),
(175207, 0, 0, 0, 807, 44325),
(164368, 0, 0, 0, 783, 44325),
(156479, 0, 0, 0, 783, 44325),
(156696, 0, 0, 0, 783, 44325),
(156690, 0, 0, 0, 783, 44325),
(156666, 0, 0, 0, 783, 44325),
(156671, 0, 0, 0, 783, 44325),
(175042, 0, 0, 0, 807, 44325),
(156683, 0, 0, 0, 783, 44325),
(156694, 0, 0, 0, 783, 44325),
(175035, 0, 0, 0, 807, 44325),
(184055, 0, 0, 0, 2057, 44325),
(156681, 0, 0, 0, 783, 44325),
(158637, 0, 0, 0, 872, 44325),
(173351, 0, 0, 0, 783, 44325),
(162928, 0, 0, 0, 2060, 44325),
(185576, 0, 0, 0, 709, 44325),
(165657, 0, 0, 0, 783, 44325),
(156734, 0, 0, 0, 783, 44325),
(175222, 0, 0, 0, 807, 44325),
(167738, 0, 0, 0, 807, 44325),
(170256, 0, 0, 0, 2060, 44325),
(162929, 0, 0, 0, 783, 44325),
(156668, 0, 0, 0, 783, 44325),
(165654, 0, 3, 3, 746, 44325),
(164078, 0, 0, 0, 746, 44325),
(156777, 0, 0, 0, 783, 44325),
(170310, 0, 0, 0, 2060, 44325),
(175080, 0, 0, 0, 783, 44325),
(164596, 0, 0, 0, 783, 44325),
(175083, 0, 0, 0, 807, 44325),
(173367, 0, 0, 0, 783, 44325),
(164685, 0, 0, 0, 783, 44325),
(174922, 0, 0, 0, 783, 44325),
(156685, 0, 0, 0, 783, 44325),
(55370, 0, 0, 0, 328, 44325),
(171795, 0, 3, 3, 837, 44325),
(164079, 0, 0, 0, 837, 44325),
(187734, 0, 0, 0, 2057, 44325),
(156691, 0, 0, 0, 783, 44325),
(156689, 0, 0, 0, 783, 44325),
(156692, 0, 0, 0, 783, 44325),
(164095, 0, 0, 0, 783, 44325),
(168011, 0, 0, 0, 807, 44325),
(175020, 0, 0, 0, 807, 44325),
(171299, 0, 0, 0, 783, 44325),
(175081, 0, 0, 0, 807, 44325),
(171796, 0, 0, 0, 807, 44325),
(173571, 0, 0, 0, 783, 44325),
(156670, 0, 0, 0, 783, 44325),
(172702, 0, 0, 0, 783, 44325),
(164736, 0, 0, 0, 783, 44325),
(178792, 0, 0, 0, 2043, 44325),
(175087, 0, 0, 0, 807, 44325),
(54638, 0, 0, 0, 181, 44325),
(173330, 0, 0, 0, 783, 44325),
(175018, 0, 0, 0, 807, 44325),
(175017, 0, 0, 0, 1291, 44325),
(175082, 0, 0, 0, 807, 44325),
(164277, 0, 0, 0, 744, 44325),
(164803, 0, 0, 0, 783, 44325),
(176545, 0, 0, 0, 807, 44325),
(167591, 0, 0, 0, 807, 44325),
(173300, 0, 0, 0, 783, 44325),
(175019, 0, 0, 0, 807, 44325),
(175016, 0, 0, 0, 1314, 44325),
(170607, 0, 0, 0, 783, 44325),
(159478, 0, 0, 0, 837, 44325),
(114665, 0, 0, 0, 982, 44325),
(173302, 0, 0, 0, 783, 44325),
(62822, 0, 0, 0, 872, 44325),
(62821, 0, 0, 0, 872, 44325),
(175213, 0, 0, 0, 2060, 44325),
(32642, 0, 0, 0, 872, 44325),
(32641, 0, 0, 0, 872, 44325),
(173305, 0, 0, 0, 783, 44325),
(162896, 0, 0, 0, 783, 44325),
(173304, 0, 0, 0, 783, 44325),
(162666, 0, 0, 0, 2060, 44325),
(156504, 0, 0, 0, 783, 44325),
(173118, 0, 0, 0, 783, 44325),
(175211, 0, 0, 0, 807, 44325),
(175210, 0, 0, 0, 807, 44325),
(175209, 0, 0, 0, 2060, 44325),
(175214, 0, 0, 0, 807, 44325),
(175212, 0, 0, 0, 807, 44325),
(121541, 0, 0, 0, 336, 44325),
(173301, 0, 0, 0, 783, 44325),
(164123, 0, 0, 0, 783, 44325),
(162918, 0, 0, 0, 783, 44325),
(175216, 0, 0, 0, 807, 44325),
(166061, 0, 0, 0, 783, 44325),
(170557, 0, 0, 0, 783, 44325),
(156698, 0, 0, 0, 783, 44325),
(170640, 0, 0, 0, 1400, 44325),
(176332, 0, 0, 0, 783, 44325),
(156687, 0, 0, 0, 783, 44325),
(156686, 0, 0, 0, 783, 44325),
(171787, 0, 0, 0, 837, 44325),
(156733, 0, 0, 0, 783, 44325),
(156732, 0, 0, 0, 783, 44325),
(173327, 0, 0, 0, 783, 44325),
(164096, 0, 0, 0, 783, 44325),
(171790, 0, 0, 0, 743, 44325);


DELETE FROM `creature_model_info` WHERE `DisplayID` IN (101924, 98823, 101922, 101919, 98788, 98822, 98804, 105409, 98821, 104710, 98851, 98850, 101906, 10672, 90448, 90471, 90474, 238, 90473, 229, 27710, 91427, 91432, 91438, 91440, 91428, 91421, 91424, 104016, 104059, 104015, 100980, 103110, 103099, 104914, 98793, 105330, 98547, 102159, 101907, 104063, 98548, 98527, 100371, 101905, 101971, 95166, 92411, 92412, 96827, 98853, 92410, 92418, 92416, 105156, 104709, 103095, 92413, 104882, 95749, 98796, 92417, 104585, 100129, 102863, 96828, 102866, 104062, 98795, 101909, 101998, 102611, 102641, 52334, 102612, 98791, 101849, 102577, 101993, 98798, 22452, 105238, 104584, 101884, 100375, 104869, 101911, 101970, 105142, 98852, 104586, 105246, 103256, 104583, 100558, 104969, 101992, 105488, 101994, 101903, 101991, 103102, 98830, 105486, 103103, 98861, 105008, 101228, 104884, 104064, 104885, 98824, 100374, 101996, 105557, 105130, 15181, 90449, 90450, 90447, 5556, 13338, 90467, 90470, 90469, 90468, 90857, 90462, 10670, 90478, 90476, 10671, 90459, 90461, 90460, 90458, 1418, 90456, 90457, 1141, 2176, 90455, 91433, 91431, 91410, 91967, 91422, 90961, 91414, 91958, 91976, 91430, 29407, 91435, 91426, 91439, 91970, 52606, 90480, 90494, 90495, 90820, 90831, 13069, 90853, 40713, 26869, 328, 58380, 19242, 6302, 180, 45092, 33649, 90481, 35201, 90856, 40716, 70442, 4626, 1103, 100849, 105020, 102146, 103134, 102362, 105558, 100381, 104911, 95158, 99248, 100850, 101005, 100888, 105149, 100894, 101972, 74230, 98846, 92779, 104910, 100128, 98826, 98977, 100448, 100449, 100987, 98976, 98978, 98825, 100120, 105006, 98866, 98833, 98854, 17200, 98974, 100976, 105627, 98973, 104967, 104965, 105237, 103087, 98508, 101478, 100380, 105234, 100731, 92398, 104014, 104867, 101775, 98829, 98828, 104562, 101990, 105239, 100994, 105509, 102043, 100733, 105243, 98895, 98506, 100377, 100675, 100379, 104868, 98818, 104964, 98509, 105245, 98968, 101048, 105460, 105459, 98077, 101214, 100732, 101215, 105236, 100453, 103135, 104973, 105241, 104896, 100378, 105242, 98837, 100993, 101986, 100995, 98838, 105286, 105126, 104860, 103751, 98816, 101783, 101984, 101054, 61527, 101985, 103756, 93600, 96422, 97006, 94611, 1544, 100187, 95948, 99050, 93598, 93594, 95529, 96584, 96748, 96714, 93574, 93592, 105361, 96510, 96331, 93578, 101418, 95843, 94491, 19283, 96086, 96591, 96330, 97879, 96642, 95253, 94614, 94286, 95194, 104818, 93584, 96332, 93586, 93593, 96281, 93232, 97650, 98697, 94665, 96325, 95252, 24103, 93597, 93951, 96326, 96744, 11686, 96637, 94613, 94586, 96196, 86964, 97029, 97347, 97424, 94449, 96329, 98220, 93590, 97425, 96587, 98194, 73366, 42722, 42720, 28118, 28120, 94471, 93588, 94655, 97649, 96624, 92385, 93580, 95286, 95511, 95464, 99478, 27823, 97651, 94021, 96625, 95660, 27153, 96328, 93579, 93599, 94141, 93589, 96614, 93596, 92191);
INSERT INTO `creature_model_info` (`DisplayID`, `BoundingRadius`, `CombatReach`, `DisplayID_Other_Gender`, `VerifiedBuild`) VALUES
(101924, 2.5, 10, 0, 44325),
(98823, 4.763199806213378906, 6, 0, 44325),
(101922, 2.13893890380859375, 2.5, 0, 44325),
(101919, 2.341798782348632812, 2.20000004768371582, 0, 44325),
(98788, 1.604430198669433593, 2.099999904632568359, 0, 44325),
(98822, 1.587733268737792968, 2, 0, 44325),
(98804, 4.823914527893066406, 10, 0, 44325),
(105409, 2.018508434295654296, 3, 0, 44325),
(98821, 1.587733268737792968, 2, 0, 44325),
(104710, 0.075000002980232238, 0.075000002980232238, 0, 44325),
(98851, 2.303883314132690429, 2, 0, 44325),
(98850, 2.303883314132690429, 2, 0, 44325),
(101906, 2.132390975952148437, 3, 0, 44325),
(10672, 0.462921977043151855, 2, 0, 44325),
(90448, 0.382999986410140991, 1.5, 0, 44325),
(90471, 0.305999994277954101, 1.5, 0, 44325),
(90474, 0.208000004291534423, 1.5, 0, 44325),
(238, 0.490500271320343017, 1.5, 0, 44325),
(90473, 0.208000004291534423, 1.5, 0, 44325),
(229, 0.490500271320343017, 1.5, 0, 44325),
(27710, 3.829554557800292968, 2.625, 0, 44325),
(91427, 0.347000002861022949, 1.5, 0, 44325),
(91432, 0.305999994277954101, 1.5, 0, 44325),
(91438, 0.305999994277954101, 1.5, 0, 44325),
(91440, 0.208000004291534423, 1.5, 0, 44325),
(91428, 0.347000002861022949, 1.5, 0, 44325),
(91421, 1, 1.5, 0, 44325),
(91424, 1, 1.5, 0, 44325),
(104016, 0.460776656866073608, 0.400000005960464477, 0, 44325),
(104059, 0.460776656866073608, 0.400000005960464477, 0, 44325),
(104015, 0.460776656866073608, 0.400000005960464477, 0, 44325),
(100980, 9.627377510070800781, 6, 0, 44325),
(103110, 2, 0, 0, 44325),
(103099, 1.509236931800842285, 2.599999904632568359, 0, 44325),
(104914, 1.20000004768371582, 8.400000572204589843, 0, 44325),
(98793, 4.587362289428710937, 6, 0, 44325),
(105330, 4.504279613494873046, 2.699999809265136718, 0, 44325),
(98547, 0.950832247734069824, 1.20000004768371582, 0, 44325),
(102159, 3.85894012451171875, 10, 0, 44325),
(101907, 2.132390975952148437, 3, 0, 44325),
(104063, 0.460776656866073608, 0.400000005960464477, 0, 44325),
(98548, 1.236081957817077636, 1.560000061988830566, 0, 44325),
(98527, 1.943292617797851562, 1.299999952316284179, 0, 44325),
(100371, 1.622547149658203125, 1.20000004768371582, 0, 44325),
(101905, 2.132390975952148437, 3, 0, 44325),
(101971, 1.380583882331848144, 0, 0, 44325),
(95166, 7.935495376586914062, 7.5, 0, 44325),
(92411, 1.017168879508972167, 1.5, 0, 44325),
(92412, 1.017168879508972167, 1.5, 0, 44325),
(96827, 1.632808923721313476, 1.299999952316284179, 0, 44325),
(98853, 2.303883314132690429, 2, 0, 44325),
(92410, 1.017168879508972167, 1.5, 0, 44325),
(92418, 0.678112566471099853, 1, 0, 44325),
(92416, 0.678112566471099853, 1, 0, 44325),
(105156, 1.943292617797851562, 1.299999952316284179, 0, 44325),
(104709, 1.126080513000488281, 0, 0, 44325),
(103095, 1.382330060005187988, 1.20000004768371582, 0, 44325),
(92413, 1.017168879508972167, 1.5, 0, 44325),
(104882, 0.89693230390548706, 3, 0, 44325),
(95749, 1.21804666519165039, 1, 0, 44325),
(98796, 2.018508434295654296, 3, 0, 44325),
(92417, 0.745923817157745361, 1.10000002384185791, 0, 44325),
(104585, 1.419728755950927734, 1.049999952316284179, 0, 44325),
(100129, 1.126080513000488281, 0, 0, 44325),
(102863, 1.881243228912353515, 0, 0, 44325),
(96828, 1.381607651710510253, 1.10000002384185791, 0, 44325),
(102866, 4.579861640930175781, 0, 0, 44325),
(104062, 0.460776656866073608, 0.400000005960464477, 0, 44325),
(98795, 4.587362289428710937, 6, 0, 44325),
(101909, 5.723778724670410156, 10, 0, 44325),
(101998, 0.269567370414733886, 0.33000001311302185, 0, 44325),
(102611, 1.126080513000488281, 0, 0, 44325),
(102641, 2.894348859786987304, 6, 0, 44325),
(52334, 2, 0, 0, 44325),
(102612, 1.126080513000488281, 0, 0, 44325),
(98791, 0.962658166885375976, 1.259999990463256835, 0, 44325),
(101849, 0.455007702112197875, 0, 0, 44325),
(102577, 0.455007702112197875, 0, 0, 44325),
(101993, 0.32674834132194519, 0.400000005960464477, 0, 44325),
(98798, 2.422210454940795898, 3.60000014305114746, 0, 44325),
(22452, 0.300000011920928955, 1, 0, 44325),
(105238, 1.06494307518005371, 2, 0, 44325),
(104584, 0.405636787414550781, 0.300000011920928955, 0, 44325),
(101884, 3.376740217208862304, 7, 0, 44325),
(100375, 0.405636787414550781, 0.300000011920928955, 0, 44325),
(104869, 1.331178903579711914, 2.5, 0, 44325),
(101911, 1.160951495170593261, 2, 0, 44325),
(101970, 1.150486469268798828, 0, 0, 44325),
(105142, 1.277931690216064453, 2.40000009536743164, 0, 44325),
(98852, 2.303883314132690429, 2, 0, 44325),
(104586, 1.419728755950927734, 1.049999952316284179, 0, 44325),
(105246, 1.06494307518005371, 2, 0, 44325),
(103256, 1.013472437858581542, 0, 0, 44325),
(104583, 0.405636787414550781, 0.300000011920928955, 0, 44325),
(100558, 0.287120580673217773, 0, 0, 44325),
(104969, 1.013472437858581542, 0, 0, 44325),
(101992, 0.735183775424957275, 0.900000035762786865, 0, 44325),
(105488, 0.287120580673217773, 0, 0, 44325),
(101994, 0.735183775424957275, 0.900000035762786865, 0, 44325),
(101903, 4.892210960388183593, 6, 0, 44325),
(101991, 0.735183775424957275, 0.900000035762786865, 0, 44325),
(103102, 0.43068087100982666, 0, 0, 44325),
(98830, 0.525600016117095947, 2, 0, 44325),
(105486, 0.287120580673217773, 0, 0, 44325),
(103103, 0.43068087100982666, 0, 0, 44325),
(98861, 0.86136174201965332, 0, 0, 44325),
(105008, 3.663889408111572265, 20, 0, 44325),
(101228, 1.587733268737792968, 2, 0, 44325),
(104884, 0.89693230390548706, 3, 0, 44325),
(104064, 0.921553313732147216, 0.800000011920928955, 0, 44325),
(104885, 0.89693230390548706, 3, 0, 44325),
(98824, 0.455007702112197875, 0, 0, 44325),
(100374, 1.587733268737792968, 2, 0, 44325),
(101996, 0.269567370414733886, 0.33000001311302185, 0, 44325),
(105557, 0.408216089010238647, 0, 0, 44325),
(105130, 2.083333253860473632, 0.550000011920928955, 0, 44325),
(15181, 0.314945518970489501, 1, 0, 44325),
(90449, 0.382999986410140991, 1.5, 0, 44325),
(90450, 0.382999986410140991, 1.5, 0, 44325),
(90447, 0.382999986410140991, 1.5, 0, 44325),
(5556, 0.138684809207916259, 0.5, 0, 44325),
(13338, 0.722000002861022949, 3, 0, 44325),
(90467, 0.382999986410140991, 1.5, 0, 44325),
(90470, 0.382999986410140991, 1.5, 0, 44325),
(90469, 0.382999986410140991, 1.5, 0, 44325),
(90468, 0.382999986410140991, 1.5, 0, 44325),
(90857, 0.300000011920928955, 0, 0, 44325),
(90462, 0.382999986410140991, 1.5, 0, 44325),
(10670, 0.462921977043151855, 2, 0, 44325),
(90478, 0.382999986410140991, 1.5, 0, 44325),
(90476, 0.382999986410140991, 1.5, 0, 44325),
(10671, 0.462921977043151855, 2, 0, 44325),
(90459, 0.382999986410140991, 1.5, 0, 44325),
(90461, 0.382999986410140991, 1.5, 0, 44325),
(90460, 0.382999986410140991, 1.5, 0, 44325),
(90458, 0.382999986410140991, 1.5, 0, 44325),
(1418, 0.382819831371307373, 1, 0, 44325),
(90456, 0.382999986410140991, 1.5, 0, 44325),
(90457, 0.382999986410140991, 1.5, 0, 44325),
(1141, 0.382819831371307373, 1, 0, 44325),
(2176, 0.382819831371307373, 1, 0, 44325),
(90455, 0.382999986410140991, 1.5, 0, 44325),
(91433, 0.690245032310485839, 1.5, 0, 44325),
(91431, 0.347222000360488891, 1.5, 0, 44325),
(91410, 0.347000002861022949, 1.5, 0, 44325),
(91967, 0.347222000360488891, 1.5, 0, 44325),
(91422, 0.347222000360488891, 1.5, 0, 44325),
(90961, 0.208000004291534423, 1.5, 0, 44325),
(91414, 0.305999994277954101, 1.5, 0, 44325),
(91958, 1, 1.5, 0, 44325),
(91976, 0.347000002861022949, 1.5, 0, 44325),
(91430, 0.347222000360488891, 1.5, 0, 44325),
(29407, 0.314999997615814208, 1.349999904632568359, 0, 44325),
(91435, 0.347000002861022949, 1.5, 0, 44325),
(91426, 1, 1.5, 0, 44325),
(91439, 0.347000002861022949, 1.5, 0, 44325),
(91970, 0.305999994277954101, 1.5, 0, 44325),
(52606, 0.869205057621002197, 0, 0, 44325),
(90480, 0.382999986410140991, 1.5, 0, 44325),
(90494, 0.305999994277954101, 1.5, 0, 44325),
(90495, 0.208000004291534423, 1.5, 0, 44325),
(90820, 0.382999986410140991, 1.5, 0, 44325),
(90831, 0.208000004291534423, 1.5, 0, 44325),
(13069, 0.004999999888241291, 0.009999999776482582, 0, 44325),
(90853, 0.300000011920928955, 0, 0, 44325),
(40713, 1, 0, 0, 44325),
(26869, 0.336600005626678466, 1.65000009536743164, 0, 44325),
(328, 0.234999999403953552, 1, 0, 44325),
(58380, 0.234999999403953552, 1, 0, 44325),
(19242, 0.421299993991851806, 1.65000009536743164, 0, 44325),
(6302, 0.234999999403953552, 1, 0, 44325),
(180, 1.030079960823059082, 1.440000057220458984, 0, 44325),
(45092, 1.156227827072143554, 1, 0, 44325),
(33649, 3.754867315292358398, 4.5, 0, 44325),
(90481, 0.382999986410140991, 1.5, 0, 44325),
(35201, 1.506195306777954101, 2.25, 0, 44325),
(90856, 0.300000011920928955, 0, 0, 44325),
(40716, 1, 0, 0, 44325),
(70442, 1.156227827072143554, 1, 0, 44325),
(4626, 0.234999999403953552, 1, 0, 44325),
(1103, 2.118031740188598632, 1.0625, 0, 44325),
(100849, 1.126080513000488281, 0, 0, 44325),
(105020, 0.49140217900276184, 2, 0, 44325),
(102146, 1.125030994415283203, 0, 0, 44325),
(103134, 1.130170941352844238, 0, 0, 44325),
(102362, 1.402004480361938476, 0, 0, 44325),
(105558, 0.408216089010238647, 0, 0, 44325),
(100381, 0.24570108950138092, 1, 0, 44325),
(104911, 2.449296474456787109, 0, 0, 44325),
(95158, 1.181651949882507324, 1, 0, 44325),
(99248, 0.528530061244964599, 0.800000011920928955, 0, 44325),
(100850, 1.126080513000488281, 0, 0, 44325),
(101005, 1.126080513000488281, 0, 0, 44325),
(100888, 1.888888955116271972, 2, 0, 44325),
(105149, 4.193177223205566406, 7.700000286102294921, 0, 44325),
(100894, 1.888888955116271972, 2, 0, 44325),
(101972, 2.996518135070800781, 3.779999971389770507, 0, 44325),
(74230, 0.300000011920928955, 8.399999618530273437, 0, 44325),
(98846, 1.11384749412536621, 1.875, 0, 44325),
(92779, 0.844040274620056152, 1.10000002384185791, 0, 44325),
(104910, 1.632864356040954589, 0, 0, 44325),
(100128, 1.126080513000488281, 0, 0, 44325),
(98826, 0.455007702112197875, 0, 0, 44325),
(98977, 0.455007702112197875, 0, 0, 44325),
(100448, 0.450012385845184326, 0, 0, 44325),
(100449, 0.450012385845184326, 0, 0, 44325),
(100987, 0.500508487224578857, 0, 0, 44325),
(98976, 0.455007702112197875, 0, 0, 44325),
(98978, 0.455007702112197875, 0, 0, 44325),
(98825, 0.455007702112197875, 0, 0, 44325),
(100120, 0.417406529188156127, 0, 0, 44325),
(105006, 1.796150803565979003, 0, 0, 44325),
(98866, 1.116782307624816894, 1, 0, 44325),
(98833, 0.840960025787353515, 3.20000004768371582, 0, 44325),
(98854, 2.074063777923583984, 1.5, 0, 44325),
(17200, 0.125, 0.25, 0, 44325),
(98974, 1.382709264755249023, 1, 0, 44325),
(100976, 1.382709264755249023, 1, 0, 44325),
(105627, 1.576800107955932617, 6, 0, 44325),
(98973, 1.382709264755249023, 1, 0, 44325),
(104967, 1.675173521041870117, 1.5, 0, 44325),
(104965, 0.167517349123954772, 0.150000005960464477, 0, 44325),
(105237, 1.06494307518005371, 2, 0, 44325),
(103087, 1.06494307518005371, 2, 0, 44325),
(98508, 1.186721682548522949, 1.10000002384185791, 0, 44325),
(101478, 1.888888955116271972, 2, 0, 44325),
(100380, 0.24570108950138092, 1, 0, 44325),
(105234, 1.06494307518005371, 2, 0, 44325),
(100731, 1.06494307518005371, 2, 0, 44325),
(92398, 0.5, 1, 0, 44325),
(104014, 1.026265621185302734, 0, 0, 44325),
(104867, 1.331178903579711914, 2.5, 0, 44325),
(101775, 1.171437382698059082, 2.20000004768371582, 0, 44325),
(98829, 0.525600016117095947, 2, 0, 44325),
(98828, 0.525600016117095947, 2, 0, 44325),
(104562, 1.224684476852416992, 2.299999952316284179, 0, 44325),
(101990, 0.269567370414733886, 0.33000001311302185, 0, 44325),
(105239, 1.06494307518005371, 2, 0, 44325),
(100994, 1.116782307624816894, 1, 0, 44325),
(105509, 0.886238932609558105, 0.75, 0, 44325),
(102043, 1.06494307518005371, 2, 0, 44325),
(100733, 1.06494307518005371, 2, 0, 44325),
(105243, 1.06494307518005371, 2, 0, 44325),
(98895, 1.11678171157836914, 1, 0, 44325),
(98506, 1.186721682548522949, 1.10000002384185791, 0, 44325),
(100377, 0.24570108950138092, 1, 0, 44325),
(100675, 0.786112308502197265, 0.974999964237213134, 0, 44325),
(100379, 0.24570108950138092, 1, 0, 44325),
(104868, 1.224684476852416992, 2.299999952316284179, 0, 44325),
(98818, 0.612324118614196777, 0, 0, 44325);

INSERT INTO `creature_model_info` (`DisplayID`, `BoundingRadius`, `CombatReach`, `DisplayID_Other_Gender`, `VerifiedBuild`) VALUES
(104964, 1.116782307624816894, 1, 0, 44325),
(98509, 1.186721682548522949, 1.10000002384185791, 0, 44325),
(105245, 1.06494307518005371, 2, 0, 44325),
(98968, 1.116782307624816894, 1, 0, 44325),
(101048, 1.126080513000488281, 0, 0, 44325),
(105460, 0.932197153568267822, 0, 0, 44325),
(105459, 0.932197153568267822, 0, 0, 44325),
(98077, 0.696711182594299316, 2.340000152587890625, 0, 44325),
(101214, 1.116782307624816894, 1, 0, 44325),
(100732, 1.06494307518005371, 2, 0, 44325),
(101215, 1.116782307624816894, 1, 0, 44325),
(105236, 1.06494307518005371, 2, 0, 44325),
(100453, 0.780315995216369628, 0.629999995231628417, 0, 44325),
(103135, 1.06494307518005371, 2, 0, 44325),
(104973, 1.116782307624816894, 1, 0, 44325),
(105241, 1.06494307518005371, 2, 0, 44325),
(104896, 1.382709264755249023, 1, 0, 44325),
(100378, 0.24570108950138092, 1, 0, 44325),
(105242, 1.06494307518005371, 2, 0, 44325),
(98837, 2.671834230422973632, 1.5, 0, 44325),
(100993, 1.116782307624816894, 1, 0, 44325),
(101986, 0.204370692372322082, 1.5, 0, 44325),
(100995, 1.116782307624816894, 1, 0, 44325),
(98838, 2.003875732421875, 1.125, 0, 44325),
(105286, 0.200000002980232238, 0, 0, 44325),
(105126, 1.087563276290893554, 0, 0, 44325),
(104860, 5.039999961853027343, 4.5, 0, 44325),
(103751, 0.233049288392066955, 0, 0, 44325),
(98816, 0.612324118614196777, 0, 0, 44325),
(101783, 3.663525342941284179, 0, 0, 44325),
(101984, 0.204370692372322082, 1.5, 0, 44325),
(101054, 1.126080513000488281, 0, 0, 44325),
(61527, 0.375, 0.75, 0, 44325),
(101985, 0.204370692372322082, 1.5, 0, 44325),
(103756, 0.233049288392066955, 0, 0, 44325),
(93600, 1.888888955116271972, 2, 0, 44325),
(96422, 0.228800013661384582, 1.65000009536743164, 0, 44325),
(97006, 1.100270390510559082, 2.25, 0, 44325),
(94611, 2.083333253860473632, 1, 0, 44325),
(1544, 0.208000004291534423, 1.5, 0, 44325),
(100187, 0.208000004291534423, 1.5, 0, 44325),
(95948, 0.870888948440551757, 2.925000190734863281, 0, 44325),
(99050, 0.445083141326904296, 1.80000007152557373, 0, 44325),
(93598, 1.888888955116271972, 2, 0, 44325),
(93594, 1.888888955116271972, 2, 0, 44325),
(95529, 0.445083051919937133, 1.80000007152557373, 0, 44325),
(96584, 0.524599969387054443, 0, 0, 44325),
(96748, 2.083333253860473632, 1, 0, 44325),
(96714, 0.445083141326904296, 1.80000007152557373, 0, 44325),
(93574, 0.360905170440673828, 0, 0, 44325),
(93592, 1.888888955116271972, 2, 0, 44325),
(105361, 1.446130156517028808, 1.80000007152557373, 0, 44325),
(96510, 2.833333492279052734, 3, 0, 44325),
(96331, 0.381944209337234497, 1.65000009536743164, 0, 44325),
(93578, 1.888888955116271972, 2, 0, 44325),
(101418, 1.888888955116271972, 2, 0, 44325),
(95843, 29.16666603088378906, 90, 0, 44325),
(94491, 2.083333253860473632, 1, 0, 44325),
(19283, 0.5, 1, 0, 44325),
(96086, 0.759269535541534423, 1.65000009536743164, 0, 44325),
(96591, 0.699441432952880859, 1.25, 0, 44325),
(96330, 0.336600005626678466, 1.65000009536743164, 0, 44325),
(97879, 2.083333253860473632, 1, 0, 44325),
(96642, 1.205108404159545898, 1.5, 0, 44325),
(95253, 1.002214550971984863, 2.40000009536743164, 0, 44325),
(94614, 2.083333253860473632, 1, 0, 44325),
(94286, 1.057675361633300781, 1.20000004768371582, 0, 44325),
(95194, 0.573607325553894042, 2.729999780654907226, 0, 44325),
(104818, 0.228800013661384582, 1.65000009536743164, 0, 44325),
(93584, 1.888888955116271972, 2, 0, 44325),
(96332, 0.336600005626678466, 1.65000009536743164, 0, 44325),
(93586, 1.888888955116271972, 2, 0, 44325),
(93593, 2.361111164093017578, 2.5, 0, 44325),
(96281, 0.699441432952880859, 1.25, 0, 44325),
(93232, 1.167062759399414062, 1, 0, 44325),
(97650, 1.888888955116271972, 2, 0, 44325),
(98697, 0.733513593673706054, 1.5, 0, 44325),
(94665, 0.347222000360488891, 1.5, 0, 44325),
(96325, 0.336600005626678466, 1.65000009536743164, 0, 44325),
(95252, 1.002214550971984863, 2.40000009536743164, 0, 44325),
(24103, 5, 1, 0, 44325),
(93597, 1.888888955116271972, 2, 0, 44325),
(93951, 1.888888955116271972, 2, 0, 44325),
(96326, 0.381944209337234497, 1.65000009536743164, 0, 44325),
(96744, 2.083333253860473632, 1, 0, 44325),
(11686, 0.5, 1, 0, 44325),
(96637, 1.205108404159545898, 1.5, 0, 44325),
(94613, 2.083333253860473632, 1, 0, 44325),
(94586, 1.167062759399414062, 1, 0, 44325),
(96196, 0.699441432952880859, 1.25, 0, 44325),
(86964, 0.367200016975402832, 1.80000007152557373, 0, 44325),
(97029, 0.524599969387054443, 0, 0, 44325),
(97347, 1.223999977111816406, 6, 0, 44325),
(97424, 0.734413444995880126, 1.3125, 0, 44325),
(94449, 5.188569068908691406, 1, 0, 44325),
(96329, 0.767800033092498779, 3.300000190734863281, 0, 44325),
(98220, 0.176119178533554077, 15, 0, 44325),
(93590, 1.888888955116271972, 2, 0, 44325),
(97425, 0.734413444995880126, 1.3125, 0, 44325),
(96587, 0.524599969387054443, 0, 0, 44325),
(98194, 1.807662606239318847, 2.25, 0, 44325),
(73366, 0.305999994277954101, 1.5, 0, 44325),
(42722, 0.655764877796173095, 1.20000004768371582, 0, 44325),
(42720, 0.655764877796173095, 1.20000004768371582, 0, 44325),
(28118, 0.367200016975402832, 1.80000007152557373, 0, 44325),
(28120, 0.305999994277954101, 1.5, 0, 44325),
(94471, 0.881396055221557617, 1, 0, 44325),
(93588, 1.888888955116271972, 2, 0, 44325),
(94655, 1, 1.5, 0, 44325),
(97649, 1.888888955116271972, 2, 0, 44325),
(96624, 2.410216808319091796, 3, 0, 44325),
(92385, 0.5, 1, 0, 44325),
(93580, 1.888888955116271972, 2, 0, 44325),
(95286, 0.881396055221557617, 1, 0, 44325),
(95511, 1.420079946517944335, 1.5, 0, 44325),
(95464, 3.468535423278808593, 3, 0, 44325),
(99478, 2.05276346206665039, 0, 0, 44325),
(27823, 0.25, 0.5, 0, 44325),
(97651, 1.888888955116271972, 2, 0, 44325),
(94021, 2.083333253860473632, 1, 0, 44325),
(96625, 1.205108404159545898, 1.5, 0, 44325),
(95660, 0.611999988555908203, 3, 0, 44325),
(27153, 0.413100004196166992, 2.02500009536743164, 0, 44325),
(96328, 0.336600005626678466, 1.65000009536743164, 0, 44325),
(93579, 1.888888955116271972, 2, 0, 44325),
(93599, 1.888888955116271972, 2, 0, 44325),
(94141, 1.477064967155456542, 1.25, 0, 44325),
(93589, 1.888888955116271972, 2, 0, 44325),
(96614, 1.205108404159545898, 1.5, 0, 44325),
(93596, 1.888888955116271972, 2, 0, 44325),
(92191, 0.774677395820617675, 1.70000004768371582, 0, 44325);
