-- sniff datas
INSERT ignore INTO `areatrigger_create_properties_spline_point` (`AreaTriggerCreatePropertiesId`, `Idx`, `X`, `Y`, `Z`, `VerifiedBuild`) VALUES
(20058, 3, -4.72911739349365234, -5.16095542907714843, 0, 44232), -- SpellId : 325507
(20058, 2, -4.72911739349365234, -5.16095542907714843, 0, 44232), -- SpellId : 325507
(20058, 1, 0, 0, 0, 44232), -- SpellId : 325507
(20058, 0, 0, 0, 0, 44232), -- SpellId : 325507
(6006, 28, -10.2023067474365234, 0.008617911487817764, 3.4924163818359375, 44232), -- SpellId : 204019
(6006, 27, -10.2023067474365234, 0.008617911487817764, 3.4924163818359375, 44232), -- SpellId : 204019
(6006, 26, -6.93413782119750976, -6.93339729309082031, 2.0202178955078125, 44232), -- SpellId : 204019
(6006, 25, 0.007885821163654327, -9.4161691665649414, 0.785125732421875, 44232), -- SpellId : 204019
(6006, 24, 6.394405841827392578, -6.37790489196777343, -1.674591064453125, 44232), -- SpellId : 204019
(6006, 23, 8.647243499755859375, 0.008603940717875957, -3.630401611328125, 44232), -- SpellId : 204019
(6006, 22, 5.839082717895507812, 5.839960575103759765, -3.2693023681640625, 44232), -- SpellId : 204019
(6006, 21, 0.007777994964271783, 7.862757205963134765, -1.3364410400390625, 44232), -- SpellId : 204019
(6006, 20, -5.2680373191833496, 5.284541606903076171, 2.5539398193359375, 44232), -- SpellId : 204019
(6006, 19, -7.06073427200317382, 0.008653057739138603, 2.6655120849609375, 44232), -- SpellId : 204019
(6006, 18, -4.71274137496948242, -4.71186017990112304, 0.9328460693359375, 44232), -- SpellId : 204019
(6006, 17, 0.007777472026646137, -6.27441740036010742, -0.427276611328125, 44232), -- SpellId : 204019
(6006, 16, 4.173001289367675781, -4.15647506713867187, -1.677032470703125, 44232), -- SpellId : 204019
(6006, 15, 5.505716800689697265, 0.008608615025877952, -2.130157470703125, 44232), -- SpellId : 204019
(6006, 14, 3.617732524871826171, 3.618463516235351562, -1.9882965087890625, 44232), -- SpellId : 204019
(6006, 13, 0.007886343635618686, 4.721005916595458984, -0.6794586181640625, 44232), -- SpellId : 204019
(6006, 12, -3.04663300514221191, 3.06311202049255371, 1.5546722412109375, 44232), -- SpellId : 204019
(6006, 11, -3.91916131973266601, 0.008688203059136867, 1.6784515380859375, 44232), -- SpellId : 204019
(6006, 10, -2.49123215675354003, -2.49054813385009765, 0.5622406005859375, 44232), -- SpellId : 204019
(6006, 9, 0.007782145868986845, -3.13289046287536621, -0.447052001953125, 44232), -- SpellId : 204019
(6006, 8, 1.951596856117248535, -1.93504524230957031, -0.939727783203125, 44232), -- SpellId : 204019
(6006, 7, 2.363984584808349609, 0.008758495561778545, -1.029571533203125, 44232), -- SpellId : 204019
(6006, 6, 1.396176934242248535, 1.39711165428161621, -0.6101226806640625, 44232), -- SpellId : 204019
(6006, 5, 0.007835413329303264, 1.579439282417297363, -0.0361480712890625, 44232), -- SpellId : 204019
(6006, 4, -0.82518208026885986, 0.841722011566162109, 0.4421234130859375, 44232), -- SpellId : 204019
(6006, 3, -0.77758842706680297, 0.008723349310457706, 0.3254241943359375, 44232), -- SpellId : 204019
(6006, 2, -0.2698356807231903, -0.2690112292766571, 0.0817718505859375, 44232), -- SpellId : 204019
(6006, 1, 0.007833076640963554, 0.008675924502313137, -0.0022125244140625, 44232), -- SpellId : 204019
(6006, 0, 0.007833076640963554, 0.008675924502313137, -0.0022125244140625, 44232); -- SpellId : 204019

INSERT ignore INTO `areatrigger_create_properties` (`Id`, `AreaTriggerId`, `MoveCurveId`, `ScaleCurveId`, `MorphCurveId`, `FacingCurveId`, `AnimId`, `AnimKitId`, `DecalPropertiesId`, `TimeToTarget`, `TimeToTargetScale`, `Shape`, `ShapeData0`, `ShapeData1`, `ShapeData2`, `ShapeData3`, `ShapeData4`, `ShapeData5`, `ShapeData6`, `ShapeData7`, `VerifiedBuild`) VALUES
(3680, 8352, 0, 0, 0, 0, -1, 0, 0, 0, 30000, 0, 8, 8, 0, 0, 0, 0, 0, 0, 44232), -- SpellId : 209693
(4436, 3841, 0, 0, 0, 0, -1, 0, 0, 0, 30000, 4, 8, 8, 10, 10, 5, 5, 0, 0, 44232), -- SpellId : 187700
(4435, 9181, 0, 0, 0, 0, -1, 0, 0, 0, 60000, 4, 3, 3, 4, 4, 1, 1, 0, 0, 44232), -- SpellId : 187699
(8867, 12929, 0, 0, 0, 0, -1, 0, 0, 0, 30000, 0, 8, 8, 0, 0, 0, 0, 0, 0, 44232), -- SpellId : 228537
(4424, 9170, 0, 0, 0, 0, -1, 0, 0, 0, 60000, 4, 3, 3, 4, 4, 1, 1, 0, 0, 44232), -- SpellId : 187651
(20460, 24355, 0, 0, 0, 0, -1, 0, 0, 0, 30000, 0, 10, 10, 0, 0, 0, 0, 0, 0, 44232), -- SpellId : 328951
(9810, 14725, 0, 0, 0, 0, -1, 0, 0, 0, 60000, 4, 5, 5, 5, 5, 1, 1, 0, 0, 44232), -- SpellId : 236775
(20058, 23992, 0, 0, 0, 0, -1, 0, 0, 280, 10000, 0, 3, 3, 0, 0, 0, 0, 0, 0, 44232), -- SpellId : 325507
(23342, 27657, 0, 0, 0, 0, -1, 0, 0, 0, 3000, 0, 3, 3, 0, 0, 0, 0, 0, 0, 44232), -- SpellId : 236746
(19583, 23556, 0, 0, 0, 0, -1, 0, 0, 0, 10000, 0, 5, 5, 0, 0, 0, 0, 0, 0, 44232), -- SpellId : 321660
(6615, 11203, 0, 0, 0, 0, -1, 0, 0, 0, 8000, 0, 8, 8, 0, 0, 0, 0, 0, 0, 44232), -- SpellId : 196718
(4488, 9228, 0, 0, 0, 0, -1, 0, 0, 0, 12000, 0, 8, 8, 0, 0, 0, 0, 0, 0, 44232), -- SpellId : 26573
(983, 4744, 0, 0, 0, 0, -1, 0, 0, 0, 8000, 4, 5, 5, 8, 8, 3, 3, 0, 0, 44232), -- SpellId : 78675
(6006, 10698, 0, 0, 0, 0, -1, 0, 0, 5000, 5000, 0, 3, 3, 0, 0, 0, 0, 0, 0, 44232), -- SpellId : 204019
(4756, 9482, 0, 0, 0, 0, -1, 0, 0, 0, 7999, 0, 45, 45, 0, 0, 0, 0, 0, 0, 44232), -- SpellId : 191034
(23044, 27415, 0, 0, 0, 0, -1, 0, 0, 0, 10000, 0, 1, 1, 0, 0, 0, 0, 0, 0, 44232), -- SpellId : 352916
(20456, 24351, 0, 0, 0, 0, -1, 0, 0, 0, 20000, 0, 2, 2, 0, 0, 0, 0, 0, 0, 44232); -- SpellId : 328913

INSERT ignore INTO `areatrigger_template` (`Id`, `IsServerSide`, `Type`, `Flags`, `Data0`, `Data1`, `Data2`, `Data3`, `Data4`, `Data5`, `VerifiedBuild`) VALUES
(8352, 0, 0, 0, 8, 8, 0, 0, 0, 0, 44232),
(3841, 0, 4, 0, 8, 8, 10, 10, 5, 5, 44232),
(9181, 0, 4, 0, 3, 3, 4, 4, 1, 1, 44232),
(12929, 0, 0, 0, 8, 8, 0, 0, 0, 0, 44232),
(9170, 0, 4, 0, 3, 3, 4, 4, 1, 1, 44232),
(24355, 0, 0, 0, 10, 10, 0, 0, 0, 0, 44232),
(14725, 0, 4, 0, 5, 5, 5, 5, 1, 1, 44232),
(23992, 0, 0, 66, 3, 3, 0, 0, 0, 0, 44232),
(27657, 0, 0, 0, 3, 3, 0, 0, 0, 0, 44232),
(23556, 0, 0, 0, 5, 5, 0, 0, 0, 0, 44232),
(11203, 0, 0, 0, 8, 8, 0, 0, 0, 0, 44232),
(9228, 0, 0, 0, 8, 8, 0, 0, 0, 0, 44232),
(4744, 0, 4, 0, 5, 5, 8, 8, 3, 3, 44232),
(10698, 0, 0, 0, 3, 3, 0, 0, 0, 0, 44232),
(9482, 0, 0, 5, 45, 45, 0, 0, 0, 0, 44232),
(27415, 0, 0, 0, 1, 1, 0, 0, 0, 0, 44232),
(24351, 0, 0, 0, 2, 2, 0, 0, 0, 0, 44232);

INSERT ignore INTO `creature_equip_template` (`CreatureID`, `ID`, `ItemID1`, `AppearanceModID1`, `ItemVisual1`, `ItemID2`, `AppearanceModID2`, `ItemVisual2`, `ItemID3`, `AppearanceModID3`, `ItemVisual3`, `VerifiedBuild`) VALUES
(181208, 1, 185441, 0, 0, 0, 0, 0, 0, 0, 0, 44232), -- 181208
(182392, 1, 111532, 0, 0, 0, 0, 0, 0, 0, 0, 44232), -- 182392
(178346, 1, 0, 0, 0, 0, 0, 0, 185614, 0, 0, 44232), -- 178346
(182430, 1, 0, 0, 0, 0, 0, 0, 185609, 0, 0, 44232), -- 182430
(182114, 1, 187874, 0, 0, 0, 0, 0, 0, 0, 0, 44232), -- 182114
(181406, 1, 185432, 0, 0, 185394, 0, 0, 0, 0, 0, 44232), -- 181406
(181408, 1, 138829, 0, 0, 0, 0, 0, 0, 0, 0, 44232); -- 181408