
replace INTO `areatrigger_template` (`Id`, `IsServerSide`, `Type`, `Flags`, `Data0`, `Data1`, `Data2`, `Data3`, `Data4`, `Data5`, `VerifiedBuild`) VALUES
(7875, 0, 0, 4, 2.5, 2.5, 0, 0, 0, 0, 44325),
(6678, 0, 0, 4, 2, 2, 0, 0, 0, 0, 44325);


replace INTO `areatrigger_create_properties` (`Id`, `AreaTriggerId`, `MoveCurveId`, `ScaleCurveId`, `MorphCurveId`, `FacingCurveId`, `AnimId`, `AnimKitId`, `DecalPropertiesId`, `TimeToTarget`, `TimeToTargetScale`, `Shape`, `ShapeData0`, `ShapeData1`, `ShapeData2`, `ShapeData3`, `ShapeData4`, `ShapeData5`, `ShapeData6`, `ShapeData7`, `VerifiedBuild`) VALUES
(3591, 7875, 0, 0, 0, 0, -1, 0, 0, 0, 0, 0, 2.5, 2.5, 0, 0, 0, 0, 0, 0, 44325), -- SpellId : 173202
(2127, 6678, 0, 0, 0, 0, -1, 0, 0, 0, 2000, 0, 2, 2, 0, 0, 0, 0, 0, 0, 44325); -- SpellId : 159015


DELETE FROM `gameobject_template_addon` WHERE `entry` IN (230865 /*230865*/, 244476 /*244476*/, 244475 /*244475*/, 232251 /*232251*/, 207320 /*207320*/, 234243 /*234243*/, 237722 /*237722*/, 233548 /*233548*/, 233545 /*233545*/, 233544 /*233544*/, 233547 /*233547*/, 233546 /*233546*/, 229613 /*229613*/, 233541 /*233541*/, 233540 /*233540*/, 229615 /*229615*/, 239186 /*239186*/, 233543 /*233543*/, 229614 /*229614*/, 233542 /*233542*/, 239180 /*239180*/, 233537 /*233537*/, 233493 /*233493*/, 236165 /*236165*/, 235373 /*235373*/, 230289 /*230289*/, 230288 /*230288*/, 230291 /*230291*/, 224797 /*224797*/, 230286 /*230286*/, 237407 /*237407*/, 232509 /*232509*/, 230993 /*230993*/, 228571 /*228571*/, 222690 /*222690*/, 234109 /*234109*/, 237486 /*237486*/, 227272 /*227272*/, 237485 /*237485*/, 224836 /*224836*/, 225509 /*225509*/, 225507 /*225507*/, 225513 /*225513*/, 225515 /*225515*/, 234099 /*234099*/, 226888 /*226888*/, 225926 /*225926*/, 230820 /*230820*/, 236116 /*236116*/, 236906 /*236906*/, 225762 /*225762*/, 224817 /*224817*/, 234098 /*234098*/, 234097 /*234097*/, 231810 /*231810*/, 236083 /*236083*/, 231731 /*231731*/, 229331 /*229331*/, 233749 /*233749*/, 235343 /*235343*/, 234005 /*234005*/, 234008 /*234008*/, 234006 /*234006*/, 236082 /*236082*/, 236084 /*236084*/, 234184 /*234184*/, 236081 /*236081*/, 228576 /*228576*/, 232985 /*232985*/, 230671 /*230671*/, 232986 /*232986*/, 232568 /*232568*/, 232585 /*232585*/, 236922 /*236922*/, 232557 /*232557*/, 232559 /*232559*/, 233506 /*233506*/, 236921 /*236921*/, 232566 /*232566*/, 232554 /*232554*/, 232558 /*232558*/, 232578 /*232578*/, 232560 /*232560*/, 232553 /*232553*/, 232256 /*232256*/, 233048 /*233048*/, 234251 /*234251*/, 235995 /*235995*/, 234194 /*234194*/, 236850 /*236850*/, 232100 /*232100*/, 233945 /*233945*/, 234195 /*234195*/, 233294 /*233294*/, 233293 /*233293*/, 233295 /*233295*/, 228564 /*228564*/, 234193 /*234193*/, 228563 /*228563*/, 228575 /*228575*/, 234574 /*234574*/, 265569 /*265569*/, 265571 /*265571*/, 231781 /*231781*/, 231780 /*231780*/, 230849 /*230849*/, 230848 /*230848*/, 228493 /*228493*/, 232017 /*232017*/);
INSERT INTO `gameobject_template_addon` (`entry`, `faction`, `flags`, `WorldEffectID`, `AIAnimKitID`) VALUES
(230865, 0, 4, 0, 0), -- 230865
(244476, 1375, 0, 0, 0), -- 244476
(244475, 1375, 0, 0, 0), -- 244475
(232251, 0, 0, 2437, 0), -- 232251
(207320, 12, 262144, 8830, 0), -- 207320
(234243, 0, 4, 0, 0), -- 234243
(237722, 94, 0, 2100, 0), -- 237722
(233548, 0, 32, 0, 0), -- 233548
(233545, 0, 32, 0, 0), -- 233545
(233544, 0, 32, 0, 0), -- 233544
(233547, 0, 32, 0, 0), -- 233547
(233546, 0, 32, 0, 0), -- 233546
(229613, 0, 1048608, 0, 0), -- 229613
(233541, 0, 32, 0, 0), -- 233541
(233540, 0, 32, 0, 0), -- 233540
(229615, 0, 1048608, 0, 0), -- 229615
(239186, 114, 0, 0, 0), -- 239186
(233543, 0, 32, 0, 0), -- 233543
(229614, 0, 1048608, 0, 0), -- 229614
(233542, 0, 32, 0, 0), -- 233542
(239180, 114, 0, 0, 0), -- 239180
(233537, 0, 32, 0, 0), -- 233537
(233493, 0, 1048608, 0, 0), -- 233493
(236165, 1732, 0, 2690, 0), -- 236165
(235373, 0, 1048608, 0, 0), -- 235373
(230289, 0, 1048608, 0, 0), -- 230289
(230288, 0, 1048608, 0, 0), -- 230288
(230291, 0, 1048608, 0, 0), -- 230291
(224797, 0, 1048608, 0, 0), -- 224797
(230286, 0, 1048608, 0, 0), -- 230286
(237407, 0, 48, 0, 0), -- 237407
(232509, 0, 32, 0, 0), -- 232509
(230993, 0, 1048608, 0, 0), -- 230993
(228571, 0, 278528, 0, 0), -- 228571
(222690, 0, 36, 0, 0), -- 222690
(234109, 94, 32800, 0, 0), -- 234109
(237486, 0, 32, 0, 0), -- 237486
(227272, 0, 36, 0, 0), -- 227272
(237485, 0, 32, 0, 0), -- 237485
(224836, 0, 2113540, 0, 0), -- 224836
(225509, 0, 2113540, 0, 0), -- 225509
(225507, 0, 2113540, 0, 0), -- 225507
(225513, 0, 2113540, 0, 0), -- 225513
(225515, 0, 2113540, 0, 0), -- 225515
(234099, 94, 32800, 0, 0), -- 234099
(226888, 0, 4, 0, 0), -- 226888
(225926, 0, 8192, 0, 0), -- 225926
(230820, 0, 4, 0, 0), -- 230820
(236116, 0, 8192, 0, 0), -- 236116
(236906, 0, 32, 0, 0), -- 236906
(225762, 0, 36, 0, 0), -- 225762
(224817, 0, 16, 0, 0), -- 224817
(234098, 94, 32800, 0, 0), -- 234098
(234097, 94, 32800, 0, 0), -- 234097
(231810, 0, 1048608, 0, 0), -- 231810
(236083, 114, 32, 0, 0), -- 236083
(231731, 0, 1048608, 0, 0), -- 231731
(229331, 35, 4, 0, 0), -- 229331
(233749, 1375, 32, 0, 0), -- 233749
(235343, 1375, 32, 0, 0), -- 235343
(234005, 1375, 32, 0, 0), -- 234005
(234008, 1375, 32, 0, 0), -- 234008
(234006, 1375, 32, 0, 0), -- 234006
(236082, 114, 32, 0, 0), -- 236082
(236084, 114, 32, 0, 0), -- 236084
(234184, 1375, 32, 0, 0), -- 234184
(236081, 114, 32, 0, 0), -- 236081
(228576, 0, 278528, 0, 0), -- 228576
(232985, 0, 0, 2437, 0), -- 232985
(230671, 0, 32, 2749, 0), -- 230671
(232986, 0, 0, 2437, 0), -- 232986
(232568, 0, 8192, 0, 6524), -- 232568
(232585, 0, 8192, 0, 947), -- 232585
(236922, 0, 8192, 0, 0), -- 236922
(232557, 0, 8192, 0, 0), -- 232557
(232559, 0, 8192, 0, 0), -- 232559
(233506, 0, 2113536, 2100, 0), -- 233506
(236921, 0, 8192, 0, 0), -- 236921
(232566, 0, 8192, 0, 0), -- 232566
(232554, 0, 8192, 0, 0), -- 232554
(232558, 0, 8192, 0, 0), -- 232558
(232578, 0, 8192, 0, 0), -- 232578
(232560, 0, 8192, 0, 0), -- 232560
(232553, 0, 8192, 0, 0), -- 232553
(232256, 0, 32, 0, 0), -- 232256
(233048, 0, 8192, 2437, 0), -- 233048
(234251, 0, 32, 0, 0), -- 234251
(235995, 0, 32, 0, 0), -- 235995
(234194, 94, 32800, 0, 0), -- 234194
(236850, 114, 32, 0, 0), -- 236850
(232100, 0, 4, 0, 0), -- 232100
(233945, 0, 32, 0, 0), -- 233945
(234195, 94, 32800, 0, 0), -- 234195
(233294, 0, 8192, 0, 0), -- 233294
(233293, 0, 8192, 0, 0), -- 233293
(233295, 0, 8192, 0, 0), -- 233295
(228564, 94, 278528, 0, 0), -- 228564
(234193, 94, 32800, 0, 0), -- 234193
(228563, 94, 278528, 0, 0), -- 228563
(228575, 0, 278528, 0, 0), -- 228575
(234574, 94, 32800, 0, 1455), -- 234574
(265569, 114, 32, 0, 0), -- 265569
(265571, 114, 32, 0, 0), -- 265571
(231781, 1375, 32, 0, 0), -- 231781
(231780, 1375, 32, 0, 0), -- 231780
(230849, 114, 32, 0, 0), -- 230849
(230848, 114, 32, 0, 0), -- 230848
(228493, 94, 278528, 0, 0), -- 228493
(232017, 0, 1048864, 0, 0); -- 232017


DELETE FROM `scene_template` WHERE `SceneId` IN (651, 972, 613);
INSERT INTO `scene_template` (`SceneId`, `Flags`, `ScriptPackageID`, `Encrypted`) VALUES
(651, 0, 841, 0),
(972, 0, 1392, 0),
(613, 16, 802, 0);


DELETE FROM `creature_queststarter` WHERE (`id`=92219 AND `quest`=38257);
INSERT INTO `creature_queststarter` (`id`, `quest`) VALUES
(92219, 38257); -- 38257 offered 92219


DELETE FROM `creature_questender` WHERE (`id`=92219 AND `quest`=38253);
INSERT INTO `creature_questender` (`id`, `quest`) VALUES
(92219, 38253); -- 38253 ended by 92219



DELETE FROM `creature_template_addon` WHERE `entry` IN (82436 /*82436*/, 88779 /*88779*/, 81163 /*81163*/, 82177 /*82177*/, 83491 /*83491*/, 81103 /*81103*/, 80568 /*80568 (Yrel)*/, 81346 /*81346*/, 80163 /*80163*/, 96362 /*96362*/, 86589 /*86589*/, 89298 /*89298 - Garrison Combat Throttle*/, 86470 /*86470*/, 82865 /*82865 (Bruma Swiftstone) - Dual Wield*/, 79611 /*79611 (Qiana Moonshadow)*/, 81656 /*81656*/, 80645 /*80645 (Cordana Felsong)*/, 81654 /*81654*/, 81633 /*81633*/, 80078 /*80078*/, 81912 /*81912*/, 81851 /*81851*/, 84184 /*84184*/, 81653 /*81653*/, 81627 /*81627 - Garrison Cart Luggage*/, 77379 /*77379*/, 79457 /*79457 (Vindicator Maraad)*/, 83858 /*83858*/, 94870 /*94870*/, 81491 /*81491*/, 88598 /*88598*/, 89259 /*89259*/, 85737 /*85737*/, 84246 /*84246*/, 85857 /*85857*/, 91196 /*91196*/, 82776 /*82776*/, 91913 /*91913 (Exarch Yrel) - Yrel's Shield*/, 84776 /*84776*/, 91589 /*91589*/, 78564 /*78564 - Garrison Combat Throttle*/, 82466 /*82466*/, 84455 /*84455*/, 93142 /*93142 (Lost Netherpup)*/, 81492 /*81492*/, 81152 /*81152 - Read Scroll*/, 79603 /*79603*/, 94512 /*94512*/, 84698 /*84698*/, 95470 /*95470*/, 85418 /*85418*/, 77617 /*77617*/, 86018 /*86018*/, 92219 /*92219*/, 92213 /*92213 (Archmage Khadgar) - Arcane Channeling*/, 77209 /*77209*/, 77376 /*77376*/, 80026 /*80026*/, 85839 /*85839*/, 88633 /*88633*/, 77370 /*77370 - Garrison Combat Throttle*/, 85312 /*85312 - Garrison Combat Throttle*/, 79953 /*79953*/, 73468 /*73468*/, 50487 /*50487*/, 73101 /*73101 - Fel-Cursed*/, 73805 /*73805 - Fel-Cursed*/, 63607 /*63607*/, 72783 /*72783*/, 72785 /*72785 - Fel-Cursed*/, 61320 /*61320 (Forest Spiderling)*/, 88355 /*88355 (Waterfly)*/, 85434 /*85434*/, 75336 /*75336*/, 88990 /*88990*/, 75337 /*75337*/, 75290 /*75290*/, 75283 /*75283*/, 84500 /*84500*/, 81354 /*81354*/, 86021 /*86021 - Invisibility and Stealth Detection*/, 79662 /*79662*/, 80246 /*80246*/, 51015 /*51015*/, 79577 /*79577*/, 88572 /*88572 (Flat-Tooth Calf)*/, 77328 /*77328*/, 76668 /*76668*/, 88983 /*88983*/, 86848 /*86848*/, 80028 /*80028*/, 77331 /*77331*/, 79636 /*79636*/, 78673 /*78673 - Mod Scale 95-120%, Poisonous Skin*/, 78671 /*78671 - Mod Scale 95-120%*/, 79909 /*79909 - Stealth, Tooth and Claw*/, 61757 /*61757 (Red-Tailed Chipmunk)*/, 49778 /*49778*/, 78372 /*78372*/, 79705 /*79705 - Cosmetic - Sleep Zzz Breakable*/, 79752 /*79752 - Permanent Feign Death*/, 79703 /*79703 - Stealth*/, 82762 /*82762 (Enchanted Feywing)*/, 81064 /*81064*/, 79595 /*79595 - Mod Scale 95-120%*/, 79923 /*79923*/, 80077 /*80077 - Flower Spell*/, 79745 /*79745*/, 79910 /*79910*/, 88385 /*88385 (Brilliant Bloodfeather)*/, 88994 /*88994*/, 82990 /*82990 - Shivarra*/, 82934 /*82934*/, 82992 /*82992 - Shivarra, Fel Pillar*/, 84997 /*84997 - Sha'tari Belongings*/, 84709 /*84709 - Fel Beacon*/, 83017 /*83017 - Mod Scale 95-100%*/, 84334 /*84334 - Mod Scale 95-100%*/, 82644 /*82644*/, 88975 /*88975*/, 85103 /*85103 - Captive*/, 85027 /*85027 - Invisibility and Stealth Detection*/, 88043 /*88043 - Shadowform*/, 84752 /*84752 - Air Defense Crystal*/, 84873 /*84873 - Mod Scale 95-100%*/, 84880 /*84880 - Mod Scale 95-100%*/, 87337 /*87337*/, 84871 /*84871*/, 83019 /*83019*/, 84112 /*84112 - Fel Firebomb*/, 84754 /*84754 - Freeze Anim*/, 84755 /*84755 - Ride Vehicle Hardcoded*/, 83020 /*83020 - Mod Scale 95-100%*/, 59113 /*59113 (Generic Bunny) - HMC Dummy Effect Periodic Aura*/, 83021 /*83021 - Mod Scale 95-100%*/, 84367 /*84367*/, 86140 /*86140*/, 87597 /*87597 - Mod Scale 95-100%, Ride Vehicle Hardcoded*/, 87599 /*87599 - Ride Vehicle Hardcoded*/, 87601 /*87601*/, 84769 /*84769*/, 84114 /*84114*/, 82988 /*82988 - Carrying Flash Bomb, Carrying Noxious Bomb, Carrying Psych Bomb, Carrying Smoke Bomb*/, 82940 /*82940*/, 82996 /*82996 - Shivarra*/, 87364 /*87364 - Sargerei Missive*/, 86515 /*86515*/, 86601 /*86601 - Ride Vehicle Hardcoded, Shadow Beam*/, 86599 /*86599 - Ride Vehicle Hardcoded*/, 86592 /*86592 - Shadow Prison*/, 86430 /*86430 - Auchindoun Teleporter*/, 86807 /*86807 - Walk (Anim Replacement)*/, 83470 /*83470 - Permanent Feign Death (NO Stun, Untrackable, Immune)*/, 82450 /*82450 - Use Spyglass*/, 82209 /*82209*/, 82205 /*82205*/, 82202 /*82202*/, 89188 /*89188*/, 89189 /*89189*/, 82163 /*82163 - Hemet's Happy Hunting Grounds: Hemet's Chair & Base Anim Kit*/, 86852 /*86852*/, 61366 /*61366 (Rat)*/, 84275 /*84275*/, 83642 /*83642 (Mud Jumper)*/, 78575 /*78575 - Spiny Horns*/, 84255 /*84255*/, 4075 /*4075 (Rat)*/, 84253 /*84253*/, 84260 /*84260*/, 89198 /*89198 (Leatherhide Runt)*/, 61080 /*61080 (Rabbit)*/, 83617 /*83617*/, 78459 /*78459*/, 721 /*721 (Rabbit)*/, 78574 /*78574 - Permanent Feign Death (NO Stun, Untrackable, Immune)*/, 81898 /*81898 - Spiny Horns*/, 1412 /*1412*/, 81902 /*81902*/, 61081 /*61081 (Squirrel)*/, 3300 /*3300*/, 79398 /*79398 (Windroc)*/, 78277 /*78277 (Breezestrider Colt) - Gift of the Talbuk*/, 78278 /*78278 (Breezestrider Talbuk) - Gift of the Talbuk*/, 83674 /*83674*/, 83428 /*83428 - Channel Storm*/, 83742 /*83742*/, 86741 /*86741*/, 86748 /*86748*/, 61141 /*61141 (Prairie Dog)*/, 86730 /*86730 - Spiny Horns, Permanent Feign Death (Flies)*/, 86747 /*86747*/, 86731 /*86731 (Ironhide Bull)*/, 2620 /*2620*/, 86727 /*86727 - Gift of the Talbuk*/, 87310 /*87310 - Drunk*/, 87309 /*87309*/, 35845 /*35845 - Spirit Fire*/, 87395 /*87395*/, 86769 /*86769*/, 86768 /*86768*/, 87292 /*87292*/, 86773 /*86773 - Chameleon, Chameleon*/, 61255 /*61255 (Skunk)*/, 87223 /*87223*/, 86757 /*86757 - Ride Vehicle*/, 62862 /*62862*/, 17467 /*17467*/, 83534 /*83534 - Stone Cosmetic*/, 87221 /*87221*/, 86931 /*86931*/, 43074 /*43074*/, 117658 /*117658 (Rock Viper)*/, 117659 /*117659*/, 115494 /*115494 - Blade's Edge Arena King VO Cooldown Aura*/, 119661 /*119661*/, 87039 /*87039*/, 87264 /*87264*/, 87234 /*87234 - Cosmetic Axe Throw*/, 86932 /*86932*/, 86659 /*86659*/, 87530 /*87530*/, 87024 /*87024*/, 86656 /*86656*/, 86839 /*86839*/, 83563 /*83563*/, 86939 /*86939*/, 83049 /*83049 - Howling Blade*/, 88152 /*88152*/, 86657 /*86657*/, 86959 /*86959*/, 86658 /*86658*/, 72571 /*72571*/);
INSERT INTO `creature_template_addon` (`entry`, `path_id`, `mount`, `bytes1`, `bytes2`, `emote`, `aiAnimKit`, `movementAnimKit`, `meleeAnimKit`, `visibilityDistanceType`, `auras`) VALUES
(82436, 0, 0, 0, 1, 0, 0, 0, 0, 0, ''), -- 82436
(88779, 0, 0, 0, 1, 0, 0, 0, 0, 0, ''), -- 88779
(81163, 0, 0, 0, 1, 0, 0, 0, 0, 0, ''), -- 81163
(82177, 0, 0, 0, 1, 0, 0, 0, 0, 0, ''), -- 82177
(83491, 0, 0, 0, 257, 0, 0, 0, 0, 0, ''), -- 83491
(81103, 0, 0, 0, 1, 0, 0, 0, 0, 0, ''), -- 81103
(80568, 0, 0, 0, 1, 0, 0, 0, 0, 0, ''), -- 80568 (Yrel)
(81346, 0, 0, 0, 257, 0, 0, 0, 0, 0, ''), -- 81346
(80163, 0, 0, 0, 1, 0, 0, 0, 0, 0, ''), -- 80163
(96362, 0, 0, 0, 1, 0, 0, 0, 0, 0, ''), -- 96362
(86589, 0, 0, 0, 1, 0, 0, 0, 0, 0, ''), -- 86589
(89298, 0, 0, 0, 0, 0, 0, 0, 0, 0, '178343'), -- 89298 - Garrison Combat Throttle
(86470, 0, 0, 50331648, 1, 0, 0, 0, 0, 0, ''), -- 86470
(82865, 0, 0, 0, 1, 0, 0, 0, 0, 0, '42459'), -- 82865 (Bruma Swiftstone) - Dual Wield
(79611, 0, 0, 0, 0, 0, 0, 0, 0, 0, ''), -- 79611 (Qiana Moonshadow)
(81656, 0, 0, 0, 1, 0, 0, 0, 0, 0, ''), -- 81656
(80645, 0, 0, 0, 1, 0, 0, 0, 0, 0, ''), -- 80645 (Cordana Felsong)
(81654, 0, 0, 0, 1, 0, 2064, 0, 0, 0, ''), -- 81654
(81633, 0, 0, 0, 1, 0, 0, 0, 0, 0, ''), -- 81633
(80078, 0, 0, 0, 257, 0, 0, 0, 0, 0, ''), -- 80078
(81912, 0, 0, 0, 1, 0, 0, 0, 0, 0, ''), -- 81912
(81851, 0, 0, 0, 1, 0, 5897, 0, 0, 0, ''), -- 81851
(84184, 0, 0, 5, 1, 0, 0, 0, 0, 0, ''), -- 84184
(81653, 0, 0, 0, 1, 0, 0, 0, 0, 0, ''), -- 81653
(81627, 0, 0, 0, 1, 0, 0, 0, 0, 0, '164395'), -- 81627 - Garrison Cart Luggage
(77379, 0, 0, 0, 257, 0, 0, 0, 0, 0, ''), -- 77379
(79457, 0, 0, 0, 0, 0, 0, 0, 0, 0, ''), -- 79457 (Vindicator Maraad)
(83858, 0, 0, 0, 1, 0, 0, 0, 0, 0, ''), -- 83858
(94870, 0, 0, 1, 1, 0, 0, 0, 0, 0, ''), -- 94870
(81491, 0, 0, 0, 1, 0, 0, 0, 0, 0, ''), -- 81491
(88598, 0, 0, 0, 1, 0, 0, 0, 0, 0, ''), -- 88598
(89259, 0, 0, 0, 1, 0, 0, 0, 0, 0, ''), -- 89259
(85737, 0, 0, 0, 1, 0, 0, 0, 0, 0, ''), -- 85737
(84246, 0, 0, 0, 257, 0, 0, 0, 0, 0, ''), -- 84246
(85857, 0, 0, 0, 1, 0, 0, 0, 0, 0, ''), -- 85857
(91196, 0, 0, 0, 1, 0, 0, 0, 0, 0, ''), -- 91196
(82776, 0, 0, 0, 257, 0, 0, 0, 0, 0, ''), -- 82776
(91913, 0, 0, 0, 1, 0, 0, 0, 0, 0, '160955'), -- 91913 (Exarch Yrel) - Yrel's Shield
(84776, 0, 0, 1, 1, 0, 0, 0, 0, 0, ''), -- 84776
(91589, 0, 0, 0, 1, 0, 0, 0, 0, 0, ''), -- 91589
(78564, 0, 0, 0, 0, 0, 0, 0, 0, 0, '178343'), -- 78564 - Garrison Combat Throttle
(82466, 0, 0, 0, 1, 0, 0, 0, 0, 0, ''), -- 82466
(84455, 0, 0, 0, 257, 0, 0, 0, 0, 0, ''), -- 84455
(93142, 0, 0, 0, 1, 0, 0, 0, 0, 0, ''), -- 93142 (Lost Netherpup)
(81492, 0, 0, 0, 1, 0, 0, 0, 0, 3, ''), -- 81492
(81152, 0, 0, 0, 1, 0, 0, 0, 0, 0, '133464'), -- 81152 - Read Scroll
(79603, 0, 0, 50331648, 1, 0, 0, 0, 0, 4, ''), -- 79603
(94512, 0, 0, 0, 257, 0, 0, 0, 0, 0, ''), -- 94512
(84698, 0, 0, 0, 1, 0, 0, 0, 0, 0, ''), -- 84698
(95470, 0, 0, 0, 257, 0, 0, 0, 0, 0, ''), -- 95470
(85418, 0, 0, 8, 257, 0, 0, 0, 0, 0, ''), -- 85418
(77617, 0, 0, 5, 257, 0, 0, 0, 0, 4, ''), -- 77617
(86018, 0, 0, 0, 1, 0, 0, 0, 0, 0, ''), -- 86018
(92219, 0, 0, 0, 0, 0, 0, 0, 0, 0, ''), -- 92219
(92213, 0, 0, 0, 0, 0, 0, 0, 0, 0, '182938'), -- 92213 (Archmage Khadgar) - Arcane Channeling
(77209, 0, 0, 0, 257, 0, 0, 0, 0, 0, ''), -- 77209
(77376, 0, 0, 5, 1, 0, 0, 0, 0, 4, ''), -- 77376
(80026, 0, 0, 0, 1, 0, 0, 0, 0, 5, ''), -- 80026
(85839, 0, 0, 0, 1, 0, 0, 0, 0, 0, ''), -- 85839
(88633, 0, 0, 0, 1, 0, 0, 0, 0, 0, ''), -- 88633
(77370, 0, 0, 0, 0, 0, 0, 0, 0, 4, '178343'), -- 77370 - Garrison Combat Throttle
(85312, 0, 0, 0, 0, 0, 0, 0, 0, 4, '178343'), -- 85312 - Garrison Combat Throttle
(79953, 0, 0, 0, 257, 0, 0, 0, 0, 0, ''), -- 79953
(73468, 0, 0, 0, 1, 0, 0, 0, 0, 0, ''), -- 73468
(50487, 0, 0, 0, 1, 0, 0, 0, 0, 0, ''), -- 50487
(73101, 0, 0, 0, 1, 0, 0, 0, 0, 0, '147629'), -- 73101 - Fel-Cursed
(73805, 0, 0, 0, 1, 0, 0, 0, 0, 0, '146161'), -- 73805 - Fel-Cursed
(63607, 0, 0, 0, 1, 0, 0, 0, 0, 0, ''), -- 63607
(72783, 0, 0, 0, 1, 0, 0, 0, 0, 3, ''), -- 72783
(72785, 0, 0, 0, 1, 0, 0, 0, 0, 4, '146164'), -- 72785 - Fel-Cursed
(61320, 0, 0, 0, 1, 0, 0, 0, 0, 0, ''), -- 61320 (Forest Spiderling)
(88355, 0, 0, 50331648, 1, 0, 0, 0, 0, 0, ''), -- 88355 (Waterfly)
(85434, 0, 0, 0, 1, 0, 0, 0, 0, 0, ''), -- 85434
(75336, 0, 0, 0, 1, 0, 0, 0, 0, 0, ''), -- 75336
(88990, 0, 0, 33554432, 1, 0, 0, 0, 0, 0, ''), -- 88990
(75337, 0, 0, 0, 1, 0, 0, 0, 0, 0, ''), -- 75337
(75290, 0, 0, 50331648, 1, 0, 0, 0, 0, 3, ''), -- 75290
(75283, 0, 0, 0, 1, 0, 0, 0, 0, 3, ''), -- 75283
(84500, 0, 0, 0, 1, 0, 0, 0, 0, 0, ''), -- 84500
(81354, 0, 0, 0, 1, 0, 0, 0, 0, 0, ''), -- 81354
(86021, 0, 0, 0, 257, 0, 0, 0, 0, 0, '18950'), -- 86021 - Invisibility and Stealth Detection
(79662, 0, 0, 0, 1, 0, 0, 0, 0, 0, ''), -- 79662
(80246, 0, 0, 0, 1, 0, 0, 0, 0, 4, ''), -- 80246
(51015, 0, 0, 0, 1, 0, 0, 0, 0, 3, ''), -- 51015
(79577, 0, 0, 0, 1, 0, 0, 0, 0, 3, ''), -- 79577
(88572, 0, 0, 0, 1, 0, 0, 0, 0, 0, ''), -- 88572 (Flat-Tooth Calf)
(77328, 0, 0, 50331648, 1, 0, 0, 0, 0, 0, ''), -- 77328
(76668, 0, 0, 33554432, 1, 0, 0, 0, 0, 0, ''), -- 76668
(88983, 0, 0, 0, 1, 0, 0, 0, 0, 0, ''), -- 88983
(86848, 0, 0, 0, 1, 0, 0, 0, 0, 0, ''), -- 86848
(80028, 0, 0, 1, 1, 0, 0, 0, 0, 0, ''), -- 80028
(77331, 0, 0, 33554432, 1, 0, 0, 0, 0, 0, ''), -- 77331
(79636, 0, 0, 0, 1, 0, 0, 0, 0, 0, ''), -- 79636
(78673, 0, 0, 0, 1, 0, 0, 0, 0, 0, '123978 158806'), -- 78673 - Mod Scale 95-120%, Poisonous Skin
(78671, 0, 0, 0, 1, 0, 0, 0, 0, 0, '123978'), -- 78671 - Mod Scale 95-120%
(79909, 0, 0, 0, 1, 0, 0, 0, 0, 0, '58506 162245'), -- 79909 - Stealth, Tooth and Claw
(61757, 0, 0, 0, 1, 0, 0, 0, 0, 0, ''), -- 61757 (Red-Tailed Chipmunk)
(49778, 0, 0, 0, 1, 0, 0, 0, 0, 0, ''), -- 49778
(78372, 0, 0, 0, 1, 0, 0, 0, 0, 3, ''), -- 78372
(79705, 0, 0, 0, 1, 0, 0, 0, 0, 0, '120703'), -- 79705 - Cosmetic - Sleep Zzz Breakable
(79752, 0, 0, 0, 1, 0, 0, 0, 0, 0, '114371'), -- 79752 - Permanent Feign Death
(79703, 0, 0, 0, 1, 0, 0, 0, 0, 0, '58506'), -- 79703 - Stealth
(82762, 0, 0, 0, 1, 0, 0, 0, 0, 0, ''), -- 82762 (Enchanted Feywing)
(81064, 0, 0, 0, 257, 0, 0, 0, 0, 0, ''), -- 81064
(79595, 0, 0, 50331648, 1, 0, 0, 0, 0, 0, '123978'), -- 79595 - Mod Scale 95-120%
(79923, 0, 0, 50331648, 1, 0, 0, 0, 0, 0, ''), -- 79923
(80077, 0, 0, 0, 1, 0, 0, 0, 0, 0, '161609'), -- 80077 - Flower Spell
(79745, 0, 0, 0, 1, 0, 0, 0, 0, 0, ''), -- 79745
(79910, 0, 0, 50331648, 1, 0, 0, 0, 0, 0, ''), -- 79910
(88385, 0, 0, 0, 1, 0, 0, 0, 0, 0, ''), -- 88385 (Brilliant Bloodfeather)
(88994, 0, 0, 0, 1, 0, 0, 0, 0, 0, ''), -- 88994
(82990, 0, 0, 0, 1, 0, 0, 0, 0, 0, '172143'), -- 82990 - Shivarra
(82934, 0, 0, 0, 1, 0, 0, 0, 0, 0, ''), -- 82934
(82992, 0, 0, 0, 1, 0, 0, 0, 0, 4, '172143 169350'), -- 82992 - Shivarra, Fel Pillar
(84997, 0, 0, 0, 1, 0, 0, 0, 0, 0, '169855'), -- 84997 - Sha'tari Belongings
(84709, 0, 0, 33554432, 1, 0, 0, 0, 0, 3, '169338'), -- 84709 - Fel Beacon
(83017, 0, 0, 0, 1, 0, 0, 0, 0, 0, '123167'), -- 83017 - Mod Scale 95-100%
(84334, 0, 0, 0, 1, 0, 0, 0, 0, 0, '123167'), -- 84334 - Mod Scale 95-100%
(82644, 0, 0, 0, 1, 0, 0, 0, 0, 0, ''), -- 82644
(88975, 0, 0, 50331648, 1, 0, 0, 0, 0, 0, ''), -- 88975
(85103, 0, 0, 0, 1, 0, 0, 0, 0, 0, '170010'), -- 85103 - Captive
(85027, 0, 0, 0, 1, 0, 0, 0, 0, 0, '18950'), -- 85027 - Invisibility and Stealth Detection
(88043, 0, 0, 0, 1, 0, 0, 0, 0, 3, '34429'), -- 88043 - Shadowform
(84752, 0, 0, 50331648, 1, 0, 0, 0, 0, 4, '169399'), -- 84752 - Air Defense Crystal
(84873, 0, 0, 0, 1, 0, 0, 0, 0, 0, '123167'), -- 84873 - Mod Scale 95-100%
(84880, 0, 0, 0, 1, 0, 0, 0, 0, 0, '123167'), -- 84880 - Mod Scale 95-100%
(87337, 0, 0, 0, 1, 0, 0, 0, 0, 0, ''), -- 87337
(84871, 0, 0, 0, 1, 0, 0, 0, 0, 0, ''), -- 84871
(83019, 0, 0, 0, 1, 0, 0, 0, 0, 4, ''), -- 83019
(84112, 0, 0, 0, 1, 0, 0, 0, 0, 4, '168191'), -- 84112 - Fel Firebomb
(84754, 0, 0, 50331648, 1, 0, 0, 0, 0, 3, '16245'), -- 84754 - Freeze Anim
(84755, 0, 0, 50331648, 1, 0, 0, 0, 0, 0, '46598'), -- 84755 - Ride Vehicle Hardcoded
(83020, 0, 0, 0, 1, 0, 0, 0, 0, 0, '123167'), -- 83020 - Mod Scale 95-100%
(59113, 0, 0, 0, 1, 0, 0, 0, 0, 3, '98917'), -- 59113 (Generic Bunny) - HMC Dummy Effect Periodic Aura
(83021, 0, 0, 0, 1, 0, 0, 0, 0, 0, '123167'), -- 83021 - Mod Scale 95-100%
(84367, 0, 0, 0, 1, 0, 0, 0, 0, 4, ''), -- 84367
(86140, 0, 0, 50331648, 1, 0, 0, 0, 0, 3, ''), -- 86140
(87597, 0, 0, 0, 1, 0, 0, 0, 0, 4, '123167 46598'), -- 87597 - Mod Scale 95-100%, Ride Vehicle Hardcoded
(87599, 0, 0, 50331648, 1, 0, 0, 0, 0, 0, '46598'), -- 87599 - Ride Vehicle Hardcoded
(87601, 0, 0, 0, 1, 0, 0, 0, 7361, 4, ''), -- 87601
(84769, 0, 0, 50331648, 1, 0, 0, 0, 0, 4, ''), -- 84769
(84114, 0, 0, 0, 1, 0, 0, 0, 0, 3, ''), -- 84114
(82988, 0, 0, 0, 1, 0, 0, 0, 0, 3, '169053 169049 169051 169050'), -- 82988 - Carrying Flash Bomb, Carrying Noxious Bomb, Carrying Psych Bomb, Carrying Smoke Bomb
(82940, 0, 0, 0, 1, 0, 0, 0, 0, 0, ''), -- 82940
(82996, 0, 0, 0, 1, 0, 0, 0, 0, 3, '172144'), -- 82996 - Shivarra
(87364, 0, 0, 50331648, 1, 0, 0, 0, 0, 0, '174766'), -- 87364 - Sargerei Missive
(86515, 0, 55150, 50331648, 1, 0, 0, 0, 0, 4, ''), -- 86515
(86601, 0, 0, 0, 1, 0, 0, 0, 0, 0, '46598 173202'), -- 86601 - Ride Vehicle Hardcoded, Shadow Beam
(86599, 0, 0, 0, 1, 0, 0, 0, 0, 0, '46598'), -- 86599 - Ride Vehicle Hardcoded
(86592, 0, 0, 50331648, 1, 0, 0, 0, 0, 3, '173188'), -- 86592 - Shadow Prison
(86430, 0, 0, 50331648, 1, 0, 0, 0, 0, 4, '172654'), -- 86430 - Auchindoun Teleporter
(86807, 0, 0, 0, 1, 0, 0, 0, 0, 3, '87745'), -- 86807 - Walk (Anim Replacement)
(83470, 0, 0, 262144, 1, 0, 0, 0, 0, 0, '159474'), -- 83470 - Permanent Feign Death (NO Stun, Untrackable, Immune)
(82450, 0, 0, 0, 1, 0, 0, 0, 0, 0, '166109'), -- 82450 - Use Spyglass
(82209, 0, 0, 0, 1, 0, 0, 0, 0, 0, ''), -- 82209
(82205, 0, 0, 0, 1, 0, 0, 0, 0, 3, ''), -- 82205
(82202, 0, 0, 0, 1, 0, 0, 0, 0, 3, ''), -- 82202
(89188, 0, 0, 0, 256, 0, 0, 0, 0, 0, ''), -- 89188
(89189, 0, 0, 0, 256, 0, 0, 0, 0, 0, ''), -- 89189
(82163, 0, 0, 0, 1, 0, 0, 0, 0, 3, '146082'), -- 82163 - Hemet's Happy Hunting Grounds: Hemet's Chair & Base Anim Kit
(86852, 0, 0, 0, 1, 0, 0, 0, 0, 0, ''), -- 86852
(61366, 0, 0, 0, 1, 0, 0, 0, 0, 0, ''), -- 61366 (Rat)
(84275, 0, 0, 0, 1, 0, 0, 0, 0, 0, ''), -- 84275
(83642, 0, 0, 0, 1, 0, 0, 0, 0, 0, ''), -- 83642 (Mud Jumper)
(78575, 0, 0, 0, 1, 0, 0, 0, 0, 0, '158349'), -- 78575 - Spiny Horns
(84255, 0, 0, 0, 1, 0, 0, 0, 0, 0, ''), -- 84255
(4075, 0, 0, 0, 1, 0, 0, 0, 0, 0, ''), -- 4075 (Rat)
(84253, 0, 0, 0, 1, 0, 0, 0, 0, 0, ''), -- 84253
(84260, 0, 0, 0, 1, 0, 0, 0, 0, 0, ''), -- 84260
(89198, 0, 0, 0, 1, 0, 0, 0, 0, 0, ''), -- 89198 (Leatherhide Runt)
(61080, 0, 0, 0, 1, 0, 0, 0, 0, 0, ''), -- 61080 (Rabbit)
(83617, 0, 0, 0, 1, 0, 0, 0, 0, 0, ''), -- 83617
(78459, 0, 0, 0, 1, 0, 0, 0, 0, 0, ''), -- 78459
(721, 0, 0, 0, 1, 0, 0, 0, 0, 0, ''), -- 721 (Rabbit)
(78574, 0, 0, 262144, 1, 0, 0, 0, 0, 0, '159474'), -- 78574 - Permanent Feign Death (NO Stun, Untrackable, Immune)
(81898, 0, 0, 0, 1, 0, 0, 0, 0, 0, '158349'), -- 81898 - Spiny Horns
(1412, 0, 0, 0, 1, 0, 0, 0, 0, 0, ''), -- 1412
(81902, 0, 0, 0, 1, 0, 0, 0, 0, 0, ''), -- 81902
(61081, 0, 0, 0, 1, 0, 0, 0, 0, 0, ''), -- 61081 (Squirrel)
(3300, 0, 0, 0, 1, 0, 0, 0, 0, 0, ''), -- 3300
(79398, 0, 0, 8, 1, 0, 0, 0, 0, 0, ''), -- 79398 (Windroc)
(78277, 0, 0, 0, 1, 0, 0, 0, 0, 0, '158050'), -- 78277 (Breezestrider Colt) - Gift of the Talbuk
(78278, 0, 0, 0, 1, 0, 0, 0, 0, 0, '158056'), -- 78278 (Breezestrider Talbuk) - Gift of the Talbuk
(83674, 0, 0, 0, 1, 0, 0, 0, 0, 0, ''), -- 83674
(83428, 0, 0, 0, 1, 0, 0, 0, 0, 3, '167196'), -- 83428 - Channel Storm
(83742, 0, 0, 0, 1, 0, 0, 0, 0, 0, ''), -- 83742
(86741, 0, 0, 0, 1, 0, 0, 0, 0, 0, ''), -- 86741
(86748, 0, 0, 0, 1, 0, 0, 0, 0, 0, ''), -- 86748
(61141, 0, 0, 0, 1, 0, 0, 0, 0, 0, ''), -- 61141 (Prairie Dog)
(86730, 0, 0, 262144, 1, 0, 0, 0, 0, 0, '158349 154470'), -- 86730 - Spiny Horns, Permanent Feign Death (Flies)
(86747, 0, 0, 0, 1, 0, 0, 0, 0, 0, ''), -- 86747
(86731, 0, 0, 0, 1, 0, 0, 0, 0, 0, ''), -- 86731 (Ironhide Bull)
(2620, 0, 0, 0, 1, 0, 0, 0, 0, 0, ''), -- 2620
(86727, 0, 0, 0, 1, 0, 0, 0, 0, 0, '158056'), -- 86727 - Gift of the Talbuk
(87310, 0, 0, 1, 1, 0, 0, 0, 0, 0, '174714'), -- 87310 - Drunk
(87309, 0, 0, 0, 1, 0, 0, 0, 0, 0, ''), -- 87309
(35845, 0, 0, 0, 1, 0, 0, 0, 0, 0, '179515'), -- 35845 - Spirit Fire
(87395, 0, 0, 0, 1, 0, 0, 0, 0, 0, ''), -- 87395
(86769, 0, 0, 0, 1, 0, 0, 0, 0, 0, ''), -- 86769
(86768, 0, 0, 0, 1, 0, 0, 0, 0, 0, ''), -- 86768
(87292, 0, 0, 0, 1, 0, 0, 0, 0, 0, ''), -- 87292
(86773, 0, 0, 0, 1, 0, 0, 0, 0, 0, '165457 165400'), -- 86773 - Chameleon, Chameleon
(61255, 0, 0, 0, 1, 0, 0, 0, 0, 0, ''), -- 61255 (Skunk)
(87223, 0, 0, 0, 1, 0, 0, 0, 0, 0, ''), -- 87223
(86757, 0, 0, 50331648, 1, 0, 0, 0, 0, 0, '93970'), -- 86757 - Ride Vehicle
(62862, 0, 0, 50331648, 1, 0, 0, 0, 0, 0, ''), -- 62862
(17467, 0, 0, 0, 1, 0, 0, 0, 0, 0, ''), -- 17467
(83534, 0, 0, 0, 1, 0, 0, 0, 0, 0, '167537'), -- 83534 - Stone Cosmetic
(87221, 0, 0, 0, 1, 0, 0, 0, 0, 0, ''), -- 87221
(86931, 0, 0, 0, 1, 0, 0, 0, 0, 0, ''), -- 86931
(43074, 0, 0, 0, 1, 0, 0, 0, 0, 0, ''), -- 43074
(117658, 0, 0, 0, 1, 0, 0, 0, 0, 0, ''), -- 117658 (Rock Viper)
(117659, 0, 0, 0, 1, 0, 0, 0, 0, 0, ''), -- 117659
(115494, 0, 0, 50331648, 1, 0, 2188, 0, 0, 0, '236744'), -- 115494 - Blade's Edge Arena King VO Cooldown Aura
(119661, 0, 0, 0, 1, 0, 0, 0, 0, 5, ''), -- 119661
(87039, 0, 0, 0, 1, 0, 0, 0, 0, 3, ''), -- 87039
(87264, 0, 0, 0, 1, 0, 0, 0, 0, 0, ''), -- 87264
(87234, 0, 0, 0, 1, 0, 0, 0, 0, 3, '175961'), -- 87234 - Cosmetic Axe Throw
(86932, 0, 0, 3, 1, 0, 0, 0, 0, 0, ''), -- 86932
(86659, 0, 0, 0, 1, 0, 0, 0, 0, 0, ''), -- 86659
(87530, 0, 0, 0, 1, 0, 0, 0, 0, 0, ''), -- 87530
(87024, 0, 0, 0, 1, 0, 0, 0, 0, 0, ''), -- 87024
(86656, 0, 0, 0, 1, 0, 0, 0, 0, 0, ''), -- 86656
(86839, 0, 0, 0, 1, 0, 0, 0, 0, 0, ''), -- 86839
(83563, 0, 0, 0, 1, 0, 0, 0, 0, 0, ''), -- 83563
(86939, 0, 0, 0, 1, 0, 0, 0, 0, 0, ''), -- 86939
(83049, 0, 54563, 0, 1, 0, 0, 0, 0, 0, '166740'), -- 83049 - Howling Blade
(88152, 0, 0, 0, 1, 0, 0, 0, 0, 0, ''), -- 88152
(86657, 0, 0, 0, 1, 0, 0, 0, 0, 0, ''), -- 86657
(86959, 0, 0, 0, 1, 0, 0, 0, 0, 3, ''), -- 86959
(86658, 0, 0, 0, 1, 0, 0, 0, 0, 0, ''), -- 86658
(72571, 0, 0, 0, 0, 0, 0, 0, 0, 0, ''); -- 72571



DELETE FROM `creature_template_scaling` WHERE (`DifficultyID`=1 AND `Entry` IN (82436,88779,81163,82177,83491,81103,80568,81346,80163,96362,86589,89298,86470,82865,79611,81656,80645,81654,81633,80078,81912,81851,84184,81653,81627,77379,79457,83858,94870,81491,88598,89259,85737,84246,85857,91196,82776,91913,84776,91589,78564,82466,93142,81152,95470,92219,92213,85839)) OR (`DifficultyID`=0 AND `Entry` IN (84455,81492,79603,94512,84698,85418,77617,86018,77209,77376,80026,88633,77370,85312,79953,73468,50487,73101,73805,63607,72783,72785,61320,88355,85434,75336,88990,75337,75290,75283,84500,81354,86021,79662,80246,51015,79577,88572,77328,76668,88983,86848,80028,77331,79636,78673,78671,79909,61757,49778,78372,79705,79752,79703,82762,81064,79595,79923,80077,79745,79910,88385,88994,82990,82934,82992,84997,84709,83017,84334,82644,88975,85103,85027,88043,84752,84873,84880,87337,84871,83019,84112,84754,84755,83020,59113,83021,84367,86140,87597,87599,87601,84769,84114,82988,82940,82996,87364,86515,86601,86599,86592,86430,86807,83470,82450,82209,82205,82202,89188,89189,82163,86852,61366,84275,83642,78575,84255,4075,84253,84260,89198,61080,83617,78459,721,78574,81898,1412,81902,61081,3300,79398,78277,78278,83674,83428,83742,86741,86748,61141,86730,86747,86731,2620,86727,87310,87309,35845,87395,86769,86768,87292,86773,61255,87223,86757,62862,17467,83534,87221,86931,43074,117658,117659,115494,119661,87039,87264,87234,86932,86659,87530,87024,86656,86839,83563,86939,83049,88152,86657,86959,86658,72571));
INSERT INTO `creature_template_scaling` (`Entry`, `DifficultyID`, `LevelScalingDeltaMin`, `LevelScalingDeltaMax`, `ContentTuningID`, `VerifiedBuild`) VALUES
(82436, 1, 0, 0, 302, 44325),
(88779, 1, 0, 0, 301, 44325),
(81163, 1, 0, 0, 302, 44325),
(82177, 1, 0, 0, 63, 44325),
(83491, 1, 0, 0, 302, 44325),
(81103, 1, 0, 0, 881, 44325),
(80568, 1, 0, 0, 63, 44325),
(81346, 1, 0, 0, 63, 44325),
(80163, 1, 0, 0, 63, 44325),
(96362, 1, 0, 0, 302, 44325),
(86589, 1, 0, 0, 63, 44325),
(89298, 1, 0, 0, 302, 44325),
(86470, 1, 0, 0, 301, 44325),
(82865, 1, 0, 0, 302, 44325),
(79611, 1, 0, 0, 302, 44325),
(81656, 1, 0, 0, 302, 44325),
(80645, 1, 0, 0, 63, 44325),
(81654, 1, 0, 0, 63, 44325),
(81633, 1, 0, 0, 302, 44325),
(80078, 1, 0, 0, 63, 44325),
(81912, 1, 0, 0, 302, 44325),
(81851, 1, 0, 0, 63, 44325),
(84184, 1, 0, 0, 301, 44325),
(81653, 1, 0, 0, 63, 44325),
(81627, 1, 0, 0, 302, 44325),
(77379, 1, 0, 0, 302, 44325),
(79457, 1, 0, 0, 63, 44325),
(83858, 1, 0, 0, 305, 44325),
(94870, 1, 0, 0, 302, 44325),
(81491, 1, 0, 0, 302, 44325),
(88598, 1, 0, 0, 63, 44325),
(89259, 1, 0, 0, 63, 44325),
(85737, 1, 0, 0, 302, 44325),
(84246, 1, 0, 0, 302, 44325),
(85857, 1, 0, 0, 864, 44325),
(91196, 1, 0, 0, 302, 44325),
(82776, 1, 0, 0, 63, 44325),
(91913, 1, 0, 0, 176, 44325),
(84776, 1, 0, 0, 302, 44325),
(91589, 1, 0, 0, 302, 44325),
(78564, 1, 0, 0, 302, 44325),
(82466, 1, 0, 0, 302, 44325),
(84455, 0, 0, 0, 302, 44325),
(93142, 1, 0, 0, 371, 44325),
(81492, 0, 0, 0, 302, 44325),
(81152, 1, 0, 0, 302, 44325),
(79603, 0, 0, 0, 301, 44325),
(94512, 0, 0, 0, 302, 44325),
(84698, 0, 0, 0, 63, 44325),
(95470, 1, 0, 0, 302, 44325),
(85418, 0, 0, 0, 302, 44325),
(77617, 0, 0, 0, 302, 44325),
(86018, 0, 0, 0, 63, 44325),
(92219, 1, 0, 0, 176, 44325),
(92213, 1, 0, 0, 305, 44325),
(77209, 0, 0, 0, 63, 44325),
(77376, 0, 0, 0, 302, 44325),
(80026, 0, 0, 0, 302, 44325),
(85839, 1, 0, 0, 302, 44325),
(88633, 0, 0, 0, 63, 44325),
(77370, 0, 0, 0, 302, 44325),
(85312, 0, 0, 0, 302, 44325),
(79953, 0, 0, 0, 302, 44325),
(73468, 0, 0, 0, 63, 44325),
(50487, 0, 0, 0, 81, 44325),
(73101, 0, 0, 0, 63, 44325),
(73805, 0, 0, 0, 63, 44325),
(63607, 0, 0, 0, 81, 44325),
(72783, 0, 0, 0, 63, 44325),
(72785, 0, 0, 0, 63, 44325),
(61320, 0, 0, 0, 371, 44325),
(88355, 0, 0, 0, 371, 44325),
(85434, 0, 0, 0, 66, 44325),
(75336, 0, 0, 0, 66, 44325),
(88990, 0, 0, 0, 81, 44325),
(75337, 0, 0, 0, 66, 44325),
(75290, 0, 0, 0, 66, 44325),
(75283, 0, 0, 0, 66, 44325),
(84500, 0, 0, 0, 67, 44325),
(81354, 0, 0, 0, 881, 44325),
(86021, 0, 0, 0, 66, 44325),
(79662, 0, 0, 0, 66, 44325),
(80246, 0, 0, 0, 66, 44325),
(51015, 0, 0, 0, 66, 44325),
(79577, 0, 0, 0, 66, 44325),
(88572, 0, 0, 0, 371, 44325),
(77328, 0, 0, 0, 66, 44325),
(76668, 0, 0, 0, 66, 44325),
(88983, 0, 0, 0, 81, 44325),
(86848, 0, 0, 0, 66, 44325),
(80028, 0, 0, 0, 66, 44325),
(77331, 0, 0, 0, 66, 44325),
(79636, 0, 0, 0, 66, 44325),
(78673, 0, 0, 0, 66, 44325),
(78671, 0, 0, 0, 66, 44325),
(79909, 0, 0, 0, 66, 44325),
(61757, 0, 0, 0, 371, 44325),
(49778, 0, 0, 0, 81, 44325),
(78372, 0, 0, 0, 66, 44325),
(79705, 0, 0, 0, 66, 44325),
(79752, 0, 0, 0, 66, 44325),
(79703, 0, 0, 0, 66, 44325),
(82762, 0, 0, 0, 872, 44325),
(81064, 0, 0, 0, 881, 44325),
(79595, 0, 0, 0, 66, 44325),
(79923, 0, 0, 0, 66, 44325),
(80077, 0, 0, 0, 66, 44325),
(79745, 0, 0, 0, 66, 44325),
(79910, 0, 0, 0, 66, 44325),
(88385, 0, 0, 0, 371, 44325),
(88994, 0, 0, 0, 81, 44325),
(82990, 0, 0, 0, 66, 44325),
(82934, 0, 0, 0, 66, 44325),
(82992, 0, 0, 0, 66, 44325),
(84997, 0, 0, 0, 66, 44325),
(84709, 0, 0, 0, 66, 44325),
(83017, 0, 0, 0, 66, 44325),
(84334, 0, 0, 0, 66, 44325),
(82644, 0, 0, 0, 66, 44325),
(88975, 0, 0, 0, 81, 44325),
(85103, 0, 0, 0, 66, 44325),
(85027, 0, 0, 0, 66, 44325),
(88043, 0, 0, 0, 66, 44325),
(84752, 0, 0, 0, 66, 44325),
(84873, 0, 0, 0, 66, 44325),
(84880, 0, 0, 0, 66, 44325),
(87337, 0, 0, 0, 66, 44325),
(84871, 0, 0, 0, 66, 44325),
(83019, 0, 0, 0, 66, 44325),
(84112, 0, 0, 0, 66, 44325),
(84754, 0, 0, 0, 66, 44325),
(84755, 0, 0, 0, 66, 44325),
(83020, 0, 0, 0, 66, 44325),
(59113, 0, 0, 0, 328, 44325),
(83021, 0, 0, 0, 66, 44325),
(84367, 0, 0, 0, 66, 44325),
(86140, 0, 0, 0, 66, 44325),
(87597, 0, 0, 0, 66, 44325),
(87599, 0, 0, 0, 66, 44325),
(87601, 0, 0, 0, 66, 44325),
(84769, 0, 0, 0, 66, 44325),
(84114, 0, 0, 0, 66, 44325),
(82988, 0, 0, 0, 66, 44325),
(82940, 0, 0, 0, 66, 44325),
(82996, 0, 0, 0, 66, 44325),
(87364, 0, 0, 0, 66, 44325),
(86515, 0, 0, 0, 66, 44325),
(86601, 0, 0, 0, 66, 44325),
(86599, 0, 0, 0, 66, 44325),
(86592, 0, 0, 0, 66, 44325),
(86430, 0, 0, 0, 66, 44325),
(86807, 0, 0, 0, 66, 44325),
(83470, 0, 0, 0, 68, 44325),
(82450, 0, 0, 0, 68, 44325),
(82209, 0, 0, 0, 68, 44325),
(82205, 0, 0, 0, 68, 44325),
(82202, 0, 0, 0, 68, 44325),
(89188, 0, 0, 0, 68, 44325),
(89189, 0, 0, 0, 68, 44325),
(82163, 0, 0, 0, 68, 44325),
(86852, 0, 0, 0, 68, 44325),
(61366, 0, 0, 0, 371, 44325),
(84275, 0, 0, 0, 68, 44325),
(83642, 0, 0, 0, 371, 44325),
(78575, 0, 0, 0, 68, 44325),
(84255, 0, 0, 0, 68, 44325),
(4075, 0, 0, 0, 81, 44325),
(84253, 0, 0, 0, 68, 44325),
(84260, 0, 0, 0, 68, 44325),
(89198, 0, 0, 0, 371, 44325),
(61080, 0, 0, 0, 371, 44325),
(83617, 0, 0, 0, 81, 44325),
(78459, 0, 0, 0, 68, 44325),
(721, 0, 0, 0, 81, 44325),
(78574, 0, 0, 0, 68, 44325),
(81898, 0, 0, 0, 68, 44325),
(1412, 0, 0, 0, 81, 44325),
(81902, 0, 0, 0, 68, 44325),
(61081, 0, 0, 0, 371, 44325),
(3300, 0, 0, 0, 81, 44325),
(79398, 0, 0, 0, 68, 44325),
(78277, 0, 0, 0, 68, 44325),
(78278, 0, 0, 0, 68, 44325),
(83674, 0, 0, 0, 81, 44325),
(83428, 0, 0, 0, 68, 44325),
(83742, 0, 0, 0, 68, 44325),
(86741, 0, 0, 0, 68, 44325),
(86748, 0, 0, 0, 68, 44325),
(61141, 0, 0, 0, 371, 44325),
(86730, 0, 0, 0, 68, 44325),
(86747, 0, 0, 0, 68, 44325),
(86731, 0, 0, 0, 68, 44325),
(2620, 0, 0, 0, 81, 44325),
(86727, 0, 0, 0, 68, 44325),
(87310, 0, 0, 0, 68, 44325),
(87309, 0, 0, 0, 68, 44325),
(35845, 0, 0, 0, 181, 44325),
(87395, 0, 0, 0, 881, 44325),
(86769, 0, 0, 0, 68, 44325),
(86768, 0, 0, 0, 68, 44325),
(87292, 0, 0, 0, 68, 44325),
(86773, 0, 0, 0, 68, 44325),
(61255, 0, 0, 0, 371, 44325),
(87223, 0, 0, 0, 68, 44325),
(86757, 0, 0, 0, 68, 44325),
(62862, 0, 0, 0, 68, 44325),
(17467, 0, 0, 0, 81, 44325),
(83534, 0, 0, 0, 68, 44325),
(87221, 0, 0, 0, 68, 44325),
(86931, 0, 0, 0, 68, 44325),
(43074, 0, 0, 0, 391, 44325),
(117658, 0, 0, 0, 81, 44325),
(117659, 0, 0, 0, 81, 44325),
(115494, 0, 1, 1, 969, 44325),
(119661, 0, 0, 0, 483, 44325),
(87039, 0, 0, 0, 68, 44325),
(87264, 0, 0, 0, 68, 44325),
(87234, 0, 0, 0, 68, 44325),
(86932, 0, 0, 0, 68, 44325),
(86659, 0, 0, 0, 68, 44325),
(87530, 0, 0, 0, 68, 44325),
(87024, 0, 0, 0, 68, 44325),
(86656, 0, 0, 0, 68, 44325),
(86839, 0, 0, 0, 68, 44325),
(83563, 0, 0, 0, 68, 44325),
(86939, 0, 0, 0, 68, 44325),
(83049, 0, 0, 0, 68, 44325),
(88152, 0, 0, 0, 68, 44325),
(86657, 0, 0, 0, 68, 44325),
(86959, 0, 0, 0, 68, 44325),
(86658, 0, 0, 0, 68, 44325),
(72571, 0, 0, 0, 68, 44325);



DELETE FROM `creature_model_info` WHERE `DisplayID` IN (57997, 61092, 44820, 57739, 5128, 55210, 56600, 59657, 64884, 59711, 59624, 57340, 55047, 14551, 53826, 50650, 35440, 56486, 55504, 52387, 53973, 57016, 53834, 56496, 53844, 58494, 19113, 64196, 38876, 60985, 44085, 55345, 58224, 37372, 62751, 57351, 54119, 58492, 62516, 61187, 56648, 58062, 63447, 56418, 56245, 54616, 58227, 64048, 58452, 56247, 58842, 54614, 59294, 28127, 56765, 1357, 53841, 23767, 6629, 60990, 53835, 61417, 53840, 61416, 58063, 51368, 51366, 60459, 51815, 44816, 52268, 57062, 20923, 57507, 59451, 60861, 59446, 57132, 55992, 54173, 59448, 59812, 53729, 61216, 52413, 59896, 59895, 58766, 60156, 55470, 59897, 56961, 53780, 55205, 59724, 36620, 54484, 59721, 94753, 59723, 59481, 59592, 56162, 59894, 60805, 55510, 50931, 20139, 28493, 19997, 59889, 55086, 59480, 59130, 55088, 57445, 57396, 59482, 57441, 57468, 58291, 60891, 55087, 59483, 56554, 58543, 58544, 60270, 60269, 57470, 58130, 58637, 57472, 57473, 58308, 59415, 60385, 58480, 60387, 17188, 55150, 57440, 20214, 57446, 60024, 60025, 31379, 60026, 59653, 60023, 11686, 62187, 54412, 57002, 56900, 52600, 56124, 56897, 56150, 56151, 17557, 54519, 1418, 55073, 55076, 2176, 52373, 55075, 56116, 1141, 54289, 55074, 1987, 1986, 58606, 4626, 54388, 328, 52376, 54443, 54193, 134, 58048, 1206, 55810, 53612, 53116, 47992, 57702, 41298, 54525, 61646, 52378, 59158, 60083, 1072, 6295, 53639, 60248, 60249, 27823, 60299, 60238, 55840, 54397, 61265, 1924, 60189, 59747, 45494, 16633, 57778, 54963, 55947, 901, 6296, 5905, 4268, 15469, 74075, 19272, 50898, 60003, 56572, 60114, 60198, 61302, 56573, 60329, 60146, 56480, 54563, 61419, 57829, 60004, 58568, 60001, 60002, 60200, 56839, 55365);
INSERT INTO `creature_model_info` (`DisplayID`, `BoundingRadius`, `CombatReach`, `DisplayID_Other_Gender`, `VerifiedBuild`) VALUES
(57997, 1, 1.5, 0, 44325),
(61092, 0.367200016975402832, 1.80000007152557373, 0, 44325),
(44820, 0.226091504096984863, 1, 0, 44325),
(57739, 0.305999994277954101, 1.5, 0, 44325),
(5128, 0.305999994277954101, 1.5, 0, 44325),
(55210, 1.20000004768371582, 1.80000007152557373, 0, 44325),
(56600, 1, 1.5, 0, 44325),
(59657, 0.305999994277954101, 1.5, 0, 44325),
(64884, 0.305999994277954101, 1.5, 0, 44325),
(59711, 0.305999994277954101, 1.5, 0, 44325),
(59624, 0.050000000745058059, 0.625, 0, 44325),
(57340, 0.347000002861022949, 1.5, 0, 44325),
(55047, 0.305999994277954101, 1.5, 0, 44325),
(14551, 1.169405937194824218, 1, 0, 44325),
(53826, 0.347000002861022949, 1.5, 0, 44325),
(50650, 1.5, 1.5, 0, 44325),
(35440, 0.347000002861022949, 1.5, 0, 44325),
(56486, 1.8125, 1.875, 0, 44325),
(55504, 1, 1.5, 0, 44325),
(52387, 0.305999994277954101, 1.5, 0, 44325),
(53973, 0.305999994277954101, 1.5, 0, 44325),
(57016, 1, 1.5, 0, 44325),
(53834, 0.208000004291534423, 1.5, 0, 44325),
(56496, 1.299999952316284179, 0, 0, 44325),
(53844, 0.336600005626678466, 1.65000009536743164, 0, 44325),
(58494, 1.20000004768371582, 1.80000007152557373, 0, 44325),
(19113, 0.4375, 3.125, 0, 44325),
(64196, 0.372000008821487426, 1.5, 0, 44325),
(38876, 0.208000004291534423, 1.5, 0, 44325),
(60985, 1, 1.5, 0, 44325),
(44085, 0.347222000360488891, 1.5, 0, 44325),
(55345, 0.347000002861022949, 1.5, 0, 44325),
(58224, 0.208000004291534423, 1.5, 0, 44325),
(37372, 0.305999994277954101, 1.5, 0, 44325),
(62751, 0.399049997329711914, 1.724999904632568359, 0, 44325),
(57351, 0.347000002861022949, 1.5, 0, 44325),
(54119, 1.20000004768371582, 1.80000007152557373, 0, 44325),
(58492, 1, 1.5, 0, 44325),
(62516, 0.305999994277954101, 1.5, 0, 44325),
(61187, 0.336600005626678466, 1.65000009536743164, 0, 44325),
(56648, 1, 1.5, 0, 44325),
(58062, 0.347000002861022949, 1.5, 0, 44325),
(63447, 0.199197366833686828, 0, 0, 44325),
(56418, 0.336600005626678466, 1.65000009536743164, 0, 44325),
(56245, 0.305999994277954101, 1.5, 0, 44325),
(54616, 0.305999994277954101, 1.5, 0, 44325),
(58227, 0.347000002861022949, 1.5, 0, 44325),
(64048, 0.305999994277954101, 1.5, 0, 44325),
(58452, 1.60000002384185791, 0.800000011920928955, 0, 44325),
(56247, 1, 1.5, 0, 44325),
(58842, 0.347222000360488891, 1.5, 0, 44325),
(54614, 0.305999994277954101, 1.5, 0, 44325),
(59294, 1.60000002384185791, 0.800000011920928955, 0, 44325),
(28127, 0.551437795162200927, 1.25, 0, 44325),
(56765, 0.428497314453125, 0, 0, 44325),
(1357, 0.305999994277954101, 1.5, 0, 44325),
(53841, 0.305999994277954101, 1.5, 0, 44325),
(23767, 0.300000011920928955, 1, 0, 44325),
(6629, 0.305999994277954101, 1.5, 0, 44325),
(60990, 0.388999998569488525, 1.5, 0, 44325),
(53835, 0.208000004291534423, 1.5, 0, 44325),
(61417, 0.347000002861022949, 1.5, 0, 44325),
(53840, 0.305999994277954101, 1.5, 0, 44325),
(61416, 0.347000002861022949, 1.5, 0, 44325),
(58063, 0.208000004291534423, 1.5, 0, 44325),
(51368, 0.236000001430511474, 1.5, 0, 44325),
(51366, 0.372000008821487426, 1.5, 0, 44325),
(60459, 0.724338650703430175, 0, 0, 44325),
(51815, 0.60000002384185791, 0, 0, 44325),
(44816, 0.425056040287017822, 0.300000011920928955, 0, 44325),
(52268, 4.157584190368652343, 6, 0, 44325),
(57062, 7.137125968933105468, 5.625, 0, 44325),
(20923, 0.425056040287017822, 0.300000011920928955, 0, 44325),
(57507, 1.102099776268005371, 1.5, 0, 44325),
(59451, 0.890595495700836181, 0, 0, 44325),
(60861, 0.031000001356005668, 0.100000001490116119, 0, 44325),
(59446, 0.890595495700836181, 0, 0, 44325),
(57132, 1.102099776268005371, 1.5, 0, 44325),
(55992, 1.432729601860046386, 1.949999928474426269, 0, 44325),
(54173, 2.76094365119934082, 2.5, 0, 44325),
(59448, 0.890595495700836181, 0, 0, 44325),
(59812, 1.157774090766906738, 0, 0, 44325),
(53729, 2.290167808532714843, 3.416326761245727539, 0, 44325),
(61216, 4.524928092956542968, 6.75, 0, 44325),
(52413, 3.016618728637695312, 4.5, 0, 44325),
(59896, 0.699999988079071044, 2, 0, 44325),
(59895, 0.349999994039535522, 1, 0, 44325),
(58766, 0.347012668848037719, 0.100000001490116119, 0, 44325),
(60156, 2.290167808532714843, 3.416326761245727539, 0, 44325),
(55470, 1, 1.5, 0, 44325),
(59897, 0.20607142150402069, 0.588775515556335449, 0, 44325),
(56961, 0.402499973773956298, 1.149999976158142089, 0, 44325),
(53780, 1.00000011920928955, 0, 0, 44325),
(55205, 0.650000035762786865, 0, 0, 44325),
(59724, 1.590000033378601074, 3, 0, 44325),
(36620, 0.117736965417861938, 0, 0, 44325),
(54484, 0.75, 5, 0, 44325),
(59721, 0.809602022171020507, 1.527550935745239257, 0, 44325),
(94753, 1.6236344575881958, 0, 0, 44325),
(59723, 1.192499995231628417, 2.25, 0, 44325),
(59481, 1, 1.5, 0, 44325),
(59592, 2.144108772277832031, 3.40000009536743164, 0, 44325),
(56162, 1, 1.5, 0, 44325),
(59894, 0.349999994039535522, 1, 0, 44325),
(60805, 0.20607142150402069, 0.588775515556335449, 0, 44325),
(55510, 0.174999997019767761, 0.5, 0, 44325),
(50931, 0.115500003099441528, 0.33000001311302185, 0, 44325),
(20139, 0.140000000596046447, 0.400000005960464477, 0, 44325),
(28493, 0.115500003099441528, 0.33000001311302185, 0, 44325),
(19997, 0.310000002384185791, 1, 0, 44325),
(59889, 0.210000008344650268, 0.60000002384185791, 0, 44325),
(55086, 0.382999986410140991, 1.5, 0, 44325),
(59480, 1, 1.5, 0, 44325),
(59130, 0.442471057176589965, 0, 0, 44325),
(55088, 0.382999986410140991, 1.5, 0, 44325),
(57445, 1.561833024024963378, 1.25, 0, 44325),
(57396, 1.561146378517150878, 2.625, 0, 44325),
(59482, 1, 1.5, 0, 44325),
(57441, 2.061619520187377929, 1.649999976158142089, 0, 44325),
(57468, 1.372639179229736328, 2.40000009536743164, 0, 44325),
(58291, 1.10000002384185791, 1.649999976158142089, 0, 44325),
(60891, 0.052500002086162567, 0.150000005960464477, 0, 44325),
(55087, 0.382999986410140991, 1.5, 0, 44325),
(59483, 1, 1.5, 0, 44325),
(56554, 3.279869794845581054, 4, 0, 44325),
(58543, 1.372639179229736328, 2.40000009536743164, 0, 44325),
(58544, 1.544219017028808593, 2.699999809265136718, 0, 44325),
(60270, 0.446400016546249389, 1.80000007152557373, 0, 44325),
(60269, 0.283200025558471679, 1.80000007152557373, 0, 44325),
(57470, 1.71579897403717041, 3, 0, 44325),
(58130, 0.409200012683868408, 1.65000009536743164, 0, 44325),
(58637, 0.300000011920928955, 1, 0, 44325),
(57472, 1.299999952316284179, 1.949999928474426269, 0, 44325),
(57473, 1.5, 2.249999761581420898, 0, 44325),
(58308, 4.46442413330078125, 5.25, 0, 44325),
(59415, 4.157584190368652343, 7.5, 0, 44325),
(60385, 1.930273771286010742, 3.374999761581420898, 0, 44325),
(58480, 0.800000011920928955, 0.800000011920928955, 0, 44325),
(60387, 5.516957283020019531, 8, 0, 44325),
(17188, 0.125, 0.25, 0, 44325),
(55150, 0.300000011920928955, 1.5, 0, 44325),
(57440, 0.744000017642974853, 3, 0, 44325),
(20214, 2.007188320159912109, 3.375, 0, 44325),
(57446, 2.498932838439941406, 2, 0, 44325),
(60024, 1.10000002384185791, 1.65000009536743164, 0, 44325),
(60025, 1.049999952316284179, 1.574999928474426269, 0, 44325),
(31379, 0.5, 1, 0, 44325),
(60026, 1.10000002384185791, 1.65000009536743164, 0, 44325),
(59653, 0.306799978017807006, 1.949999928474426269, 0, 44325),
(60023, 1.049999952316284179, 1.574999928474426269, 0, 44325),
(11686, 0.5, 1, 0, 44325),
(62187, 1.936946988105773925, 2, 0, 44325),
(54412, 0.775840997695922851, 1.10000002384185791, 0, 44325),
(57002, 0.305999994277954101, 1.5, 0, 44325),
(56900, 1.448675155639648437, 0, 0, 44325),
(52600, 0.579470038414001464, 0, 0, 44325),
(56124, 1.158940076828002929, 0, 0, 44325),
(56897, 1.240000009536743164, 12, 0, 44325),
(56150, 0.382999986410140991, 1.5, 0, 44325),
(56151, 0.722000002861022949, 3, 0, 44325),
(17557, 0.347000002861022949, 1.5, 0, 44325),
(54519, 2.166937589645385742, 1.91250002384185791, 0, 44325),
(1418, 0.382819831371307373, 1, 0, 44325),
(55073, 1.286849260330200195, 2.25, 0, 44325),
(55076, 1.458429217338562011, 2.550000190734863281, 0, 44325),
(2176, 0.382819831371307373, 1, 0, 44325),
(52373, 2.915829658508300781, 5, 0, 44325),
(55075, 1.458429217338562011, 2.550000190734863281, 0, 44325),
(56116, 0.80496227741241455, 0.75, 0, 44325),
(1141, 0.382819831371307373, 1, 0, 44325),
(54289, 1.073283076286315917, 1, 0, 44325),
(55074, 1.286849260330200195, 2.25, 0, 44325),
(1987, 0.349999994039535522, 0.5, 0, 44325),
(1986, 0.349999994039535522, 0.5, 0, 44325),
(58606, 0.045000001788139343, 0.60000002384185791, 0, 44325),
(4626, 0.234999999403953552, 1, 0, 44325),
(54388, 2.549338340759277343, 2.25, 0, 44325),
(328, 0.234999999403953552, 1, 0, 44325),
(52376, 4.373744487762451171, 7.5, 0, 44325),
(54443, 3.498995780944824218, 6, 0, 44325),
(54193, 0.637417078018188476, 0, 0, 44325),
(134, 0.218654349446296691, 0, 0, 44325),
(58048, 0.528982520103454589, 0.75, 0, 44325),
(1206, 0.349999994039535522, 0.5, 0, 44325),
(55810, 0.528982520103454589, 0.75, 0, 44325),
(53612, 0.528982520103454589, 0.75, 0, 44325),
(53116, 0.705309987068176269, 1, 0, 44325),
(47992, 0.240000009536743164, 1.20000004768371582, 0, 44325),
(57702, 0.372000008821487426, 1.5, 0, 44325),
(41298, 0.262499988079071044, 0.75, 0, 44325),
(54525, 5.098676681518554687, 4.5, 0, 44325),
(61646, 6.245234489440917968, 4.5, 0, 44325),
(52378, 4.373744487762451171, 7.5, 0, 44325),
(59158, 3.122617244720458984, 2.25, 0, 44325),
(60083, 5.831659317016601562, 10, 0, 44325),
(1072, 0.106929928064346313, 1, 0, 44325),
(6295, 0.255721211433410644, 1, 0, 44325),
(53639, 0.846372008323669433, 1.20000004768371582, 0, 44325),
(60248, 1.286849260330200195, 2.25, 0, 44325),
(60249, 1.286849260330200195, 2.25, 0, 44325),
(27823, 0.25, 0.5, 0, 44325),
(60299, 0.305999994277954101, 1.5, 0, 44325),
(60238, 3.13359832763671875, 3.75, 0, 44325),
(55840, 5.571620464324951171, 6.25, 0, 44325),
(54397, 1.609924554824829101, 1.5, 0, 44325),
(61265, 0.620000004768371582, 2, 0, 44325),
(1924, 0.255721211433410644, 1, 0, 44325),
(60189, 1.286849260330200195, 2.25, 0, 44325),
(59747, 0.699999988079071044, 2, 0, 44325),
(45494, 0.5, 1, 0, 44325),
(16633, 0.375, 0.75, 0, 44325),
(57778, 0.288858234882354736, 0.375, 0, 44325),
(54963, 1.286849260330200195, 2.25, 0, 44325),
(55947, 0.724337577819824218, 0, 0, 44325),
(901, 0.255721211433410644, 1, 0, 44325),
(6296, 0.255721211433410644, 1, 0, 44325),
(5905, 0.125, 0.25, 0, 44325),
(4268, 0.262499988079071044, 0.375, 0, 44325),
(15469, 0.125, 0.25, 0, 44325),
(74075, 3.002648115158081054, 5.25, 0, 44325),
(19272, 4.135670185089111328, 1.5, 0, 44325),
(50898, 3.5, 15, 0, 44325),
(60003, 0.409200012683868408, 1.65000009536743164, 0, 44325),
(56572, 0.354000002145767211, 2.25, 0, 44325),
(60114, 0.400000005960464477, 0, 0, 44325),
(60198, 0.744000017642974853, 3, 0, 44325),
(61302, 1.738410115242004394, 0, 0, 44325),
(56573, 0.558000028133392333, 2.25, 0, 44325),
(60329, 1, 0, 0, 44325),
(60146, 0.400000005960464477, 0, 0, 44325),
(56480, 0.579470038414001464, 0, 0, 44325),
(54563, 0.765023708343505859, 0, 0, 44325),
(61419, 2, 1, 0, 44325),
(57829, 0.465000003576278686, 1.875, 0, 44325),
(60004, 0.259600013494491577, 1.65000009536743164, 0, 44325),
(58568, 2, 0, 0, 44325),
(60001, 0.409200012683868408, 1.65000009536743164, 0, 44325),
(60002, 0.259600013494491577, 1.65000009536743164, 0, 44325),
(60200, 0.744000017642974853, 3, 0, 44325),
(56839, 0.446400016546249389, 1.80000007152557373, 0, 44325),
(55365, 0.409200012683868408, 1.65000009536743164, 0, 44325);



