
DELETE FROM `creature_template` WHERE `entry` IN (192410 /*Mature Scalecrawler*/, 192440 /*Skitterfly*/, 192441 /*Invasive Swoglet*/, 192454 /*Hermit Crab*/, 181276 /*Wrathion*/, 185754 /*Talon Mender*/, 190230 /*Windscourge Drake*/, 192469 /*Massive Threshadon*/, 192470 /*Salty Thresher*/, 192471 /*Coastal Frenzy*/, 190235 /*Scalecommander Azurathel*/, 192473 /*Amberfur Alpha*/, 190236 /*Dervishian*/, 192476 /*Dracthyr Skeleton*/, 192482 /*Prime Tarasek*/, 192488 /*Crab*/, 183547 /*Obsidian Warder*/, 181310 /*Infused Tarasek*/, 181311 /*Wild Ohuna*/, 181312 /*Amberfur Slyvern*/, 183549 /*Dark Talon*/, 183550 /*Ebon Scale*/, 183551 /*Talon Mender*/, 190274 /*Azuresworn Drakonid*/, 181363 /*Fledgling Thunder Lizard*/, 181364 /*Primal Thunder Lizard*/, 181373 /*Wild Argali*/, 188085 /*Azuresworn Drakonid*/, 192561 /*Snake*/, 181377 /*Tarasek Shockbringer*/, 181378 /*Kurog Grimtotem*/, 181427 /*Stormspine*/, 188146 /*Tenezeth*/, 188197 /*Raken'death*/, 188201 /*Healing Wing*/, 181494 /*Dervishian*/, 192697 /*Ebyssian*/, 190480 /*Atrenosh Hailstone*/, 190482 /*Tarasek Shockbringer*/, 194957 /*Mature Scalerender*/, 183794 /*Mage Talon*/, 190508 /*Kretchenwrath*/, 197229 /*Soar Stalker*/, 190529 /*Tactical Mender*/, 188292 /*Wild Argali*/, 190531 /*Conjured Windfiend*/, 188300 /*Territorial Argali*/, 183829 /*Awakening Tarasek*/, 181594 /*Scalecommander Azurathel*/, 181597 /*Scalecommander Azurathel*/, 192785 /*Fusethrian*/, 183842 /*Burrow Stalker*/, 192831 /*Coasting Ring*/, 192832 /*Dive Ring*/, 186145 /*Ebyssian*/, 186149 /*Galedoom Drake*/, 197342 /*Skyward Ascent*/, 192889 /*Dervishian*/, 192893 /*Kodethi*/, 183960 /*Dervishian*/, 186210 /*Dervishian*/, 186218 /*Dervishian*/, 186230 /*Wizened Stormrider*/, 184031 /*Lightning Pool*/, 184042 /*Primalist Amplifier*/, 186283 /*Windscourge Drake*/, 186285 /*Trueborn Rainmaker*/, 197481 /*Dark Talon*/, 197482 /*Dark Talon*/, 197483 /*Dark Talon*/, 197484 /*Dark Talon*/, 197486 /*Obsidian Warder*/, 197487 /*Obsidian Warder*/, 197488 /*Obsidian Warder*/, 197489 /*Obsidian Warder*/, 181831 /*Invasive Hornswog*/, 181840 /*Conjured Stormling*/, 193045 /*Orgrimmar Grunt*/, 193046 /*Orgrimmar Grunt*/, 193047 /*Orgrimmar Grunt*/, 193048 /*Orgrimmar Grunt*/, 193050 /*Darkspear Headhunter*/, 193051 /*Darkspear Headhunter*/, 193054 /*Galedoom Drake*/, 193055 /*Dark Talon*/, 193056 /*Dark Talon*/, 193057 /*Dark Talon*/, 193058 /*Dark Talon*/, 186351 /*Reach Ottuk*/, 186355 /*Tripletath the Lost*/, 188621 /*Injured Talon*/, 184163 /*Scalecommander Viridia*/, 184165 /*Little Ko*/, 184166 /*To'no*/, 188652 /*Atrenosh Hailstone*/, 188653 /*Atrenosh Hailstone*/, 184210 /*Explorer To'noro*/, 184211 /*Little Ko*/, 184212 /*Explorer Ko'nali*/, 184213 /*To'no*/, 184214 /*Scalecommander Cindrethresh*/, 188692 /*To'no*/, 182006 /*Amberdeath Dragonfly*/, 182007 /*Scalerender Beetle*/, 182008 /*Scythid Steamstalker*/, 193200 /*Captain Exposition*/, 190974 /*Ekrazathal*/, 184266 /*Scalecommander Viridia*/, 184267 /*Scalecommander Sarkareth*/, 184269 /*Scalecommander Cindrethresh*/, 182069 /*Dervishian*/, 184308 /*Scalecommander Sarkareth*/, 188819 /*Atrenosh Hailstone*/, 184355 /*Obsidian Warder Talon*/, 184375 /*Obsidian Warder Talon*/, 184400 /*Windscourge Dragon*/, 184404 /*Trueborn Rainmaker*/, 182168 /*Scalecommander Azurathel*/, 184420 /*Azuresworn Drakonid*/, 182184 /*Creche Seal*/, 186703 /*Trueborn Tempest-Warrior*/, 186707 /*Flying Squirrel*/, 186717 /*Baby Thunder Lizard*/, 197908 /*Mage Talon*/, 182251 /*Scalecommander Azurathel*/, 182258 /*Scalecommander Emberthal*/, 182274 /*Scalecommander Azurathel*/, 182275 /*Scalecommander Azurathel*/, 191224 /*Tarasek Shockshaman*/, 182277 /*Trueborn Rainmaker*/, 182280 /*Tazenrath*/, 182297 /*Scalecommander Sarkareth*/, 182317 /*Scalecommander Cindrethresh*/, 182349 /*Injured Talon*/, 191302 /*Shockscale Dragon*/, 186854 /*Lapisagos*/, 184620 /*Lightning Strike Stalker*/, 186864 /*Tethalash*/, 186865 /*Kodethi*/, 182394 /*Deatheater Scythid*/, 186883 /*Scalecommander Cindrethresh*/, 198070 /*Dragon Isles Adventurer*/, 191366 /*Scalecommander Sarkareth*/, 184658 /*Avatar of the Storm*/, 184661 /*Windfiend*/, 182441 /*Scalecommander Emberthal*/, 191423 /*Tactical Mender*/, 191425 /*Mage Talon*/, 182488 /*Windscourge Dragon*/, 182492 /*Raszageth*/, 191444 /*Rethenash*/, 191445 /*Katrinasa*/, 191454 /*Amberfur Kit*/, 191456 /*Giant Ocean Ottuk*/, 191460 /*Ocean Ottuk Pup*/, 184765 /*Ebyssian*/, 184766 /*Wrathion*/, 187015 /*[DNT] Kill Credit: Cave In*/, 191500 /*Avatar of the Storm*/, 191521 /*Cave Spider*/, 191523 /*River Ottuk*/, 191526 /*Frog*/, 191530 /*Ottuk Pup*/, 191540 /*Crab*/, 191543 /*Stormsoaked Rabbit*/, 182601 /*Wrathion*/, 182608 /*Scalecommander Emberthal*/, 182610 /*Scalecommander Viridia*/, 182611 /*Scalecommander Sarkareth*/, 182612 /*Scalecommander Cindrethresh*/, 191564 /*Coastal Seagull*/, 191579 /*Shaggy Rabbit*/, 191586 /*Atrenosh Hailstone*/, 193824 /*Ekrazathal*/, 191599 /*Beetle*/, 187131 /*Drakonid Crechebound*/, 187133 /*Dracthyr Talon*/, 187138 /*Drakonid Crechebound*/, 189386 /*Spiritwalker Ebonhorn*/, 189389 /*Scalecommander Cindrethresh*/, 189390 /*Kodethi*/, 187164 /*Invasive Salamanther*/, 187165 /*Dark Talon*/, 187167 /*Obsidian Warder*/, 182696 /*Scalecommander Cindrethresh*/, 191675 /*Fused Tarasek*/, 191685 /*Ebyssian*/, 198413 /*Vorquin Foal*/, 198414 /*Vorquin*/, 191713 /*Scytherin*/, 198429 /*Treysh*/, 198431 /*Crimson Vorquin*/, 198435 /*Sapphire Vorquin*/, 191729 /*Deathrip*/, 191746 /*Ketess the Pillager*/, 191763 /*Frightened Argali*/, 189540 /*Nozdormu*/, 191780 /*Scalecommander Emberthal*/, 187335 /*Dracthyr Talon*/, 191863 /*Wrathion*/, 189627 /*Ancient Construct*/, 191885 /*Scalecommander Viridia*/, 191887 /*Windscourge Dragon*/, 191992 /*Eviscerated Argali*/, 192076 /*Volatile Remnant*/, 187611 /*Beetle Swarmer*/, 187613 /*Scalecrawler Beetle*/, 185419 /*Ebyssian*/, 192139 /*Scalecommander Azurathel*/, 192140 /*Scalecommander Cindrethresh*/, 185433 /*Ferocious Tarasek*/, 189914 /*Kurog Grimtotem*/, 187689 /*Scalecrawler Beetle*/, 192221 /*Healing Wing*/, 192232 /*Windscourge Dragon*/, 181053 /*Kodethi*/, 181054 /*Scalecommander Emberthal*/, 181055 /*Scalecommander Cindrethresh*/, 181056 /*Scalecommander Azurathel*/, 192273 /*Obsidian Warder*/, 192280 /*Semi-sentient Typhoon*/, 187833 /*Dragonbane Beetle*/, 192308 /*Azuresworn Drakonid*/, 192309 /*Ebon Scale*/, 192310 /*Dervishian*/, 192311 /*Dark Talon*/, 192312 /*Kodethi*/, 196794 /*Siaszerathel*/, 192355 /*Dark Talon*/, 196831 /*Segallia*/, 187904 /*Injured Drakonid*/);
INSERT INTO `creature_template` (`entry`, `KillCredit1`, `KillCredit2`, `name`, `femaleName`, `subname`, `TitleAlt`, `IconName`, `HealthScalingExpansion`, `RequiredExpansion`, `VignetteID`, `unit_class`, `WidgetSetID`, `WidgetSetUnitConditionID`, `rank`, `family`, `type`, `type_flags`, `type_flags2`, `HealthModifier`, `ManaModifier`, `RacialLeader`, `movementId`, `CreatureDifficultyID`, `VerifiedBuild`) VALUES
(192410, 187613, 0, 'Mature Scalecrawler', '', NULL, NULL, NULL, 9, 0, 0, 1, 0, 0, 0, 53, 1, 1, 0, 0.800000011920928955, 1, 0, 0, 220620, 45746), -- Mature Scalecrawler
(192440, 0, 0, 'Skitterfly', '', NULL, NULL, NULL, 9, 0, 0, 1, 0, 0, 6, 0, 8, 0, 0, 0.200000002980232238, 1, 0, 0, 220650, 45746), -- Skitterfly
(192441, 0, 0, 'Invasive Swoglet', '', NULL, NULL, NULL, 9, 0, 0, 1, 0, 0, 6, 303, 2, 1, 0, 0.699999988079071044, 1, 0, 0, 220651, 45746), -- Invasive Swoglet
(192454, 0, 0, 'Hermit Crab', '', NULL, NULL, NULL, 9, 0, 0, 1, 0, 0, 0, 8, 1, 1, 0, 0.800000011920928955, 1, 0, 0, 220664, 45746), -- Hermit Crab
(181276, 0, 0, 'Wrathion', '', 'The Black Prince', NULL, NULL, 9, 0, 0, 1, 0, 0, 1, 0, 2, 0, 0, 1, 1, 0, 0, 205016, 45746), -- Wrathion
(185754, 0, 0, 'Talon Mender', '', 'The Healing Wings', NULL, NULL, 9, 0, 0, 2, 0, 0, 0, 0, 7, 8392704, 2048, 1, 1, 0, 0, 210009, 45746), -- Talon Mender
(190230, 0, 0, 'Windscourge Drake', '', 'Primalists', NULL, NULL, 9, 0, 0, 1, 0, 0, 1, 0, 2, 72, 0, 3, 1, 0, 0, 216921, 45746), -- Windscourge Drake
(192469, 0, 0, 'Massive Threshadon', '', NULL, NULL, NULL, 9, 0, 0, 1, 0, 0, 1, 0, 1, 0, 0, 8, 1, 0, 0, 220679, 45746), -- Massive Threshadon
(192470, 0, 0, 'Salty Thresher', '', NULL, NULL, NULL, 9, 0, 0, 1, 0, 0, 0, 0, 1, 0, 0, 2.5, 1, 0, 0, 220680, 45746), -- Salty Thresher
(192471, 0, 0, 'Coastal Frenzy', '', NULL, NULL, NULL, 9, 0, 0, 1, 0, 0, 6, 0, 1, 0, 0, 0.5, 1, 0, 0, 220681, 45746), -- Coastal Frenzy
(190235, 0, 0, 'Scalecommander Azurathel', '', 'Obsidian Warders', NULL, NULL, 9, 0, 0, 2, 0, 0, 0, 0, 7, 0, 0, 1, 1, 0, 0, 216926, 45746), -- Scalecommander Azurathel
(192473, 0, 0, 'Amberfur Alpha', '', NULL, NULL, NULL, 9, 0, 0, 1, 0, 0, 0, 160, 1, 1, 0, 1, 1, 0, 0, 220683, 45746), -- Amberfur Alpha
(190236, 0, 0, 'Dervishian', '', 'Obsidian Warders', NULL, NULL, 9, 0, 0, 2, 0, 0, 0, 0, 7, 0, 0, 1, 1, 0, 0, 216927, 45746), -- Dervishian
(192476, 0, 0, 'Dracthyr Skeleton', '', NULL, NULL, NULL, 9, 0, 0, 1, 0, 0, 0, 0, 2, 1610612752, 117440518, 1, 1, 0, 0, 220686, 45746), -- Dracthyr Skeleton
(192482, 0, 0, 'Prime Tarasek', '', NULL, NULL, NULL, 9, 0, 0, 1, 0, 0, 0, 0, 2, 4096, 0, 0.800000011920928955, 1, 0, 0, 220692, 45746), -- Prime Tarasek
(192488, 0, 0, 'Crab', '', NULL, NULL, NULL, 9, 0, 0, 1, 0, 0, 6, 0, 8, 0, 0, 1, 1, 0, 100, 220698, 45746), -- Crab
(183547, 0, 0, 'Obsidian Warder', '', NULL, NULL, NULL, 9, 0, 0, 2, 0, 0, 0, 0, 7, 8392704, 2048, 1, 1, 0, 0, 207387, 45746), -- Obsidian Warder
(181310, 0, 0, 'Infused Tarasek', '', NULL, NULL, NULL, 9, 0, 0, 1, 0, 0, 0, 0, 2, 0, 0, 0.800000011920928955, 1, 0, 0, 205050, 45746), -- Infused Tarasek
(181311, 0, 0, 'Wild Ohuna', '', NULL, NULL, NULL, 9, 0, 0, 1, 0, 0, 0, 26, 1, 1, 0, 1, 1, 0, 0, 205051, 45746), -- Wild Ohuna
(181312, 0, 0, 'Amberfur Slyvern', '', NULL, NULL, NULL, 9, 0, 0, 1, 0, 0, 0, 160, 1, 1, 0, 1, 1, 0, 0, 205052, 45746), -- Amberfur Slyvern
(183549, 0, 0, 'Dark Talon', '', NULL, NULL, NULL, 9, 0, 0, 2, 0, 0, 0, 0, 7, 8392704, 2048, 1, 1, 0, 0, 207389, 45746), -- Dark Talon
(183550, 0, 0, 'Ebon Scale', '', NULL, NULL, NULL, 9, 0, 0, 2, 0, 0, 0, 0, 7, 8392704, 2048, 1, 1, 0, 0, 207390, 45746), -- Ebon Scale
(183551, 0, 0, 'Talon Mender', '', 'The Healing Wings', NULL, NULL, 9, 0, 0, 2, 0, 0, 0, 0, 7, 8392704, 2048, 1, 1, 0, 0, 207391, 45746), -- Talon Mender
(190274, 0, 0, 'Azuresworn Drakonid', '', NULL, NULL, NULL, 9, 0, 0, 1, 0, 0, 0, 0, 2, 0, 0, 1.20000004768371582, 1, 0, 0, 216965, 45746), -- Azuresworn Drakonid
(181363, 0, 0, 'Fledgling Thunder Lizard', '', NULL, NULL, NULL, 9, 0, 0, 2, 0, 0, 0, 156, 1, 1, 0, 1.20000004768371582, 1, 0, 0, 205103, 45746), -- Fledgling Thunder Lizard
(181364, 0, 0, 'Primal Thunder Lizard', '', NULL, NULL, NULL, 9, 0, 0, 2, 0, 0, 0, 156, 1, 1, 0, 2.5, 1, 0, 0, 205104, 45746), -- Primal Thunder Lizard
(181373, 0, 0, 'Wild Argali', '', NULL, NULL, NULL, 9, 0, 0, 1, 0, 0, 0, 0, 1, 0, 0, 1, 1, 0, 0, 205113, 45746), -- Wild Argali
(188085, 0, 0, 'Azuresworn Drakonid', '', NULL, NULL, NULL, 9, 0, 0, 1, 0, 0, 0, 0, 2, 0, 0, 1.20000004768371582, 1, 0, 0, 214760, 45746), -- Azuresworn Drakonid
(192561, 0, 0, 'Snake', '', NULL, NULL, NULL, 9, 0, 0, 1, 0, 0, 6, 0, 8, 0, 0, 0.200000002980232238, 1, 0, 0, 220771, 45746), -- Snake
(181377, 182463, 181310, 'Tarasek Shockbringer', '', 'Primalist', NULL, NULL, 9, 0, 0, 1, 0, 0, 0, 0, 2, 0, 0, 0.800000011920928955, 1, 0, 0, 205117, 45746), -- Tarasek Shockbringer
(181378, 0, 0, 'Kurog Grimtotem', '', 'The Grand Summoner', NULL, NULL, 9, 0, 0, 8, 0, 0, 1, 0, 7, 2147483724, 0, 1, 1, 0, 0, 205118, 45746), -- Kurog Grimtotem
(181427, 0, 0, 'Stormspine', '', NULL, NULL, NULL, 9, 0, 4904, 1, 0, 0, 4, 156, 1, 72, 0, 5, 1, 0, 0, 205175, 45746), -- Stormspine
(188146, 0, 0, 'Tenezeth', '', NULL, NULL, 'questinteract', 9, 0, 0, 1, 0, 0, 0, 0, 10, 0, 0, 1, 1, 0, 0, 214826, 45746), -- Tenezeth
(188197, 0, 0, 'Raken\'death', '', '<Needs Abilities> The Wyrm Eater', NULL, NULL, 9, 0, 0, 1, 0, 0, 1, 53, 1, 2147483721, 0, 3, 1, 0, 0, 214883, 45746), -- Raken'death
(188201, 0, 0, 'Healing Wing', '', NULL, NULL, NULL, 9, 0, 0, 2, 0, 0, 0, 0, 7, 0, 0, 1, 1, 0, 0, 214887, 45746), -- Healing Wing
(181494, 0, 0, 'Dervishian', '', 'Obsidian Warders', NULL, 'questinteract', 9, 0, 0, 2, 0, 0, 0, 0, 7, 0, 0, 1, 1, 0, 0, 205276, 45746), -- Dervishian
(192697, 0, 0, 'Ebyssian', '', NULL, NULL, NULL, 9, 0, 0, 2, 0, 0, 1, 0, 2, 4096, 67108864, 5, 1, 0, 0, 220907, 45746), -- Ebyssian
(190480, 184420, 0, 'Atrenosh Hailstone', '', NULL, NULL, NULL, 9, 0, 0, 1, 0, 0, 1, 0, 2, 4096, 0, 5, 1, 0, 0, 218676, 45746), -- Atrenosh Hailstone
(190482, 182463, 181310, 'Tarasek Shockbringer', '', 'Primalist', NULL, NULL, 9, 0, 0, 1, 0, 0, 0, 0, 2, 0, 0, 0.800000011920928955, 1, 0, 0, 218678, 45746), -- Tarasek Shockbringer
(194957, 182007, 0, 'Mature Scalerender', '', NULL, NULL, NULL, 9, 0, 0, 1, 0, 0, 0, 53, 1, 0, 0, 0.800000011920928955, 1, 0, 0, 223190, 45746), -- Mature Scalerender
(183794, 184420, 0, 'Mage Talon', '', 'The Ebon Scales', NULL, NULL, 9, 0, 0, 2, 0, 0, 0, 0, 7, 4096, 0, 1, 1, 0, 0, 207659, 45746), -- Mage Talon
(190508, 0, 0, 'Kretchenwrath', '', NULL, NULL, NULL, 9, 0, 0, 2, 0, 0, 1, 0, 2, 76, 0, 50, 1, 0, 0, 218704, 45746), -- Kretchenwrath
(197229, 0, 0, 'Soar Stalker', '', NULL, NULL, NULL, 9, 0, 0, 2, 0, 0, 0, 0, 10, 1610613776, 33554438, 1, 1, 0, 187, 225553, 45746), -- Soar Stalker
(190529, 184420, 0, 'Tactical Mender', '', 'The Healing Wings', NULL, NULL, 9, 0, 0, 2, 0, 0, 0, 0, 7, 4096, 0, 1, 1, 0, 0, 218725, 45746), -- Tactical Mender
(188292, 0, 0, 'Wild Argali', '', NULL, NULL, NULL, 9, 0, 0, 1, 0, 0, 0, 0, 1, 0, 0, 1, 1, 0, 0, 214978, 45746), -- Wild Argali
(190531, 0, 0, 'Conjured Windfiend', '', NULL, NULL, NULL, 9, 0, 0, 1, 0, 0, 6, 0, 4, 0, 0, 0.5, 1, 0, 0, 218727, 45746), -- Conjured Windfiend
(188300, 0, 0, 'Territorial Argali', '', NULL, NULL, NULL, 9, 0, 0, 1, 0, 0, 0, 0, 1, 0, 0, 1, 1, 0, 0, 214986, 45746), -- Territorial Argali
(183829, 181310, 0, 'Awakening Tarasek', '', NULL, NULL, NULL, 9, 0, 0, 1, 0, 0, 0, 0, 2, 0, 0, 0.800000011920928955, 1, 0, 0, 207702, 45746), -- Awakening Tarasek
(181594, 0, 0, 'Scalecommander Azurathel', '', 'Obsidian Warders', NULL, NULL, 9, 0, 0, 2, 0, 0, 0, 0, 7, 0, 0, 1, 1, 0, 0, 205380, 45746), -- Scalecommander Azurathel
(181597, 0, 0, 'Scalecommander Azurathel', '', 'Obsidian Warders', NULL, NULL, 9, 0, 0, 2, 0, 0, 0, 0, 7, 0, 0, 1, 1, 0, 0, 205383, 45746), -- Scalecommander Azurathel
(192785, 0, 0, 'Fusethrian', '', 'Rations & Hydration', NULL, NULL, 9, 0, 0, 2, 0, 0, 0, 0, 7, 0, 0, 1, 1, 0, 0, 220997, 45746), -- Fusethrian
(183842, 0, 0, 'Burrow Stalker', '', NULL, NULL, NULL, 9, 0, 0, 2, 0, 0, 0, 0, 10, 1024, 0, 1, 1, 0, 187, 207731, 45746), -- Burrow Stalker
(192831, 0, 0, 'Coasting Ring', '', NULL, NULL, NULL, 0, 0, 0, 1, 0, 0, 0, 0, 10, 1024, 0, 1, 1, 0, 0, 221047, 45746), -- Coasting Ring
(192832, 0, 0, 'Dive Ring', '', NULL, NULL, NULL, 0, 0, 0, 1, 0, 0, 0, 0, 10, 1024, 0, 1, 1, 0, 0, 221048, 45746), -- Dive Ring
(186145, 0, 0, 'Ebyssian', '', NULL, NULL, NULL, 9, 0, 0, 2, 0, 0, 1, 0, 2, 0, 0, 1, 1, 0, 0, 210463, 45746), -- Ebyssian
(186149, 186147, 0, 'Galedoom Drake', '', 'Primalists', NULL, NULL, 9, 0, 0, 1, 0, 0, 1, 0, 2, 0, 0, 10, 1, 0, 0, 210467, 45746), -- Galedoom Drake
(197342, 0, 0, 'Skyward Ascent', '', NULL, NULL, NULL, 0, 0, 0, 1, 0, 0, 0, 0, 10, 1024, 0, 1, 1, 0, 0, 225680, 45746), -- Skyward Ascent
(192889, 0, 0, 'Dervishian', '', 'Obsidian Warders', NULL, NULL, 9, 0, 0, 2, 0, 0, 0, 0, 7, 0, 0, 1, 1, 0, 0, 221105, 45746), -- Dervishian
(192893, 0, 0, 'Kodethi', '', 'Dark Talons', NULL, NULL, 9, 0, 0, 2, 0, 0, 0, 0, 7, 0, 0, 1, 1, 0, 0, 221109, 45746), -- Kodethi
(183960, 0, 0, 'Dervishian', '', 'Obsidian Warders', NULL, NULL, 9, 0, 0, 2, 0, 0, 0, 0, 7, 0, 0, 1, 1, 0, 0, 207853, 45746), -- Dervishian
(186210, 0, 0, 'Dervishian', '', 'Obsidian Warders', NULL, NULL, 9, 0, 0, 2, 0, 0, 0, 0, 7, 0, 0, 1, 1, 0, 0, 210528, 45746), -- Dervishian
(186218, 0, 0, 'Dervishian', '', 'Obsidian Warders', NULL, NULL, 9, 0, 0, 2, 0, 0, 0, 0, 7, 0, 0, 1, 1, 0, 0, 210536, 45746), -- Dervishian
(186230, 0, 0, 'Wizened Stormrider', '', 'Primalists', NULL, NULL, 9, 0, 0, 1, 0, 0, 1, 0, 2, 0, 0, 10, 1, 0, 0, 210548, 45746), -- Wizened Stormrider
(184031, 0, 0, 'Lightning Pool', '', NULL, NULL, NULL, 9, 0, 0, 2, 0, 0, 0, 0, 10, 1024, 0, 1, 1, 0, 187, 207929, 45746), -- Lightning Pool
(184042, 0, 0, 'Primalist Amplifier', '', NULL, NULL, NULL, 9, 0, 0, 2, 0, 0, 0, 0, 10, 1024, 0, 1, 1, 0, 187, 207940, 45746), -- Primalist Amplifier
(186283, 0, 0, 'Windscourge Drake', '', 'Primalists', NULL, NULL, 9, 0, 0, 1, 0, 0, 1, 0, 2, 72, 0, 10, 1, 0, 0, 210602, 45746), -- Windscourge Drake
(186285, 182277, 181310, 'Trueborn Rainmaker', '', 'Primalist', NULL, NULL, 9, 0, 0, 8, 0, 0, 0, 0, 2, 4096, 0, 0.800000011920928955, 1, 0, 0, 210604, 45746), -- Trueborn Rainmaker
(197481, 0, 0, 'Dark Talon', '', NULL, NULL, NULL, 9, 0, 0, 2, 0, 0, 0, 0, 7, 8392704, 2048, 1, 1, 0, 0, 225827, 45746), -- Dark Talon
(197482, 0, 0, 'Dark Talon', '', NULL, NULL, NULL, 9, 0, 0, 2, 0, 0, 0, 0, 7, 8392704, 2048, 1, 1, 0, 0, 225828, 45746), -- Dark Talon
(197483, 0, 0, 'Dark Talon', '', NULL, NULL, NULL, 9, 0, 0, 2, 0, 0, 0, 0, 7, 8392704, 2048, 1, 1, 0, 0, 225829, 45746), -- Dark Talon
(197484, 0, 0, 'Dark Talon', '', NULL, NULL, NULL, 9, 0, 0, 2, 0, 0, 0, 0, 7, 8392704, 2048, 1, 1, 0, 0, 225830, 45746), -- Dark Talon
(197486, 0, 0, 'Obsidian Warder', '', NULL, NULL, NULL, 9, 0, 0, 2, 0, 0, 0, 0, 7, 8392704, 2048, 1, 1, 0, 0, 225832, 45746), -- Obsidian Warder
(197487, 0, 0, 'Obsidian Warder', '', NULL, NULL, NULL, 9, 0, 0, 2, 0, 0, 0, 0, 7, 8392704, 2048, 1, 1, 0, 0, 225833, 45746), -- Obsidian Warder
(197488, 0, 0, 'Obsidian Warder', '', NULL, NULL, NULL, 9, 0, 0, 2, 0, 0, 0, 0, 7, 8392704, 2048, 1, 1, 0, 0, 225834, 45746), -- Obsidian Warder
(197489, 0, 0, 'Obsidian Warder', '', NULL, NULL, NULL, 9, 0, 0, 2, 0, 0, 0, 0, 7, 8392704, 2048, 1, 1, 0, 0, 225835, 45746), -- Obsidian Warder
(181831, 0, 0, 'Invasive Hornswog', '', NULL, NULL, NULL, 9, 0, 0, 1, 0, 0, 0, 303, 2, 1, 0, 1.5, 1, 0, 0, 205630, 45746), -- Invasive Hornswog
(181840, 0, 0, 'Conjured Stormling', '', NULL, NULL, NULL, 9, 0, 0, 8, 0, 0, 6, 0, 4, 0, 0, 0.5, 1, 0, 0, 205639, 45746), -- Conjured Stormling
(193045, 0, 0, 'Orgrimmar Grunt', '', NULL, NULL, NULL, 9, 0, 0, 1, 0, 0, 0, 0, 7, 0, 0, 1.5, 1, 0, 0, 221261, 45746), -- Orgrimmar Grunt
(193046, 0, 0, 'Orgrimmar Grunt', '', NULL, NULL, NULL, 9, 0, 0, 1, 0, 0, 0, 0, 7, 0, 0, 1.5, 1, 0, 0, 221262, 45746), -- Orgrimmar Grunt
(193047, 0, 0, 'Orgrimmar Grunt', '', NULL, NULL, NULL, 9, 0, 0, 1, 0, 0, 0, 0, 7, 0, 0, 1.5, 1, 0, 0, 221263, 45746), -- Orgrimmar Grunt
(193048, 0, 0, 'Orgrimmar Grunt', '', NULL, NULL, NULL, 9, 0, 0, 1, 0, 0, 0, 0, 7, 0, 0, 1.5, 1, 0, 0, 221264, 45746), -- Orgrimmar Grunt
(193050, 0, 0, 'Darkspear Headhunter', '', NULL, NULL, NULL, 9, 0, 0, 1, 0, 0, 0, 0, 7, 0, 0, 1.5, 1, 0, 0, 221266, 45746), -- Darkspear Headhunter
(193051, 0, 0, 'Darkspear Headhunter', '', NULL, NULL, NULL, 9, 0, 0, 1, 0, 0, 0, 0, 7, 0, 0, 1.5, 1, 0, 0, 221267, 45746), -- Darkspear Headhunter
(193054, 0, 0, 'Galedoom Drake', '', 'Primalists', NULL, NULL, 9, 0, 0, 2, 0, 0, 1, 0, 2, 72, 0, 5, 1, 0, 0, 221270, 45746), -- Galedoom Drake
(193055, 0, 0, 'Dark Talon', '', NULL, NULL, NULL, 9, 0, 0, 2, 0, 0, 0, 0, 7, 8392704, 2048, 1, 1, 0, 0, 221271, 45746), -- Dark Talon
(193056, 0, 0, 'Dark Talon', '', NULL, NULL, NULL, 9, 0, 0, 2, 0, 0, 0, 0, 7, 8392704, 2048, 1, 1, 0, 0, 221272, 45746), -- Dark Talon
(193057, 0, 0, 'Dark Talon', '', NULL, NULL, NULL, 9, 0, 0, 2, 0, 0, 0, 0, 7, 8392704, 2048, 1, 1, 0, 0, 221273, 45746), -- Dark Talon
(193058, 0, 0, 'Dark Talon', '', NULL, NULL, NULL, 9, 0, 0, 2, 0, 0, 0, 0, 7, 8392704, 2048, 1, 1, 0, 0, 221274, 45746), -- Dark Talon
(186351, 0, 0, 'Reach Ottuk', '', NULL, NULL, NULL, 9, 0, 0, 1, 0, 0, 6, 127, 1, 0, 0, 0.300000011920928955, 1, 0, 0, 210671, 45746), -- Reach Ottuk
(186355, 0, 0, 'Tripletath the Lost', '', NULL, NULL, NULL, 9, 0, 5043, 1, 0, 0, 4, 0, 1, 0, 0, 5, 1, 0, 0, 210675, 45746), -- Tripletath the Lost
(188621, 0, 0, 'Injured Talon', '', 'The Healing Wings', NULL, NULL, 9, 0, 0, 2, 0, 0, 0, 0, 7, 4096, 0, 1, 1, 0, 0, 215307, 45746), -- Injured Talon
(184163, 0, 0, 'Scalecommander Viridia', '', 'The Healing Wings', NULL, NULL, 9, 0, 0, 2, 0, 0, 0, 0, 7, 4096, 0, 1, 1, 0, 0, 208083, 45746), -- Scalecommander Viridia
(184165, 0, 0, 'Little Ko', '', NULL, NULL, NULL, 9, 0, 0, 1, 0, 0, 0, 0, 7, 0, 0, 1, 1, 0, 0, 208085, 45746), -- Little Ko
(184166, 0, 0, 'To\'no', '', '\"The Greatest Explorer Ever\"', NULL, NULL, 9, 0, 0, 1, 0, 0, 0, 0, 7, 4096, 0, 1, 1, 0, 0, 208086, 45746), -- To'no
(188652, 0, 0, 'Atrenosh Hailstone', '', NULL, NULL, NULL, 9, 0, 0, 1, 0, 0, 1, 0, 2, 33558528, 0, 5, 1, 0, 0, 215338, 45746), -- Atrenosh Hailstone
(188653, 0, 0, 'Atrenosh Hailstone', '', NULL, NULL, NULL, 9, 0, 0, 1, 0, 0, 1, 0, 2, 4096, 0, 5, 1, 0, 0, 215339, 45746), -- Atrenosh Hailstone
(184210, 0, 0, 'Explorer To\'noro', '', NULL, NULL, NULL, 9, 0, 0, 2, 0, 0, 0, 0, 7, 0, 0, 1, 1, 0, 0, 208187, 45746), -- Explorer To'noro
(184211, 0, 0, 'Little Ko', '', NULL, NULL, NULL, 9, 0, 0, 1, 0, 0, 0, 0, 7, 0, 0, 1, 1, 0, 0, 208188, 45746), -- Little Ko
(184212, 0, 0, 'Explorer Ko\'nali', '', NULL, NULL, NULL, 9, 0, 0, 1, 0, 0, 0, 0, 7, 0, 0, 1, 1, 0, 0, 208189, 45746), -- Explorer Ko'nali
(184213, 0, 0, 'To\'no', '', '\"The Greatest Explorer Ever\"', NULL, NULL, 9, 0, 0, 1, 0, 0, 0, 0, 7, 0, 0, 1, 1, 0, 0, 208190, 45746), -- To'no
(184214, 0, 0, 'Scalecommander Cindrethresh', '', 'Dark Talons', NULL, NULL, 9, 0, 0, 2, 0, 0, 0, 0, 7, 0, 0, 1, 1, 0, 0, 208191, 45746), -- Scalecommander Cindrethresh
(188692, 0, 0, 'To\'no', '', '\"The Greatest Explorer Ever\"', NULL, NULL, 9, 0, 0, 1, 0, 0, 0, 0, 7, 4096, 0, 1, 1, 0, 0, 215378, 45746), -- To'no
(182006, 0, 0, 'Amberdeath Dragonfly', '', NULL, NULL, NULL, 9, 0, 0, 1, 0, 0, 0, 0, 8, 0, 0, 0.800000011920928955, 1, 0, 0, 205805, 45746), -- Amberdeath Dragonfly
(182007, 0, 0, 'Scalerender Beetle', '', NULL, NULL, NULL, 9, 0, 0, 1, 0, 0, 6, 53, 1, 0, 0, 0.300000011920928955, 1, 0, 0, 205806, 45746), -- Scalerender Beetle
(182008, 0, 0, 'Scythid Steamstalker', '', NULL, NULL, NULL, 9, 0, 0, 1, 0, 0, 0, 0, 1, 0, 0, 1.20000004768371582, 1, 0, 0, 205807, 45746), -- Scythid Steamstalker
(193200, 0, 0, 'Captain Exposition', '', NULL, NULL, NULL, 8, 0, 0, 1, 0, 0, 0, 0, 10, 0, 0, 1, 1, 0, 0, 221416, 45746), -- Captain Exposition
(190974, 0, 0, 'Ekrazathal', '', 'Brood of the Incarnate', NULL, NULL, 9, 0, 0, 2, 0, 0, 1, 0, 2, 2147483720, 0, 10, 1, 0, 0, 219171, 45746), -- Ekrazathal
(184266, 0, 0, 'Scalecommander Viridia', '', 'The Healing Wings', NULL, NULL, 9, 0, 0, 2, 0, 0, 0, 0, 7, 0, 0, 1, 1, 0, 0, 208281, 45746), -- Scalecommander Viridia
(184267, 0, 0, 'Scalecommander Sarkareth', '', 'The Ebon Scales', NULL, NULL, 9, 0, 0, 2, 0, 0, 0, 0, 7, 0, 0, 1, 1, 0, 0, 208282, 45746), -- Scalecommander Sarkareth
(184269, 0, 0, 'Scalecommander Cindrethresh', '', 'Dark Talons', NULL, NULL, 9, 0, 0, 2, 0, 0, 0, 0, 7, 0, 0, 1, 1, 0, 0, 208284, 45746), -- Scalecommander Cindrethresh
(182069, 0, 0, 'Dervishian', '', 'Obsidian Warders', NULL, NULL, 9, 0, 0, 2, 0, 0, 0, 0, 7, 0, 0, 1, 1, 0, 0, 205872, 45746), -- Dervishian
(184308, 0, 0, 'Scalecommander Sarkareth', '', 'The Ebon Scales', NULL, NULL, 9, 0, 0, 2, 0, 0, 0, 0, 7, 0, 0, 1, 1, 0, 0, 208332, 45746), -- Scalecommander Sarkareth
(188819, 0, 0, 'Atrenosh Hailstone', '', NULL, NULL, NULL, 9, 0, 0, 1, 0, 0, 1, 0, 2, 4096, 0, 5, 1, 0, 0, 215505, 45746), -- Atrenosh Hailstone
(184355, 0, 0, 'Obsidian Warder Talon', '', NULL, NULL, NULL, 9, 0, 0, 2, 0, 0, 0, 0, 7, 8392704, 2048, 1, 1, 0, 0, 208381, 45746), -- Obsidian Warder Talon
(184375, 0, 0, 'Obsidian Warder Talon', '', NULL, NULL, NULL, 9, 0, 0, 2, 0, 0, 0, 0, 7, 8392704, 2048, 1, 1, 0, 0, 208410, 45746), -- Obsidian Warder Talon
(184400, 0, 0, 'Windscourge Dragon', '', 'Primalists', NULL, NULL, 9, 0, 0, 2, 0, 0, 1, 0, 2, 76, 0, 50, 1, 0, 0, 208443, 45746), -- Windscourge Dragon
(184404, 182463, 0, 'Trueborn Rainmaker', '', 'Primalist', NULL, NULL, 9, 0, 0, 8, 0, 0, 0, 0, 2, 4096, 0, 0.800000011920928955, 1, 0, 0, 208447, 45746), -- Trueborn Rainmaker
(182168, 0, 0, 'Scalecommander Azurathel', '', 'Obsidian Warders', NULL, NULL, 9, 0, 0, 2, 0, 0, 0, 0, 7, 0, 0, 1, 1, 0, 0, 205973, 45746), -- Scalecommander Azurathel
(184420, 0, 0, 'Azuresworn Drakonid', '', NULL, NULL, NULL, 9, 0, 0, 1, 0, 0, 0, 0, 2, 4096, 0, 2, 1, 0, 0, 208468, 45746), -- Azuresworn Drakonid
(182184, 0, 0, 'Creche Seal', '', NULL, NULL, NULL, 9, 0, 0, 1, 0, 0, 0, 0, 10, 1610612752, 117440518, 10, 1, 0, 0, 205989, 45746), -- Creche Seal
(186703, 0, 0, 'Trueborn Tempest-Warrior', '', 'Primalist', NULL, NULL, 9, 0, 0, 1, 0, 0, 0, 0, 2, 4096, 0, 0.800000011920928955, 1, 0, 0, 211028, 45746), -- Trueborn Tempest-Warrior
(186707, 0, 0, 'Flying Squirrel', '', NULL, NULL, NULL, 9, 0, 0, 1, 0, 0, 6, 0, 8, 0, 0, 0.200000002980232238, 1, 0, 0, 211082, 45746), -- Flying Squirrel
(186717, 0, 0, 'Baby Thunder Lizard', '', NULL, NULL, NULL, 9, 0, 0, 1, 0, 0, 0, 0, 8, 0, 0, 0.200000002980232238, 1, 0, 0, 211116, 45746), -- Baby Thunder Lizard
(197908, 0, 0, 'Mage Talon', '', 'The Ebon Scales', NULL, NULL, 9, 0, 0, 2, 0, 0, 0, 0, 7, 4096, 0, 1, 1, 0, 0, 226269, 45746), -- Mage Talon
(182251, 0, 0, 'Scalecommander Azurathel', '', 'Obsidian Warders', NULL, NULL, 9, 0, 0, 2, 0, 0, 0, 0, 7, 0, 0, 1, 1, 0, 0, 206060, 45746), -- Scalecommander Azurathel
(182258, 0, 0, 'Scalecommander Emberthal', '', 'The Adamant Vigil', NULL, NULL, 9, 0, 0, 2, 0, 0, 0, 0, 7, 0, 0, 1, 1, 0, 0, 206067, 45746), -- Scalecommander Emberthal
(182274, 0, 0, 'Scalecommander Azurathel', '', 'Obsidian Warders', NULL, NULL, 9, 0, 0, 2, 0, 0, 0, 0, 7, 0, 0, 1, 1, 0, 0, 206083, 45746), -- Scalecommander Azurathel
(182275, 0, 0, 'Scalecommander Azurathel', '', 'Obsidian Warders', NULL, NULL, 9, 0, 0, 2, 0, 0, 0, 0, 7, 0, 0, 1, 1, 0, 0, 206084, 45746), -- Scalecommander Azurathel
(191224, 181310, 0, 'Tarasek Shockshaman', '', NULL, NULL, NULL, 9, 0, 0, 8, 0, 0, 0, 0, 2, 4096, 0, 0.800000011920928955, 1, 0, 0, 219429, 45746), -- Tarasek Shockshaman
(182277, 0, 0, 'Trueborn Rainmaker', '', 'Primalist', NULL, NULL, 9, 0, 0, 8, 0, 0, 0, 0, 2, 4096, 0, 0.800000011920928955, 1, 0, 0, 206086, 45746), -- Trueborn Rainmaker
(182280, 0, 0, 'Tazenrath', '', 'Brood of the Incarnate', NULL, NULL, 9, 0, 5132, 2, 0, 0, 4, 0, 2, 72, 0, 5, 1, 0, 0, 206089, 45746), -- Tazenrath
(182297, 0, 0, 'Scalecommander Sarkareth', '', 'The Ebon Scales', NULL, NULL, 9, 0, 0, 2, 0, 0, 0, 0, 7, 0, 0, 1, 1, 0, 0, 206107, 45746), -- Scalecommander Sarkareth
(182317, 0, 0, 'Scalecommander Cindrethresh', '', 'Dark Talons', NULL, NULL, 9, 0, 0, 2, 0, 0, 0, 0, 7, 0, 0, 1, 1, 0, 0, 206131, 45746), -- Scalecommander Cindrethresh
(182349, 0, 0, 'Injured Talon', '', 'The Healing Wings', NULL, NULL, 9, 0, 0, 2, 0, 0, 0, 0, 7, 4096, 0, 1, 1, 0, 0, 206163, 45746), -- Injured Talon
(191302, 0, 0, 'Shockscale Dragon', '', NULL, NULL, NULL, 9, 0, 0, 2, 0, 0, 1, 0, 2, 76, 0, 50, 1, 0, 0, 219507, 45746), -- Shockscale Dragon
(186854, 0, 0, 'Lapisagos', '', 'The Spellsworn', NULL, NULL, 9, 0, 0, 2, 0, 0, 1, 0, 2, 2149580904, 0, 7.5, 1, 0, 0, 211265, 45746), -- Lapisagos
(184620, 0, 0, 'Lightning Strike Stalker', '', NULL, NULL, NULL, 9, 0, 0, 2, 0, 0, 0, 0, 10, 1024, 0, 1, 1, 0, 187, 208675, 45746), -- Lightning Strike Stalker
(186864, 0, 0, 'Tethalash', '', 'Quartermaster', NULL, NULL, 9, 0, 0, 2, 0, 0, 0, 0, 7, 0, 0, 1, 1, 0, 0, 211277, 45746), -- Tethalash
(186865, 0, 0, 'Kodethi', '', 'Dark Talons', NULL, NULL, 9, 0, 0, 2, 0, 0, 0, 0, 7, 0, 0, 1, 1, 0, 0, 211278, 45746), -- Kodethi
(182394, 182008, 0, 'Deatheater Scythid', '', NULL, NULL, NULL, 9, 0, 0, 1, 0, 0, 0, 0, 1, 0, 0, 2, 1, 0, 0, 206208, 45746), -- Deatheater Scythid
(186883, 0, 0, 'Scalecommander Cindrethresh', '', 'Dark Talons', NULL, NULL, 9, 0, 0, 2, 0, 0, 0, 0, 7, 0, 0, 1, 1, 0, 0, 211296, 45746), -- Scalecommander Cindrethresh
(198070, 0, 0, 'Dragon Isles Adventurer', '', NULL, NULL, NULL, 9, 0, 0, 1, 0, 0, 0, 0, 7, 0, 0, 1.35000002384185791, 1, 0, 0, 226438, 45746), -- Dragon Isles Adventurer
(191366, 0, 0, 'Scalecommander Sarkareth', '', 'The Ebon Scales', NULL, NULL, 9, 0, 0, 2, 0, 0, 0, 0, 7, 0, 0, 1, 1, 0, 0, 219571, 45746), -- Scalecommander Sarkareth
(184658, 0, 0, 'Avatar of the Storm', '', NULL, NULL, NULL, 9, 0, 0, 1, 0, 0, 1, 0, 4, 0, 0, 20, 1, 0, 0, 208713, 45746), -- Avatar of the Storm
(184661, 0, 0, 'Windfiend', '', NULL, NULL, NULL, 9, 0, 0, 1, 0, 0, 6, 0, 4, 0, 0, 0.5, 1, 0, 0, 208716, 45746), -- Windfiend
(182441, 0, 0, 'Scalecommander Emberthal', '', 'The Adamant Vigil', NULL, NULL, 9, 0, 0, 2, 0, 0, 0, 0, 7, 0, 0, 1, 1, 0, 0, 206255, 45746), -- Scalecommander Emberthal
(191423, 0, 0, 'Tactical Mender', '', 'The Healing Wings', NULL, NULL, 9, 0, 0, 2, 0, 0, 0, 0, 7, 0, 0, 1, 1, 0, 0, 219628, 45746), -- Tactical Mender
(191425, 0, 0, 'Mage Talon', '', 'The Ebon Scales', NULL, NULL, 9, 0, 0, 2, 0, 0, 0, 0, 7, 0, 0, 1, 1, 0, 0, 219630, 45746), -- Mage Talon
(182488, 0, 0, 'Windscourge Dragon', '', NULL, NULL, NULL, 9, 0, 0, 1, 0, 0, 1, 26, 2, 72, 0, 3, 1, 0, 0, 206302, 45746), -- Windscourge Dragon
(182492, 182465, 0, 'Raszageth', '', 'The Storm-Eater', NULL, NULL, 9, 0, 0, 1, 0, 0, 1, 0, 2, 2097260, 0, 500, 1, 0, 0, 206306, 45746), -- Raszageth
(191444, 0, 0, 'Rethenash', '', NULL, NULL, 'questinteract', 9, 0, 0, 1, 0, 0, 0, 0, 10, 0, 0, 1, 1, 0, 0, 219649, 45746), -- Rethenash
(191445, 0, 0, 'Katrinasa', '', NULL, NULL, 'questinteract', 9, 0, 0, 1, 0, 0, 0, 0, 10, 0, 0, 1, 1, 0, 0, 219650, 45746), -- Katrinasa
(191454, 0, 0, 'Amberfur Kit', '', NULL, NULL, NULL, 9, 0, 0, 1, 0, 0, 0, 0, 8, 0, 0, 0.200000002980232238, 1, 0, 0, 219659, 45746), -- Amberfur Kit
(191456, 0, 0, 'Giant Ocean Ottuk', '', NULL, NULL, NULL, 9, 0, 0, 1, 0, 0, 0, 127, 1, 1, 0, 1, 1, 0, 0, 219661, 45746), -- Giant Ocean Ottuk
(191460, 0, 0, 'Ocean Ottuk Pup', '', NULL, NULL, NULL, 9, 0, 0, 1, 0, 0, 6, 0, 8, 0, 0, 1, 1, 0, 0, 219665, 45746), -- Ocean Ottuk Pup
(184765, 0, 0, 'Ebyssian', '', NULL, NULL, NULL, 9, 0, 0, 2, 0, 0, 1, 0, 2, 0, 0, 1, 1, 0, 0, 208828, 45746), -- Ebyssian
(184766, 0, 0, 'Wrathion', '', 'The Black Prince', NULL, NULL, 9, 0, 0, 1, 0, 0, 1, 0, 2, 0, 0, 1, 1, 0, 0, 208829, 45746), -- Wrathion
(187015, 0, 0, '[DNT] Kill Credit: Cave In', '', NULL, NULL, NULL, 0, 0, 0, 1, 0, 0, 0, 0, 10, 1024, 0, 1, 1, 0, 0, 213618, 45746), -- [DNT] Kill Credit: Cave In
(191500, 0, 0, 'Avatar of the Storm', '', NULL, NULL, NULL, 9, 0, 0, 1, 0, 0, 1, 0, 4, 2097260, 0, 20, 1, 0, 0, 219705, 45746), -- Avatar of the Storm
(191521, 0, 0, 'Cave Spider', '', NULL, NULL, NULL, 9, 0, 0, 1, 0, 0, 0, 3, 8, 0, 0, 0.200000002980232238, 1, 0, 0, 219726, 45746), -- Cave Spider
(191523, 0, 0, 'River Ottuk', '', NULL, NULL, NULL, 9, 0, 0, 1, 0, 0, 0, 127, 1, 1, 0, 1, 1, 0, 0, 219728, 45746), -- River Ottuk
(191526, 0, 0, 'Frog', '', NULL, NULL, NULL, 9, 0, 0, 1, 0, 0, 6, 0, 8, 0, 0, 0.200000002980232238, 1, 0, 0, 219731, 45746), -- Frog
(191530, 0, 0, 'Ottuk Pup', '', NULL, NULL, NULL, 9, 0, 0, 1, 0, 0, 6, 0, 1, 0, 0, 0.400000005960464477, 1, 0, 0, 219735, 45746), -- Ottuk Pup
(191540, 0, 0, 'Crab', '', NULL, NULL, NULL, 9, 0, 0, 1, 0, 0, 6, 0, 8, 0, 0, 0.200000002980232238, 1, 0, 0, 219745, 45746), -- Crab
(191543, 0, 0, 'Stormsoaked Rabbit', '', NULL, NULL, NULL, 9, 0, 0, 1, 0, 0, 0, 0, 8, 0, 0, 0.200000002980232238, 1, 0, 0, 219748, 45746), -- Stormsoaked Rabbit
(182601, 0, 0, 'Wrathion', '', 'The Black Prince', NULL, NULL, 9, 0, 0, 1, 0, 0, 1, 0, 2, 4096, 0, 1, 1, 0, 0, 206415, 45746), -- Wrathion
(182608, 0, 0, 'Scalecommander Emberthal', '', 'The Adamant Vigil', NULL, NULL, 9, 0, 0, 2, 0, 0, 0, 0, 7, 0, 0, 1, 1, 0, 0, 206422, 45746), -- Scalecommander Emberthal
(182610, 0, 0, 'Scalecommander Viridia', '', 'The Healing Wings', NULL, NULL, 9, 0, 0, 2, 0, 0, 0, 0, 7, 0, 0, 1, 1, 0, 0, 206424, 45746), -- Scalecommander Viridia
(182611, 0, 0, 'Scalecommander Sarkareth', '', 'The Ebon Scales', NULL, NULL, 9, 0, 0, 2, 0, 0, 0, 0, 7, 0, 0, 1, 1, 0, 0, 206425, 45746), -- Scalecommander Sarkareth
(182612, 0, 0, 'Scalecommander Cindrethresh', '', 'Dark Talons', NULL, NULL, 9, 0, 0, 2, 0, 0, 0, 0, 7, 0, 0, 1, 1, 0, 0, 206426, 45746), -- Scalecommander Cindrethresh
(191564, 0, 0, 'Coastal Seagull', '', NULL, NULL, NULL, 9, 0, 0, 1, 0, 0, 6, 0, 8, 0, 0, 0.200000002980232238, 1, 0, 0, 219769, 45746), -- Coastal Seagull
(191579, 0, 0, 'Shaggy Rabbit', '', NULL, NULL, NULL, 9, 0, 0, 1, 0, 0, 0, 0, 8, 0, 0, 0.200000002980232238, 1, 0, 0, 219784, 45746), -- Shaggy Rabbit
(191586, 0, 0, 'Atrenosh Hailstone', '', NULL, NULL, NULL, 9, 0, 0, 1, 0, 0, 1, 0, 2, 4096, 0, 5, 1, 0, 0, 219791, 45746), -- Atrenosh Hailstone
(193824, 0, 0, 'Ekrazathal', '', 'Brood of the Incarnate', NULL, NULL, 9, 0, 0, 2, 0, 0, 1, 0, 2, 0, 0, 10, 1, 0, 0, 222053, 45746), -- Ekrazathal
(191599, 0, 0, 'Beetle', '', NULL, NULL, 'wildpetcapturable', 9, 0, 0, 1, 0, 0, 6, 0, 8, 1073741824, 0, 0.200000002980232238, 1, 0, 100, 219804, 45746), -- Beetle
(187131, 0, 0, 'Drakonid Crechebound', '', NULL, NULL, NULL, 9, 0, 0, 1, 0, 0, 0, 0, 2, 0, 0, 1, 1, 0, 0, 213751, 45746), -- Drakonid Crechebound
(187133, 182702, 0, 'Dracthyr Talon', '', NULL, NULL, NULL, 9, 0, 0, 2, 0, 0, 0, 0, 7, 4096, 0, 1, 1, 0, 0, 213753, 45746), -- Dracthyr Talon
(187138, 0, 0, 'Drakonid Crechebound', '', NULL, NULL, NULL, 9, 0, 0, 1, 0, 0, 0, 0, 2, 0, 0, 1, 1, 0, 0, 213758, 45746), -- Drakonid Crechebound
(189386, 0, 0, 'Spiritwalker Ebonhorn', '', NULL, NULL, NULL, 9, 0, 0, 2, 0, 0, 1, 0, 2, 0, 0, 1, 1, 0, 0, 216070, 45746), -- Spiritwalker Ebonhorn
(189389, 0, 0, 'Scalecommander Cindrethresh', '', 'Dark Talons', NULL, NULL, 9, 0, 0, 2, 0, 0, 0, 0, 7, 0, 0, 1, 1, 0, 0, 216073, 45746), -- Scalecommander Cindrethresh
(189390, 0, 0, 'Kodethi', '', 'Dark Talons', NULL, NULL, 9, 0, 0, 2, 0, 0, 0, 0, 7, 0, 0, 1, 1, 0, 0, 216074, 45746), -- Kodethi
(187164, 0, 0, 'Invasive Salamanther', '', NULL, NULL, NULL, 9, 0, 0, 1, 0, 0, 0, 0, 8, 0, 0, 0.200000002980232238, 1, 0, 69, 213794, 45746), -- Invasive Salamanther
(187165, 0, 0, 'Dark Talon', '', NULL, NULL, NULL, 9, 0, 0, 2, 0, 0, 0, 0, 7, 8392704, 0, 1, 1, 0, 0, 213795, 45746), -- Dark Talon
(187167, 0, 0, 'Obsidian Warder', '', NULL, NULL, NULL, 9, 0, 0, 2, 0, 0, 0, 0, 7, 8392704, 0, 1, 1, 0, 0, 213797, 45746), -- Obsidian Warder
(182696, 0, 0, 'Scalecommander Cindrethresh', '', 'Dark Talons', NULL, NULL, 9, 0, 0, 2, 0, 0, 0, 0, 7, 0, 0, 1, 1, 0, 0, 206510, 45746), -- Scalecommander Cindrethresh
(191675, 0, 0, 'Fused Tarasek', '', 'Primalists', NULL, NULL, 9, 0, 0, 1, 0, 0, 0, 0, 2, 0, 0, 0.800000011920928955, 1, 0, 0, 219880, 45746), -- Fused Tarasek
(191685, 0, 0, 'Ebyssian', '', NULL, NULL, NULL, 9, 0, 0, 2, 0, 0, 1, 0, 2, 0, 0, 1, 1, 0, 0, 219890, 45746), -- Ebyssian
(198413, 0, 0, 'Vorquin Foal', '', NULL, NULL, NULL, 9, 0, 0, 1, 0, 0, 6, 151, 2, 0, 0, 0.5, 1, 0, 0, 226789, 45746), -- Vorquin Foal
(198414, 0, 0, 'Vorquin', '', NULL, NULL, NULL, 9, 0, 0, 1, 0, 0, 0, 151, 2, 1, 0, 1, 1, 0, 0, 226790, 45746), -- Vorquin
(191713, 0, 0, 'Scytherin', '', NULL, NULL, NULL, 9, 0, 5130, 1, 0, 0, 4, 0, 1, 72, 0, 5, 1, 0, 0, 219918, 45746), -- Scytherin
(198429, 0, 0, 'Treysh', '', 'Cavalry Master', NULL, NULL, 9, 0, 0, 2, 0, 0, 0, 0, 7, 0, 0, 1, 1, 0, 0, 226805, 45746), -- Treysh
(198431, 0, 0, 'Crimson Vorquin', '', NULL, NULL, NULL, 9, 0, 0, 1, 0, 0, 0, 151, 2, 0, 0, 1, 1, 0, 0, 226810, 45746), -- Crimson Vorquin
(198435, 0, 0, 'Sapphire Vorquin', '', NULL, NULL, NULL, 9, 0, 0, 1, 0, 0, 0, 151, 2, 0, 0, 1, 1, 0, 0, 226814, 45746), -- Sapphire Vorquin
(191729, 0, 0, 'Deathrip', '', NULL, NULL, NULL, 9, 0, 5129, 1, 0, 0, 4, 160, 1, 72, 0, 5, 1, 0, 0, 219934, 45746), -- Deathrip
(191746, 0, 0, 'Ketess the Pillager', '', NULL, NULL, NULL, 9, 0, 5133, 1, 0, 0, 4, 0, 2, 72, 0, 5, 1, 0, 0, 219951, 45746), -- Ketess the Pillager
(191763, 0, 0, 'Frightened Argali', '', NULL, NULL, NULL, 9, 0, 0, 1, 0, 0, 0, 0, 1, 0, 0, 1, 1, 0, 0, 219968, 45746), -- Frightened Argali
(189540, 0, 0, 'Nozdormu', '', NULL, NULL, NULL, 9, 0, 0, 8, 0, 0, 1, 0, 2, 4, 0, 50, 2, 0, 0, 216225, 45746), -- Nozdormu
(191780, 0, 0, 'Scalecommander Emberthal', '', 'The Adamant Vigil', NULL, NULL, 9, 0, 0, 2, 0, 0, 0, 0, 7, 0, 0, 1, 1, 0, 0, 219985, 45746), -- Scalecommander Emberthal
(187335, 182702, 0, 'Dracthyr Talon', '', NULL, NULL, NULL, 9, 0, 0, 2, 0, 0, 0, 0, 7, 4096, 0, 1, 1, 0, 0, 213972, 45746), -- Dracthyr Talon
(191863, 0, 0, 'Wrathion', '', 'The Black Prince', NULL, NULL, 9, 0, 0, 1, 0, 0, 1, 0, 2, 0, 0, 1, 1, 0, 0, 220068, 45746), -- Wrathion
(189627, 0, 0, 'Ancient Construct', '', NULL, NULL, NULL, 9, 0, 0, 1, 0, 0, 0, 0, 4, 0, 0, 1.10000002384185791, 1, 0, 0, 216312, 45746), -- Ancient Construct
(191885, 0, 0, 'Scalecommander Viridia', '', 'The Healing Wings', NULL, NULL, 9, 0, 0, 2, 0, 0, 0, 0, 7, 0, 0, 1, 1, 0, 0, 220090, 45746), -- Scalecommander Viridia
(191887, 0, 0, 'Windscourge Dragon', '', 'Primalists', NULL, NULL, 9, 0, 0, 2, 0, 0, 1, 0, 2, 76, 0, 50, 1, 0, 0, 220092, 45746), -- Windscourge Dragon
(191992, 0, 0, 'Eviscerated Argali', '', NULL, NULL, NULL, 9, 9, 5137, 1, 0, 0, 0, 0, 1, 536870912, 67108864, 1, 1, 0, 0, 220201, 45746), -- Eviscerated Argali
(192076, 0, 0, 'Volatile Remnant', '', NULL, NULL, NULL, 9, 0, 0, 1, 0, 0, 6, 0, 4, 0, 0, 0.035000000149011611, 1, 0, 0, 220285, 45746), -- Volatile Remnant
(187611, 0, 0, 'Beetle Swarmer', '', NULL, NULL, NULL, 9, 0, 0, 1, 0, 0, 6, 53, 1, 0, 0, 0.300000011920928955, 1, 0, 0, 214254, 45746), -- Beetle Swarmer
(187613, 0, 0, 'Scalecrawler Beetle', '', NULL, NULL, NULL, 9, 0, 0, 1, 0, 0, 0, 53, 1, 0, 0, 0.800000011920928955, 1, 0, 0, 214256, 45746), -- Scalecrawler Beetle
(185419, 0, 0, 'Ebyssian', '', NULL, NULL, NULL, 9, 0, 0, 2, 0, 0, 1, 0, 2, 0, 0, 1, 1, 0, 0, 209585, 45746), -- Ebyssian
(192139, 0, 0, 'Scalecommander Azurathel', '', 'Obsidian Warders', NULL, NULL, 9, 0, 0, 2, 0, 0, 0, 0, 7, 0, 0, 1, 1, 0, 0, 220348, 45746), -- Scalecommander Azurathel
(192140, 0, 0, 'Scalecommander Cindrethresh', '', 'Dark Talons', NULL, NULL, 9, 0, 0, 2, 0, 0, 0, 0, 7, 0, 0, 1, 1, 0, 0, 220349, 45746), -- Scalecommander Cindrethresh
(185433, 0, 0, 'Ferocious Tarasek', '', NULL, NULL, NULL, 9, 0, 0, 1, 0, 0, 0, 0, 2, 4096, 0, 0.800000011920928955, 1, 0, 0, 209601, 45746), -- Ferocious Tarasek
(189914, 0, 0, 'Kurog Grimtotem', '', 'The Grand Summoner', NULL, NULL, 9, 0, 0, 8, 0, 0, 1, 0, 7, 2147483724, 0, 10, 1, 0, 0, 216603, 45746), -- Kurog Grimtotem
(187689, 187613, 0, 'Scalecrawler Beetle', '', NULL, NULL, NULL, 9, 0, 0, 1, 0, 0, 0, 53, 1, 1, 0, 0.800000011920928955, 1, 0, 0, 214356, 45746), -- Scalecrawler Beetle
(192221, 0, 0, 'Healing Wing', '', NULL, NULL, NULL, 9, 0, 0, 2, 0, 0, 0, 0, 7, 0, 0, 1, 1, 0, 0, 220430, 45746), -- Healing Wing
(192232, 0, 0, 'Windscourge Dragon', '', NULL, NULL, NULL, 9, 0, 0, 1, 0, 0, 0, 0, 2, 0, 0, 1, 1, 0, 0, 220441, 45746), -- Windscourge Dragon
(181053, 0, 0, 'Kodethi', '', 'Dark Talons', NULL, NULL, 9, 0, 0, 2, 0, 0, 0, 0, 7, 0, 0, 1, 1, 0, 0, 204732, 45746), -- Kodethi
(181054, 0, 0, 'Scalecommander Emberthal', '', 'The Adamant Vigil', NULL, NULL, 9, 0, 0, 2, 0, 0, 0, 0, 7, 0, 0, 1, 1, 0, 0, 204733, 45746), -- Scalecommander Emberthal
(181055, 0, 0, 'Scalecommander Cindrethresh', '', 'Dark Talons', NULL, NULL, 9, 0, 0, 2, 0, 0, 0, 0, 7, 0, 0, 1, 1, 0, 0, 204734, 45746), -- Scalecommander Cindrethresh
(181056, 0, 0, 'Scalecommander Azurathel', '', 'Obsidian Warders', NULL, NULL, 9, 0, 0, 2, 0, 0, 0, 0, 7, 0, 0, 1, 1, 0, 0, 204735, 45746), -- Scalecommander Azurathel
(192273, 0, 0, 'Obsidian Warder', '', NULL, NULL, NULL, 9, 0, 0, 2, 0, 0, 0, 0, 7, 0, 0, 1, 1, 0, 0, 220482, 45746), -- Obsidian Warder
(192280, 0, 0, 'Semi-sentient Typhoon', '', NULL, NULL, NULL, 9, 0, 0, 2, 0, 0, 0, 0, 10, 1610613776, 117440518, 1, 1, 0, 84, 220489, 45746), -- Semi-sentient Typhoon
(187833, 0, 0, 'Dragonbane Beetle', '', NULL, NULL, NULL, 9, 0, 0, 1, 0, 0, 6, 53, 1, 1, 0, 0.300000011920928955, 1, 0, 0, 214509, 45746), -- Dragonbane Beetle
(192308, 0, 0, 'Azuresworn Drakonid', '', NULL, NULL, NULL, 9, 0, 0, 1, 0, 0, 0, 0, 2, 0, 0, 1.20000004768371582, 1, 0, 0, 220517, 45746), -- Azuresworn Drakonid
(192309, 0, 0, 'Ebon Scale', '', NULL, NULL, NULL, 9, 0, 0, 2, 0, 0, 0, 0, 7, 0, 0, 1, 1, 0, 0, 220518, 45746), -- Ebon Scale
(192310, 0, 0, 'Dervishian', '', 'Obsidian Warders', NULL, NULL, 9, 0, 0, 2, 0, 0, 0, 0, 7, 0, 0, 1, 1, 0, 0, 220519, 45746), -- Dervishian
(192311, 0, 0, 'Dark Talon', '', NULL, NULL, NULL, 9, 0, 0, 2, 0, 0, 0, 0, 7, 8392704, 0, 1, 1, 0, 0, 220520, 45746), -- Dark Talon
(192312, 0, 0, 'Kodethi', '', 'Dark Talons', NULL, NULL, 9, 0, 0, 2, 0, 0, 0, 0, 7, 0, 0, 1, 1, 0, 0, 220521, 45746), -- Kodethi
(196794, 0, 0, 'Siaszerathel', '', 'The Healing Wings', NULL, NULL, 9, 0, 0, 2, 0, 0, 0, 0, 7, 0, 0, 1, 1, 0, 0, 225079, 45746), -- Siaszerathel
(192355, 0, 0, 'Dark Talon', '', NULL, NULL, NULL, 9, 0, 0, 2, 0, 0, 0, 0, 7, 8392704, 2048, 1, 1, 0, 0, 220565, 45746), -- Dark Talon
(196831, 0, 0, 'Segallia', '', NULL, NULL, NULL, 9, 0, 0, 1, 0, 0, 0, 0, 7, 0, 0, 1, 1, 0, 0, 225117, 45746), -- Segallia
(187904, 0, 0, 'Injured Drakonid', '', NULL, NULL, NULL, 9, 0, 0, 1, 0, 0, 0, 0, 2, 4096, 0, 1.20000004768371582, 1, 0, 0, 214580, 45746); -- Injured Drakonid

UPDATE `creature_template` SET `VerifiedBuild`=45746 WHERE `entry`=44740; -- Sahi Cloudsinger
UPDATE `creature_template` SET `VerifiedBuild`=45746 WHERE `entry`=44743; -- Nohi Plainswalker
UPDATE `creature_template` SET `VerifiedBuild`=45746 WHERE `entry` IN (44745, 15666, 20149, 20150, 20151, 20152, 76084, 58193, 58199, 44779, 44780, 42548, 24653, 15714, 15715, 15716, 29143, 20217, 20220, 20222, 20223, 20224, 20225, 190239, 64977, 44851, 44852, 44853, 44854, 44856, 64990, 64991, 64993, 64996, 44865, 44866, 44867, 44868, 44871, 44872, 65006, 65007, 44876, 65009, 44877, 44878, 65011, 22510, 22511, 22512, 22513, 22514, 65017, 65018, 29238, 161223, 62809, 44918, 44919, 62821, 65058, 62822, 65060, 65061, 65063, 65065, 65071, 65072, 65074, 65076, 65078, 44948, 6929, 188157, 150131, 47253, 47254, 33841, 304, 305, 27152, 145714, 54004, 67437, 33892, 47321, 33904, 89830, 20486, 20488, 356, 42859, 20489, 20490, 358, 20491, 47335, 20492, 47336, 20493, 31694, 31695, 31697, 141310, 31698, 31717, 181596, 74228, 49622, 54113, 25064, 31778, 18363, 18364, 18365, 4953, 18377, 18378, 18379, 181680, 18380, 69832, 45230, 45244, 11689, 29596, 181712, 49743, 31850, 31852, 31854, 49750, 31857, 60941, 43062, 52034, 31902, 22958, 31912, 47571, 141528, 34155, 148242, 34156, 22975, 22976, 22977, 22978, 148250, 9564, 148263, 148265, 49837, 40891, 27489, 18545, 175135, 47631, 38695, 47646, 47648, 47652, 47653, 70024, 47654, 70025, 70026, 70027, 34238, 168459, 54395, 5188, 52178, 188655, 188656, 38821, 61201, 32151, 32153, 32158, 29929, 27707, 47841, 63502, 50088, 32205, 32207, 14329, 3144, 14330, 14331, 197767, 14333, 197770, 197771, 63552, 63553, 179897, 59101, 12136, 3189, 14375, 12149, 14392, 72559, 3216, 7690, 141912, 135201, 135202, 141920, 63626, 34549, 7707, 34552, 7708, 34555, 34556, 34558, 39046, 32336, 23408, 36837, 54741, 50269, 3296, 3300, 72654, 3310, 3312, 3313, 3314, 3319, 14505, 23455, 23456, 3323, 23457, 23458, 23459, 23460, 3329, 3330, 3331, 3334, 3335, 68211, 3342, 3345, 50323, 3346, 3347, 14539, 14540, 14541, 77178, 14542, 14543, 133104, 14544, 14545, 133108, 148768, 133109, 14549, 14550, 148770, 3367, 63766, 133114, 5606, 3370, 5609, 5610, 14558, 5611, 5613, 5614, 133127, 144320, 148795, 144323, 5639, 130911, 133153, 191319, 66051, 186853, 66060, 66062, 66063, 32520, 133185, 133186, 34765, 180176, 52672, 21354, 133209, 184664, 184666, 133218, 198096, 32562, 133228, 133236, 61652, 133239, 50477, 50488, 186946, 66150, 66151, 133261, 37072, 133270, 133271, 133276, 52748, 173548, 57227, 66176, 66177, 52756, 137762, 32640, 14744, 5816, 5817, 39379, 39380, 52807, 184793, 184812, 19280, 19281, 155739, 46140, 5875, 46142, 61809, 1420, 133407, 5909, 5910, 17098, 46181, 182646, 88701, 28302, 88702, 14881, 88703, 88706, 73060, 189398, 187163, 167032, 55188, 35068, 26131, 176012, 133523, 158131, 158133, 158138, 158141, 187223, 189488, 35148, 17252, 6075, 17266, 176094, 176095, 35169, 149258, 46357, 46358, 46359, 32944, 149270, 149279, 149290, 149296, 44158, 149297, 44160, 55370, 15116, 62106, 33030, 62114, 62115, 149371, 142666, 142668, 185172, 71100, 149404, 149408, 140462, 46512, 62195, 35362, 4047, 46555, 46556, 53270, 53276, 46572, 44338, 185272, 1860, 149522, 149523, 165189, 174147, 26537, 10880, 51152, 8659, 71313, 149616, 51195, 149626, 6466, 24368, 46741, 46742, 46754, 46755, 51230, 4271, 4272, 15476, 151937, 62458, 62459, 62460, 62461, 4311, 64715, 64716, 187758, 73672, 33414, 187775, 28960, 24488, 11066, 73702, 51346, 20029, 20030, 71486, 71497, 49131, 31239, 20072, 183380, 73780, 11153, 11154, 11155, 11156, 58155);
UPDATE `creature_template` SET `HealthScalingExpansion`=9, `VerifiedBuild`=45746 WHERE `entry`=40437; -- Battered Brewer
UPDATE `creature_template` SET `HealthScalingExpansion`=9, `VerifiedBuild`=45746 WHERE `entry`=188163; -- Worker
UPDATE `creature_template` SET `VerifiedBuild`=45746 WHERE `entry`=47233; -- Gordul
UPDATE `creature_template` SET `VerifiedBuild`=45746 WHERE `entry`=47246; -- Ureda
UPDATE `creature_template` SET `VerifiedBuild`=45746 WHERE `entry`=47247; -- Marud
UPDATE `creature_template` SET `VerifiedBuild`=45746 WHERE `entry`=47248; -- Gija
UPDATE `creature_template` SET `HealthScalingExpansion`=9, `VerifiedBuild`=45746 WHERE `entry`=45015; -- Darkspear Headhunter
UPDATE `creature_template` SET `HealthScalingExpansion`=9, `VerifiedBuild`=45746 WHERE `entry`=45019; -- Berserker Zanga
UPDATE `creature_template` SET `HealthScalingExpansion`=9, `VerifiedBuild`=45746 WHERE `entry`=45023; -- Huntress Kuzari
UPDATE `creature_template` SET `HealthScalingExpansion`=9, `VerifiedBuild`=45746 WHERE `entry`=45025; -- Mimbubu
UPDATE `creature_template` SET `HealthScalingExpansion`=9, `VerifiedBuild`=45746 WHERE `entry`=172558; -- Eyla Pathleader
UPDATE `creature_template` SET `HealthScalingExpansion`=9, `VerifiedBuild`=45746 WHERE `entry`=174863; -- Evie
UPDATE `creature_template` SET `HealthScalingExpansion`=9, `VerifiedBuild`=45746 WHERE `entry`=174864; -- Wenha
UPDATE `creature_template` SET `HealthScalingExpansion`=9, `VerifiedBuild`=45746 WHERE `entry`=174865; -- Playful Prowler
UPDATE `creature_template` SET `HealthScalingExpansion`=9, `VerifiedBuild`=45746 WHERE `entry`=63085; -- Snappy
UPDATE `creature_template` SET `HealthScalingExpansion`=9, `VerifiedBuild`=45746 WHERE `entry`=63086; -- Matty
UPDATE `creature_template` SET `HealthScalingExpansion`=9, `VerifiedBuild`=45746 WHERE `entry`=175050; -- Aneka Melae
UPDATE `creature_template` SET `HealthScalingExpansion`=9, `VerifiedBuild`=45746 WHERE `entry`=52033; -- Rogoc
UPDATE `creature_template` SET `HealthScalingExpansion`=9, `VerifiedBuild`=45746 WHERE `entry`=52036; -- Galra
UPDATE `creature_template` SET `VerifiedBuild`=45746 WHERE `entry`=45337; -- Tyelis
UPDATE `creature_template` SET `VerifiedBuild`=45746 WHERE `entry`=45339; -- Dark Cleric Cecille
UPDATE `creature_template` SET `HealthScalingExpansion`=9, `VerifiedBuild`=45746 WHERE `entry`=45347; -- Brother Silverhallow
UPDATE `creature_template` SET `HealthScalingExpansion`=9, `VerifiedBuild`=45746 WHERE `entry`=69977; -- Blood Guard Zar'shi
UPDATE `creature_template` SET `HealthScalingExpansion`=9, `VerifiedBuild`=45746 WHERE `entry`=69978; -- Sergeant Thunderhorn
UPDATE `creature_template` SET `HealthScalingExpansion`=9, `VerifiedBuild`=45746 WHERE `entry`=155034; -- Brewfest Reveler
UPDATE `creature_template` SET `VerifiedBuild`=45746 WHERE `entry`=23128; -- Master Pyreanor
UPDATE `creature_template` SET `HealthScalingExpansion`=9, `VerifiedBuild`=45746 WHERE `entry`=45545; -- "Jack" Pisarek Slamfix
UPDATE `creature_template` SET `HealthScalingExpansion`=9, `VerifiedBuild`=45746 WHERE `entry`=45563; -- Tinza Silvermug
UPDATE `creature_template` SET `HealthScalingExpansion`=9, `VerifiedBuild`=45746 WHERE `entry`=45565; -- Sanzi
UPDATE `creature_template` SET `HealthScalingExpansion`=9, `VerifiedBuild`=45746 WHERE `entry`=45566; -- Tanzi
UPDATE `creature_template` SET `HealthScalingExpansion`=9, `VerifiedBuild`=45746 WHERE `entry`=45659; -- Auctioneer Fenk
UPDATE `creature_template` SET `HealthScalingExpansion`=9, `VerifiedBuild`=45746 WHERE `entry`=155303; -- Apple Bucket
UPDATE `creature_template` SET `HealthScalingExpansion`=9, `VerifiedBuild`=45746 WHERE `entry`=54657; -- Doris Volanthius
UPDATE `creature_template` SET `HealthScalingExpansion`=9, `VerifiedBuild`=45746 WHERE `entry`=155345; -- [DNT] Brewfest Music
UPDATE `creature_template` SET `HealthScalingExpansion`=9, `VerifiedBuild`=45746 WHERE `entry` IN (45814, 133168); -- Orgrimmar Bruiser
UPDATE `creature_template` SET `HealthScalingExpansion`=9, `VerifiedBuild`=45746 WHERE `entry`=45822; -- Off-Duty Bruiser
UPDATE `creature_template` SET `VerifiedBuild`=45746 WHERE `entry`=3327; -- Gest
UPDATE `creature_template` SET `VerifiedBuild`=45746 WHERE `entry`=3328; -- Ormok
UPDATE `creature_template` SET `HealthScalingExpansion`=9, `VerifiedBuild`=45746 WHERE `entry`=146626; -- Legionnaire Voladis
UPDATE `creature_template` SET `HealthScalingExpansion`=9, `VerifiedBuild`=45746 WHERE `entry`=19175; -- Orc Commoner
UPDATE `creature_template` SET `HealthScalingExpansion`=9, `VerifiedBuild`=45746 WHERE `entry`=19176; -- Tauren Commoner
UPDATE `creature_template` SET `HealthScalingExpansion`=9, `VerifiedBuild`=45746 WHERE `entry`=19177; -- Troll Commoner
UPDATE `creature_template` SET `HealthScalingExpansion`=9, `VerifiedBuild`=45746 WHERE `entry`=46078; -- Boss Mida
UPDATE `creature_template` SET `HealthScalingExpansion`=9, `VerifiedBuild`=45746 WHERE `entry`=46080; -- Kazit
UPDATE `creature_template` SET `HealthScalingExpansion`=9, `VerifiedBuild`=45746 WHERE `entry`=46082; -- Engineer Niff
UPDATE `creature_template` SET `subname`='Dark Talons', `VerifiedBuild`=45746 WHERE `entry`=184786; -- Scalecommander Cindrethresh
UPDATE `creature_template` SET `VerifiedBuild`=45746 WHERE `entry`=88704; -- Gran'dul
UPDATE `creature_template` SET `VerifiedBuild`=45746 WHERE `entry`=88705; -- Kranosh
UPDATE `creature_template` SET `HealthScalingExpansion`=9, `VerifiedBuild`=45746 WHERE `entry`=30611; -- Greela "The Grunt" Crankchain
UPDATE `creature_template` SET `HealthScalingExpansion`=9, `VerifiedBuild`=45746 WHERE `entry`=48510; -- Kall Worthaton
UPDATE `creature_template` SET `HealthScalingExpansion`=9, `VerifiedBuild`=45746 WHERE `entry`=48513; -- Revi Ramrod
UPDATE `creature_template` SET `HealthScalingExpansion`=9, `VerifiedBuild`=45746 WHERE `entry`=73151; -- Deathguard Netharian
UPDATE `creature_template` SET `HealthScalingExpansion`=9, `VerifiedBuild`=45746 WHERE `entry`=12789; -- Blood Guard Hini'wana
UPDATE `creature_template` SET `HealthScalingExpansion`=9, `VerifiedBuild`=45746 WHERE `entry`=12790; -- Advisor Willington
UPDATE `creature_template` SET `HealthScalingExpansion`=9, `VerifiedBuild`=45746 WHERE `entry`=12791; -- Chieftain Earthbind
UPDATE `creature_template` SET `HealthScalingExpansion`=9, `VerifiedBuild`=45746 WHERE `entry`=12793; -- Brave Stonehide
UPDATE `creature_template` SET `HealthScalingExpansion`=9, `VerifiedBuild`=45746 WHERE `entry`=12794; -- Stone Guard Zarg
UPDATE `creature_template` SET `HealthScalingExpansion`=9, `VerifiedBuild`=45746 WHERE `entry`=12795; -- First Sergeant Hola'mahi
UPDATE `creature_template` SET `HealthScalingExpansion`=9, `VerifiedBuild`=45746 WHERE `entry`=12796; -- Raider Bork
UPDATE `creature_template` SET `HealthScalingExpansion`=9, `VerifiedBuild`=45746 WHERE `entry`=12797; -- Grunt Korf
UPDATE `creature_template` SET `HealthScalingExpansion`=9, `VerifiedBuild`=45746 WHERE `entry`=12798; -- Grunt Bek'rah
UPDATE `creature_template` SET `HealthScalingExpansion`=9, `VerifiedBuild`=45746 WHERE `entry`=39660; -- Spirit Healer
UPDATE `creature_template` SET `HealthScalingExpansion`=9, `VerifiedBuild`=45746 WHERE `entry`=19850; -- Councilor Arial D'Anastasis
UPDATE `creature_template` SET `VerifiedBuild`=45746 WHERE `entry`=44723; -- Nahu Ragehoof
UPDATE `creature_template` SET `VerifiedBuild`=45746 WHERE `entry`=44725; -- Sunwalker Atohmo
UPDATE `creature_template` SET `VerifiedBuild`=45746 WHERE `entry`=44726; -- Shalla Whiteleaf
UPDATE `creature_template` SET `VerifiedBuild`=45746 WHERE `entry`=44735; -- Seer Liwatha

DELETE FROM `creature_template_model` WHERE (`Idx`=0 AND `CreatureID` IN (182184,183829,181312,186864,191454,181840,192232,188621,191685,191763,182492,191746,191863,191780,186355,193050,193055,186210,184211,182317,192889,182488,188652,184308,191521,191500,191526,198429,184031,191887,187131,181373,182251,186149,192280,181597,190531,198070,182069,192561,193058,193045,197487,192893,193051,197342,192312,190274,182601,197483,181055,197482,184214,196794,184166,192410,189627,184212,191445,186230,181054,191675,181276,192441,187015,197489,181494,189914,181053,192355,182608,191579,198413,191366,184355,184766,191302,191713,186145,184165,194957,188197,191460,192473,186707,191523,182349,185433,190529,187164,198414,187689,184163,191543,182275,186865,182168,184269,190236,181594,182441,192785,187167,188300,186717,193200,188292,182007,184400,182610,191992,189540,192308,186351,184267,187833,182696,192140,190482,183550,182611,192697,198431,193056,192471,189389,197488,190508,182394,184620,185419,190974,181831,187611,186883,191564,184213,198435,186218,191444,191599,192311,186854,191540,188819,190230,191456,189390,191885,187904,187138,197481,183842,184420,181377,186703,197486,184375,184661,182280,184266,192139,183794,191530,192832,183960,188085,186285,192454,181311,182258,190235,192309,193048,181364,192482,192221,182297,188146,191425,184042,182277,187335,183551,182006,193047,193046,181378,192469,184404,187165,191586,192310,186283,183549,189386,181427,182008,192488,182612,191729,192273,181310,197908,187613,184658,192076,181056,190480,193824,192476,191224,182274,197484,193057,188653,183547,181363,188692,192470,193054,191423,192831,184210,185754,192440,196831,184765,197229,188201,187133)) OR (`Idx`=1 AND `CreatureID` IN (186864,188621,191685,191863,186210,192889,191521,191500,191526,184031,187131,181373,182251,186149,192280,198070,182069,192561,192893,197342,192312,190274,182601,181055,181276,187015,181494,181053,192355,191579,198413,191366,184355,184766,186145,191460,191523,182349,190529,198414,186865,182168,190236,192785,187167,188292,192308,183550,192697,192471,189389,184620,185419,186883,186218,191599,192311,191540,191456,189390,187904,187138,183842,184420,184375,183794,191530,192832,183960,188085,192454,192309,181364,192221,182297,191425,184042,187335,183551,192469,187165,192310,183549,189386,192488,192273,197908,181056,183547,192470,191423,192831,185754,192440,184765,197229,188201,187133)) OR (`Idx`=3 AND `CreatureID` IN (188621,191526,181373,198070,192561,192355,182349,190529,187167,183550,191599,192311,191540,183794,191530,192454,192309,181364,192221,191425,187335,183551,192469,187165,183549,192273,197908,183547,192470,191423,185754,192440,188201,187133)) OR (`Idx`=2 AND `CreatureID` IN (188621,191526,181373,186149,198070,192561,192355,191460,191523,182349,190529,187167,183550,192471,191599,192311,191540,191456,183794,191530,192454,192309,181364,192221,191425,187335,183551,192469,187165,183549,192488,192273,197908,183547,192470,191423,185754,192440,188201,187133)) OR (`Idx`=13 AND `CreatureID` IN (191526,191540,192454)) OR (`Idx`=12 AND `CreatureID` IN (191526,191540,192454)) OR (`Idx`=11 AND `CreatureID` IN (191526,191540,192454)) OR (`Idx`=10 AND `CreatureID` IN (191526,191540,192454)) OR (`Idx`=9 AND `CreatureID` IN (191526,191540,192454)) OR (`Idx`=8 AND `CreatureID` IN (191526,192561,191540,192454)) OR (`Idx`=7 AND `CreatureID` IN (191526,192561,191540,192454)) OR (`Idx`=6 AND `CreatureID` IN (191526,192561,191540,192454)) OR (`Idx`=5 AND `CreatureID` IN (191526,181373,192561,191540,192454)) OR (`Idx`=4 AND `CreatureID` IN (191526,181373,192561,191540,191530,192454,181364,192469,192440));
INSERT INTO `creature_template_model` (`CreatureID`, `Idx`, `CreatureDisplayID`, `DisplayScale`, `Probability`, `VerifiedBuild`) VALUES
(182184, 0, 94431, 1.059999942779541015, 1, 45746), -- Creche Seal
(183829, 0, 109404, 1, 1, 45746), -- Awakening Tarasek
(181312, 0, 102064, 1, 1, 45746), -- Amberfur Slyvern
(186864, 1, 104619, 1, 1, 45746), -- Tethalash
(186864, 0, 109197, 1, 0, 45746), -- Tethalash
(191454, 0, 102067, 1, 1, 45746), -- Amberfur Kit
(181840, 0, 102574, 1, 1, 45746), -- Conjured Stormling
(192232, 0, 107754, 1, 1, 45746), -- Windscourge Dragon
(188621, 3, 104837, 1, 1, 45746), -- Injured Talon
(188621, 2, 104836, 1, 1, 45746), -- Injured Talon
(188621, 1, 104835, 1, 1, 45746), -- Injured Talon
(188621, 0, 104834, 1, 1, 45746), -- Injured Talon
(191685, 1, 105532, 1, 1, 45746), -- Ebyssian
(191685, 0, 63690, 1, 0, 45746), -- Ebyssian
(191763, 0, 100699, 1, 1, 45746), -- Frightened Argali
(182492, 0, 103255, 1, 1, 45746), -- Raszageth
(191746, 0, 107479, 1.5, 1, 45746), -- Ketess the Pillager
(191863, 1, 107945, 1, 1, 45746), -- Wrathion
(191863, 0, 107146, 1, 0, 45746), -- Wrathion
(191780, 0, 102031, 1, 1, 45746), -- Scalecommander Emberthal
(186355, 0, 103889, 1, 1, 45746), -- Tripletath the Lost
(193050, 0, 48528, 1, 1, 45746), -- Darkspear Headhunter
(193055, 0, 104841, 1, 1, 45746), -- Dark Talon
(186210, 1, 102176, 1, 0, 45746), -- Dervishian
(186210, 0, 102175, 1, 1, 45746), -- Dervishian
(184211, 0, 102852, 1, 1, 45746), -- Little Ko
(182317, 0, 102033, 1, 1, 45746), -- Scalecommander Cindrethresh
(192889, 1, 102176, 1, 0, 45746), -- Dervishian
(192889, 0, 102175, 1, 1, 45746), -- Dervishian
(182488, 0, 105198, 2, 1, 45746), -- Windscourge Dragon
(188652, 0, 104293, 1, 1, 45746), -- Atrenosh Hailstone
(184308, 0, 104904, 1, 1, 45746), -- Scalecommander Sarkareth
(191521, 1, 36603, 1, 1, 45746), -- Cave Spider
(191521, 0, 36605, 1, 1, 45746), -- Cave Spider
(191500, 1, 101201, 6, 1, 45746), -- Avatar of the Storm
(191500, 0, 107145, 8, 0, 45746), -- Avatar of the Storm
(191526, 13, 103833, 1, 1, 45746), -- Frog
(191526, 12, 80919, 1, 1, 45746), -- Frog
(191526, 11, 22468, 1, 1, 45746), -- Frog
(191526, 10, 82113, 1, 1, 45746), -- Frog
(191526, 9, 103832, 1, 1, 45746), -- Frog
(191526, 8, 78847, 1, 1, 45746), -- Frog
(191526, 7, 78846, 1, 1, 45746), -- Frog
(191526, 6, 14932, 1, 1, 45746), -- Frog
(191526, 5, 78835, 1, 1, 45746), -- Frog
(191526, 4, 22469, 1, 1, 45746), -- Frog
(191526, 3, 78834, 1, 1, 45746), -- Frog
(191526, 2, 5379, 1, 1, 45746), -- Frog
(191526, 1, 28501, 1, 1, 45746), -- Frog
(191526, 0, 78833, 1, 1, 45746), -- Frog
(198429, 0, 110066, 1, 1, 45746), -- Treysh
(184031, 1, 11686, 1, 1, 45746), -- Lightning Pool
(184031, 0, 1126, 1, 0, 45746), -- Lightning Pool
(191887, 0, 105198, 2, 1, 45746), -- Windscourge Dragon
(187131, 1, 105788, 1, 1, 45746), -- Drakonid Crechebound
(187131, 0, 105787, 1, 1, 45746), -- Drakonid Crechebound
(181373, 5, 100698, 0.75, 0.5, 45746), -- Wild Argali
(181373, 4, 100560, 0.75, 0.5, 45746), -- Wild Argali
(181373, 3, 100699, 0.75, 0.5, 45746), -- Wild Argali
(181373, 2, 100699, 1, 1, 45746), -- Wild Argali
(181373, 1, 100560, 1, 1, 45746), -- Wild Argali
(181373, 0, 100698, 1, 1, 45746), -- Wild Argali
(182251, 1, 107028, 1, 0, 45746), -- Scalecommander Azurathel
(182251, 0, 102032, 1, 1, 45746), -- Scalecommander Azurathel
(186149, 2, 105865, 1, 1, 45746), -- Galedoom Drake
(186149, 1, 105864, 1, 1, 45746), -- Galedoom Drake
(186149, 0, 105198, 1, 1, 45746), -- Galedoom Drake
(192280, 1, 11686, 1, 1, 45746), -- Semi-sentient Typhoon
(192280, 0, 1126, 1, 0, 45746), -- Semi-sentient Typhoon
(181597, 0, 102032, 1, 1, 45746), -- Scalecommander Azurathel
(190531, 0, 102569, 1, 1, 45746), -- Conjured Windfiend
(198070, 3, 109889, 1, 1, 45746), -- Dragon Isles Adventurer
(198070, 2, 109888, 1, 1, 45746), -- Dragon Isles Adventurer
(198070, 1, 109887, 1, 1, 45746), -- Dragon Isles Adventurer
(198070, 0, 109886, 1, 1, 45746), -- Dragon Isles Adventurer
(182069, 1, 102176, 1, 0, 45746), -- Dervishian
(182069, 0, 102175, 1, 1, 45746), -- Dervishian
(192561, 8, 104515, 1, 1, 45746), -- Snake
(192561, 7, 104516, 1, 1, 45746), -- Snake
(192561, 6, 104517, 1, 1, 45746), -- Snake
(192561, 5, 104518, 1, 1, 45746), -- Snake
(192561, 4, 104519, 1, 1, 45746), -- Snake
(192561, 3, 104520, 1, 1, 45746), -- Snake
(192561, 2, 104521, 1, 1, 45746), -- Snake
(192561, 1, 104522, 1, 1, 45746), -- Snake
(192561, 0, 104523, 1, 1, 45746), -- Snake
(193058, 0, 104840, 1, 1, 45746), -- Dark Talon
(193045, 0, 4260, 1, 1, 45746), -- Orgrimmar Grunt
(197487, 0, 104844, 1, 1, 45746), -- Obsidian Warder
(192893, 1, 104821, 1, 1, 45746), -- Kodethi
(192893, 0, 102030, 1, 0, 45746), -- Kodethi
(193051, 0, 48526, 1, 1, 45746), -- Darkspear Headhunter
(197342, 1, 11686, 1, 1, 45746), -- Skyward Ascent
(197342, 0, 93509, 1, 0, 45746), -- Skyward Ascent
(192312, 1, 104821, 1, 1, 45746), -- Kodethi
(192312, 0, 102030, 1, 0, 45746), -- Kodethi
(190274, 1, 105788, 1, 1, 45746), -- Azuresworn Drakonid
(190274, 0, 105787, 1, 1, 45746), -- Azuresworn Drakonid
(182601, 1, 107945, 1, 1, 45746), -- Wrathion
(182601, 0, 107146, 1, 0, 45746), -- Wrathion
(197483, 0, 104841, 1, 1, 45746), -- Dark Talon
(181055, 1, 107101, 1, 0, 45746), -- Scalecommander Cindrethresh
(181055, 0, 102033, 1, 1, 45746), -- Scalecommander Cindrethresh
(197482, 0, 104840, 1, 1, 45746), -- Dark Talon
(184214, 0, 102033, 1, 1, 45746), -- Scalecommander Cindrethresh
(196794, 0, 104861, 1, 1, 45746), -- Siaszerathel
(184166, 0, 104919, 0.75, 1, 45746), -- To'no
(192410, 0, 105560, 1.299999952316284179, 1, 45746), -- Mature Scalecrawler
(189627, 0, 105960, 0.5, 1, 45746), -- Ancient Construct
(184212, 0, 104918, 1, 1, 45746), -- Explorer Ko'nali
(191445, 0, 104834, 1, 1, 45746), -- Katrinasa
(186230, 0, 105198, 2, 1, 45746), -- Wizened Stormrider
(181054, 0, 102031, 1, 1, 45746), -- Scalecommander Emberthal
(191675, 0, 104808, 1.10000002384185791, 1, 45746), -- Fused Tarasek
(181276, 1, 107945, 1, 1, 45746), -- Wrathion
(181276, 0, 107146, 1, 0, 45746), -- Wrathion
(192441, 0, 107977, 1, 1, 45746), -- Invasive Swoglet
(187015, 1, 11686, 1, 1, 45746), -- [DNT] Kill Credit: Cave In
(187015, 0, 93509, 1, 0, 45746), -- [DNT] Kill Credit: Cave In
(197489, 0, 104846, 1, 1, 45746), -- Obsidian Warder
(181494, 1, 102176, 1, 0, 45746), -- Dervishian
(181494, 0, 102175, 1, 1, 45746), -- Dervishian
(189914, 0, 106356, 1, 1, 45746), -- Kurog Grimtotem
(181053, 1, 104821, 1, 1, 45746), -- Kodethi
(181053, 0, 102030, 1, 0, 45746), -- Kodethi
(192355, 3, 104840, 1, 1, 45746), -- Dark Talon
(192355, 2, 104839, 1, 1, 45746), -- Dark Talon
(192355, 1, 104842, 1, 1, 45746), -- Dark Talon
(192355, 0, 104841, 1, 1, 45746), -- Dark Talon
(182608, 0, 102031, 1, 1, 45746), -- Scalecommander Emberthal
(191579, 1, 100358, 1, 1, 45746), -- Shaggy Rabbit
(191579, 0, 100271, 1, 1, 45746), -- Shaggy Rabbit
(198413, 1, 106706, 1, 1, 45746), -- Vorquin Foal
(198413, 0, 106707, 1, 1, 45746), -- Vorquin Foal
(191366, 1, 107085, 1, 0, 45746), -- Scalecommander Sarkareth
(191366, 0, 104904, 1, 1, 45746), -- Scalecommander Sarkareth
(184355, 1, 102176, 1, 0, 45746), -- Obsidian Warder Talon
(184355, 0, 102175, 1, 1, 45746), -- Obsidian Warder Talon
(184766, 1, 107945, 1, 1, 45746), -- Wrathion
(184766, 0, 107146, 1, 0, 45746), -- Wrathion
(191302, 0, 106435, 1, 1, 45746), -- Shockscale Dragon
(191713, 0, 105190, 1.20000004768371582, 1, 45746), -- Scytherin
(186145, 1, 105532, 1, 1, 45746), -- Ebyssian
(186145, 0, 63690, 1, 0, 45746), -- Ebyssian
(184165, 0, 102852, 1, 1, 45746), -- Little Ko
(194957, 0, 105560, 1.299999952316284179, 1, 45746), -- Mature Scalerender
(188197, 0, 105559, 8, 1, 45746), -- Raken'death
(191460, 2, 106611, 1, 1, 45746), -- Ocean Ottuk Pup
(191460, 1, 106614, 1, 0.100000001490116119, 45746), -- Ocean Ottuk Pup
(191460, 0, 106610, 1, 1, 45746), -- Ocean Ottuk Pup
(192473, 0, 102065, 1.75, 1, 45746), -- Amberfur Alpha
(186707, 0, 100353, 1, 1, 45746), -- Flying Squirrel
(191523, 2, 103526, 1, 1, 45746), -- River Ottuk
(191523, 1, 103527, 1, 1, 45746), -- River Ottuk
(191523, 0, 103523, 1, 1, 45746), -- River Ottuk
(182349, 3, 104837, 1, 1, 45746), -- Injured Talon
(182349, 2, 104836, 1, 1, 45746), -- Injured Talon
(182349, 1, 104835, 1, 1, 45746), -- Injured Talon
(182349, 0, 104834, 1, 1, 45746), -- Injured Talon
(185433, 0, 109437, 1, 1, 45746), -- Ferocious Tarasek
(190529, 3, 104837, 1, 1, 45746), -- Tactical Mender
(190529, 2, 104836, 1, 1, 45746), -- Tactical Mender
(190529, 1, 104835, 1, 1, 45746), -- Tactical Mender
(190529, 0, 104834, 1, 1, 45746), -- Tactical Mender
(187164, 0, 104666, 1, 1, 45746), -- Invasive Salamanther
(198414, 1, 104648, 1.10000002384185791, 1, 45746), -- Vorquin
(198414, 0, 104648, 0.899999976158142089, 1, 45746), -- Vorquin
(187689, 0, 105563, 1.299999952316284179, 1, 45746), -- Scalecrawler Beetle
(184163, 0, 104555, 1, 1, 45746), -- Scalecommander Viridia
(191543, 0, 100271, 1, 1, 45746), -- Stormsoaked Rabbit
(182275, 0, 102032, 1, 1, 45746), -- Scalecommander Azurathel
(186865, 1, 104821, 1, 1, 45746), -- Kodethi
(186865, 0, 102030, 1, 0, 45746), -- Kodethi
(182168, 1, 107028, 1, 0, 45746), -- Scalecommander Azurathel
(182168, 0, 102032, 1, 1, 45746), -- Scalecommander Azurathel
(184269, 0, 102033, 1, 1, 45746), -- Scalecommander Cindrethresh
(190236, 1, 102176, 1, 0, 45746), -- Dervishian
(190236, 0, 102175, 1, 1, 45746), -- Dervishian
(181594, 0, 102032, 1, 1, 45746), -- Scalecommander Azurathel
(182441, 0, 102031, 1, 1, 45746), -- Scalecommander Emberthal
(192785, 1, 109181, 1, 1, 45746), -- Fusethrian
(192785, 0, 109180, 1, 0, 45746), -- Fusethrian
(187167, 3, 104846, 1, 1, 45746), -- Obsidian Warder
(187167, 2, 104845, 1, 1, 45746), -- Obsidian Warder
(187167, 1, 104844, 1, 1, 45746), -- Obsidian Warder
(187167, 0, 104843, 1, 1, 45746), -- Obsidian Warder
(188300, 0, 104135, 1.20000004768371582, 1, 45746), -- Territorial Argali
(186717, 0, 100951, 1, 1, 45746), -- Baby Thunder Lizard
(193200, 0, 127, 1, 1, 45746), -- Captain Exposition
(188292, 1, 100698, 0.800000011920928955, 0.75, 45746), -- Wild Argali
(188292, 0, 100699, 1, 1, 45746), -- Wild Argali
(182007, 0, 105562, 1, 1, 45746), -- Scalerender Beetle
(184400, 0, 105198, 1, 1, 45746), -- Windscourge Dragon
(182610, 0, 104555, 1, 1, 45746), -- Scalecommander Viridia
(191992, 0, 100699, 1, 1, 45746), -- Eviscerated Argali
(189540, 0, 105959, 1, 1, 45746), -- Nozdormu
(192308, 1, 105788, 1, 1, 45746), -- Azuresworn Drakonid
(192308, 0, 105787, 1, 1, 45746), -- Azuresworn Drakonid
(186351, 0, 101433, 0.25, 1, 45746), -- Reach Ottuk
(184267, 0, 104904, 1, 1, 45746), -- Scalecommander Sarkareth
(187833, 0, 105559, 1, 1, 45746), -- Dragonbane Beetle
(182696, 0, 102033, 1, 1, 45746), -- Scalecommander Cindrethresh
(192140, 0, 102033, 1, 1, 45746), -- Scalecommander Cindrethresh
(190482, 0, 104808, 1, 1, 45746), -- Tarasek Shockbringer
(183550, 3, 104833, 1, 1, 45746), -- Ebon Scale
(183550, 2, 104831, 1, 1, 45746), -- Ebon Scale
(183550, 1, 104726, 1, 1, 45746), -- Ebon Scale
(183550, 0, 104727, 1, 1, 45746), -- Ebon Scale
(182611, 0, 104904, 1, 1, 45746), -- Scalecommander Sarkareth
(192697, 1, 105532, 1, 1, 45746), -- Ebyssian
(192697, 0, 63690, 1, 0, 45746), -- Ebyssian
(198431, 0, 108732, 1, 1, 45746), -- Crimson Vorquin
(193056, 0, 104842, 1, 1, 45746), -- Dark Talon
(192471, 2, 103963, 1.5, 1, 45746), -- Coastal Frenzy
(192471, 1, 103964, 1.5, 1, 45746), -- Coastal Frenzy
(192471, 0, 103965, 1.5, 1, 45746), -- Coastal Frenzy
(189389, 1, 107101, 1, 0, 45746), -- Scalecommander Cindrethresh
(189389, 0, 102033, 1, 1, 45746), -- Scalecommander Cindrethresh
(197488, 0, 104845, 1, 1, 45746), -- Obsidian Warder
(190508, 0, 107102, 1, 1, 45746), -- Kretchenwrath
(182394, 0, 110040, 1, 1, 45746), -- Deatheater Scythid
(184620, 1, 11686, 1, 1, 45746), -- Lightning Strike Stalker
(184620, 0, 1126, 1, 0, 45746), -- Lightning Strike Stalker
(185419, 1, 105532, 1, 1, 45746), -- Ebyssian
(185419, 0, 63690, 1, 0, 45746), -- Ebyssian
(190974, 0, 107315, 4, 1, 45746), -- Ekrazathal
(181831, 0, 102561, 1, 1, 45746), -- Invasive Hornswog
(187611, 0, 105562, 0.75, 1, 45746), -- Beetle Swarmer
(186883, 1, 107101, 1, 0, 45746), -- Scalecommander Cindrethresh
(186883, 0, 102033, 1, 1, 45746), -- Scalecommander Cindrethresh
(191564, 0, 103904, 1, 1, 45746), -- Coastal Seagull
(184213, 0, 104919, 1, 1, 45746), -- To'no
(198435, 0, 108730, 1, 1, 45746), -- Sapphire Vorquin
(186218, 1, 102176, 1, 0, 45746), -- Dervishian
(186218, 0, 102175, 1, 1, 45746), -- Dervishian
(191444, 0, 104834, 1, 1, 45746), -- Rethenash
(191599, 3, 15468, 1, 1, 45746), -- Beetle
(191599, 2, 8971, 1, 1, 45746), -- Beetle
(191599, 1, 15467, 1, 1, 45746), -- Beetle
(191599, 0, 7511, 1, 1, 45746), -- Beetle
(192311, 3, 104842, 1, 1, 45746), -- Dark Talon
(192311, 2, 104841, 1, 1, 45746), -- Dark Talon
(192311, 1, 104840, 1, 1, 45746), -- Dark Talon
(192311, 0, 104839, 1, 1, 45746), -- Dark Talon
(186854, 0, 105529, 1, 1, 45746), -- Lapisagos
(191540, 13, 103854, 1, 1, 45746), -- Crab
(191540, 12, 45880, 1, 1, 45746), -- Crab
(191540, 11, 103853, 1, 1, 45746), -- Crab
(191540, 10, 32791, 1, 1, 45746), -- Crab
(191540, 9, 103852, 1, 1, 45746); -- Crab

INSERT INTO `creature_template_model` (`CreatureID`, `Idx`, `CreatureDisplayID`, `DisplayScale`, `Probability`, `VerifiedBuild`) VALUES
(191540, 8, 88000, 1, 1, 45746), -- Crab
(191540, 7, 103848, 1, 1, 45746), -- Crab
(191540, 6, 103849, 1, 1, 45746), -- Crab
(191540, 5, 103850, 1, 1, 45746), -- Crab
(191540, 4, 103851, 1, 1, 45746), -- Crab
(191540, 3, 103846, 1, 1, 45746), -- Crab
(191540, 2, 103847, 1, 1, 45746), -- Crab
(191540, 1, 32789, 1, 1, 45746), -- Crab
(191540, 0, 85797, 1, 1, 45746), -- Crab
(188819, 0, 104293, 1, 1, 45746), -- Atrenosh Hailstone
(190230, 0, 107770, 2, 1, 45746), -- Windscourge Drake
(191456, 2, 101432, 1, 0.100000001490116119, 45746), -- Giant Ocean Ottuk
(191456, 1, 101431, 1, 1, 45746), -- Giant Ocean Ottuk
(191456, 0, 101430, 1, 1, 45746), -- Giant Ocean Ottuk
(189390, 1, 104821, 1, 1, 45746), -- Kodethi
(189390, 0, 102030, 1, 0, 45746), -- Kodethi
(191885, 0, 104555, 1, 1, 45746), -- Scalecommander Viridia
(187904, 1, 105788, 1, 1, 45746), -- Injured Drakonid
(187904, 0, 105787, 1, 1, 45746), -- Injured Drakonid
(187138, 1, 105788, 1, 1, 45746), -- Drakonid Crechebound
(187138, 0, 105787, 1, 1, 45746), -- Drakonid Crechebound
(197481, 0, 104839, 1, 1, 45746), -- Dark Talon
(183842, 1, 11686, 1, 1, 45746), -- Burrow Stalker
(183842, 0, 1126, 1, 0, 45746), -- Burrow Stalker
(184420, 1, 105788, 1, 1, 45746), -- Azuresworn Drakonid
(184420, 0, 105787, 1, 1, 45746), -- Azuresworn Drakonid
(181377, 0, 104808, 1, 1, 45746), -- Tarasek Shockbringer
(186703, 0, 106882, 1, 1, 45746), -- Trueborn Tempest-Warrior
(197486, 0, 104843, 1, 1, 45746), -- Obsidian Warder
(184375, 1, 102176, 1, 0, 45746), -- Obsidian Warder Talon
(184375, 0, 102175, 1, 1, 45746), -- Obsidian Warder Talon
(184661, 0, 102569, 1, 1, 45746), -- Windfiend
(182280, 0, 106940, 2, 1, 45746), -- Tazenrath
(184266, 0, 104555, 1, 1, 45746), -- Scalecommander Viridia
(192139, 0, 102032, 1, 1, 45746), -- Scalecommander Azurathel
(183794, 3, 104831, 1, 1, 45746), -- Mage Talon
(183794, 2, 104727, 1, 1, 45746), -- Mage Talon
(183794, 1, 104833, 1, 1, 45746), -- Mage Talon
(183794, 0, 104726, 1, 1, 45746), -- Mage Talon
(191530, 4, 106614, 1, 1, 45746), -- Ottuk Pup
(191530, 3, 106613, 1, 1, 45746), -- Ottuk Pup
(191530, 2, 106612, 1, 1, 45746), -- Ottuk Pup
(191530, 1, 106611, 1, 1, 45746), -- Ottuk Pup
(191530, 0, 106610, 1, 1, 45746), -- Ottuk Pup
(192832, 1, 11686, 1, 1, 45746), -- Dive Ring
(192832, 0, 93509, 1, 0, 45746), -- Dive Ring
(183960, 1, 102176, 1, 0, 45746), -- Dervishian
(183960, 0, 102175, 1, 1, 45746), -- Dervishian
(188085, 1, 105788, 1, 1, 45746), -- Azuresworn Drakonid
(188085, 0, 105787, 1, 1, 45746), -- Azuresworn Drakonid
(186285, 0, 106883, 1, 1, 45746), -- Trueborn Rainmaker
(192454, 13, 103876, 1, 1, 45746), -- Hermit Crab
(192454, 12, 103875, 1, 1, 45746), -- Hermit Crab
(192454, 11, 103874, 1, 1, 45746), -- Hermit Crab
(192454, 10, 103873, 1, 1, 45746), -- Hermit Crab
(192454, 9, 103872, 1, 1, 45746), -- Hermit Crab
(192454, 8, 103871, 1, 1, 45746), -- Hermit Crab
(192454, 7, 103870, 1, 1, 45746), -- Hermit Crab
(192454, 6, 103869, 1, 1, 45746), -- Hermit Crab
(192454, 5, 103868, 1, 1, 45746), -- Hermit Crab
(192454, 4, 103867, 1, 1, 45746), -- Hermit Crab
(192454, 3, 103866, 1, 1, 45746), -- Hermit Crab
(192454, 2, 103865, 1, 1, 45746), -- Hermit Crab
(192454, 1, 103864, 1, 1, 45746), -- Hermit Crab
(192454, 0, 103863, 1, 1, 45746), -- Hermit Crab
(181311, 0, 100537, 1, 1, 45746), -- Wild Ohuna
(182258, 0, 102031, 1, 1, 45746), -- Scalecommander Emberthal
(190235, 0, 102032, 1, 1, 45746), -- Scalecommander Azurathel
(192309, 3, 104833, 1, 1, 45746), -- Ebon Scale
(192309, 2, 104831, 1, 1, 45746), -- Ebon Scale
(192309, 1, 104726, 1, 1, 45746), -- Ebon Scale
(192309, 0, 104727, 1, 1, 45746), -- Ebon Scale
(193048, 0, 99452, 1, 1, 45746), -- Orgrimmar Grunt
(181364, 4, 104071, 1, 1, 45746), -- Primal Thunder Lizard
(181364, 3, 104070, 1, 1, 45746), -- Primal Thunder Lizard
(181364, 2, 104069, 1, 1, 45746), -- Primal Thunder Lizard
(181364, 1, 104068, 1, 1, 45746), -- Primal Thunder Lizard
(181364, 0, 104067, 1, 1, 45746), -- Primal Thunder Lizard
(192482, 0, 109439, 1, 1, 45746), -- Prime Tarasek
(192221, 3, 104836, 1, 1, 45746), -- Healing Wing
(192221, 2, 104836, 1, 1, 45746), -- Healing Wing
(192221, 1, 104835, 1, 1, 45746), -- Healing Wing
(192221, 0, 104834, 1, 1, 45746), -- Healing Wing
(182297, 1, 107085, 1, 0, 45746), -- Scalecommander Sarkareth
(182297, 0, 104904, 1, 1, 45746), -- Scalecommander Sarkareth
(188146, 0, 104834, 1, 1, 45746), -- Tenezeth
(191425, 3, 104831, 1, 1, 45746), -- Mage Talon
(191425, 2, 104727, 1, 1, 45746), -- Mage Talon
(191425, 1, 104833, 1, 1, 45746), -- Mage Talon
(191425, 0, 104726, 1, 1, 45746), -- Mage Talon
(184042, 1, 11686, 1, 1, 45746), -- Primalist Amplifier
(184042, 0, 1126, 1, 0, 45746), -- Primalist Amplifier
(182277, 0, 106883, 1, 1, 45746), -- Trueborn Rainmaker
(187335, 3, 104842, 1, 1, 45746), -- Dracthyr Talon
(187335, 2, 104840, 1, 1, 45746), -- Dracthyr Talon
(187335, 1, 104839, 1, 1, 45746), -- Dracthyr Talon
(187335, 0, 104841, 1, 1, 45746), -- Dracthyr Talon
(183551, 3, 104836, 1, 1, 45746), -- Talon Mender
(183551, 2, 104836, 1, 1, 45746), -- Talon Mender
(183551, 1, 104835, 1, 1, 45746), -- Talon Mender
(183551, 0, 104834, 1, 1, 45746), -- Talon Mender
(182006, 0, 100689, 0.200000002980232238, 1, 45746), -- Amberdeath Dragonfly
(193047, 0, 4259, 1, 1, 45746), -- Orgrimmar Grunt
(193046, 0, 99451, 1, 1, 45746), -- Orgrimmar Grunt
(181378, 0, 106792, 1, 1, 45746), -- Kurog Grimtotem
(192469, 4, 103942, 1, 1, 45746), -- Massive Threshadon
(192469, 3, 103943, 1, 1, 45746), -- Massive Threshadon
(192469, 2, 103944, 1, 1, 45746), -- Massive Threshadon
(192469, 1, 103945, 1, 1, 45746), -- Massive Threshadon
(192469, 0, 103941, 1, 1, 45746), -- Massive Threshadon
(184404, 0, 106883, 1, 1, 45746), -- Trueborn Rainmaker
(187165, 3, 104842, 1, 1, 45746), -- Dark Talon
(187165, 2, 104841, 1, 1, 45746), -- Dark Talon
(187165, 1, 104840, 1, 1, 45746), -- Dark Talon
(187165, 0, 104839, 1, 1, 45746), -- Dark Talon
(191586, 0, 104293, 1, 1, 45746), -- Atrenosh Hailstone
(192310, 1, 102176, 1, 0, 45746), -- Dervishian
(192310, 0, 102175, 1, 1, 45746), -- Dervishian
(186283, 0, 107561, 1, 1, 45746), -- Windscourge Drake
(183549, 3, 104842, 1, 1, 45746), -- Dark Talon
(183549, 2, 104841, 1, 1, 45746), -- Dark Talon
(183549, 1, 104840, 1, 1, 45746), -- Dark Talon
(183549, 0, 104839, 1, 1, 45746), -- Dark Talon
(189386, 1, 105532, 1, 0, 45746), -- Spiritwalker Ebonhorn
(189386, 0, 63690, 1, 1, 45746), -- Spiritwalker Ebonhorn
(181427, 0, 108009, 1, 1, 45746), -- Stormspine
(182008, 0, 105188, 1, 1, 45746), -- Scythid Steamstalker
(192488, 2, 45880, 1, 1, 45746), -- Crab
(192488, 1, 32790, 1, 1, 45746), -- Crab
(192488, 0, 32789, 1, 1, 45746), -- Crab
(182612, 0, 102033, 1, 1, 45746), -- Scalecommander Cindrethresh
(191729, 0, 104703, 1.5, 1, 45746), -- Deathrip
(192273, 3, 104846, 1, 1, 45746), -- Obsidian Warder
(192273, 2, 104845, 1, 1, 45746), -- Obsidian Warder
(192273, 1, 104844, 1, 1, 45746), -- Obsidian Warder
(192273, 0, 104843, 1, 1, 45746), -- Obsidian Warder
(181310, 0, 104808, 1.10000002384185791, 1, 45746), -- Infused Tarasek
(197908, 3, 104831, 1, 1, 45746), -- Mage Talon
(197908, 2, 104727, 1, 1, 45746), -- Mage Talon
(197908, 1, 104833, 1, 1, 45746), -- Mage Talon
(197908, 0, 104726, 1, 1, 45746), -- Mage Talon
(187613, 0, 105563, 1.299999952316284179, 1, 45746), -- Scalecrawler Beetle
(184658, 0, 101201, 6, 1, 45746), -- Avatar of the Storm
(192076, 0, 107699, 0.5, 1, 45746), -- Volatile Remnant
(181056, 1, 107028, 1, 0, 45746), -- Scalecommander Azurathel
(181056, 0, 102032, 1, 1, 45746), -- Scalecommander Azurathel
(190480, 0, 104293, 1, 1, 45746), -- Atrenosh Hailstone
(193824, 0, 107315, 4, 1, 45746), -- Ekrazathal
(192476, 0, 107864, 1, 1, 45746), -- Dracthyr Skeleton
(191224, 0, 106883, 1, 1, 45746), -- Tarasek Shockshaman
(182274, 0, 102032, 1, 1, 45746), -- Scalecommander Azurathel
(197484, 0, 104842, 1, 1, 45746), -- Dark Talon
(193057, 0, 104839, 1, 1, 45746), -- Dark Talon
(188653, 0, 104293, 1, 1, 45746), -- Atrenosh Hailstone
(183547, 3, 104846, 1, 1, 45746), -- Obsidian Warder
(183547, 2, 104845, 1, 1, 45746), -- Obsidian Warder
(183547, 1, 104844, 1, 1, 45746), -- Obsidian Warder
(183547, 0, 104843, 1, 1, 45746), -- Obsidian Warder
(181363, 0, 104074, 1, 1, 45746), -- Fledgling Thunder Lizard
(188692, 0, 104919, 0.75, 1, 45746), -- To'no
(192470, 3, 103947, 1, 1, 45746), -- Salty Thresher
(192470, 2, 103948, 1, 1, 45746), -- Salty Thresher
(192470, 1, 103949, 1, 1, 45746), -- Salty Thresher
(192470, 0, 103946, 1, 1, 45746), -- Salty Thresher
(193054, 0, 105198, 1.5, 1, 45746), -- Galedoom Drake
(191423, 3, 104837, 1, 1, 45746), -- Tactical Mender
(191423, 2, 104836, 1, 1, 45746), -- Tactical Mender
(191423, 1, 104835, 1, 1, 45746), -- Tactical Mender
(191423, 0, 104834, 1, 1, 45746), -- Tactical Mender
(192831, 1, 11686, 1, 1, 45746), -- Coasting Ring
(192831, 0, 93509, 1, 0, 45746), -- Coasting Ring
(184210, 0, 104917, 1, 1, 45746), -- Explorer To'noro
(185754, 3, 104836, 1, 1, 45746), -- Talon Mender
(185754, 2, 104836, 1, 1, 45746), -- Talon Mender
(185754, 1, 104835, 1, 1, 45746), -- Talon Mender
(185754, 0, 104834, 1, 1, 45746), -- Talon Mender
(192440, 4, 103841, 1, 1, 45746), -- Skitterfly
(192440, 3, 103842, 1, 1, 45746), -- Skitterfly
(192440, 2, 103843, 1, 1, 45746), -- Skitterfly
(192440, 1, 103844, 1, 1, 45746), -- Skitterfly
(192440, 0, 103845, 1, 1, 45746), -- Skitterfly
(196831, 0, 105104, 1, 1, 45746), -- Segallia
(184765, 1, 105532, 1, 1, 45746), -- Ebyssian
(184765, 0, 63690, 1, 0, 45746), -- Ebyssian
(197229, 1, 11686, 1, 1, 45746), -- Soar Stalker
(197229, 0, 1126, 1, 0, 45746), -- Soar Stalker
(188201, 3, 104836, 1, 1, 45746), -- Healing Wing
(188201, 2, 104836, 1, 1, 45746), -- Healing Wing
(188201, 1, 104835, 1, 1, 45746), -- Healing Wing
(188201, 0, 104834, 1, 1, 45746), -- Healing Wing
(187133, 3, 104842, 1, 1, 45746), -- Dracthyr Talon
(187133, 2, 104840, 1, 1, 45746), -- Dracthyr Talon
(187133, 1, 104839, 1, 1, 45746), -- Dracthyr Talon
(187133, 0, 104841, 1, 1, 45746); -- Dracthyr Talon

UPDATE `creature_template_model` SET `VerifiedBuild`=45746 WHERE (`Idx`=0 AND `CreatureID` IN (145714,12791,6929,148795,71486,17266,149371,7707,44745,45019,62461,20152,15715,133270,45545,44878,61809,173548,31697,69977,5639,151937,6075,3319,14550,149616,31850,52807,20149,47652,71497,155303,12793,44725,22512,155739,31694,5875,47646,19280,24368,52672,55188,14331,21354,46082,44726,23457,149290,304,179897,44158,20150,11155,140462,161223,3342,133186,22514,36837,44338,12794,133127,133236,3334,23408,32520,52756,5610,176094,54004,33414,62809,54113,27489,34765,65061,142666,14558,3330,184812,158133,65018,22977,172558,305,148768,44160,44871,49743,70025,18377,146626,68211,18380,12149,12798,33904,58199,174147,14329,190239,149523,46555,66176,44868,47321,189398,149297,74228,23458,31902,32336,45565,22978,46572,44853,144323,57227,358,42548,197771,50323,180176,27152,60941,65078,148265,149626,3345,39046,88706,31857,52748,40437,63502,65072,73672,23456,58193,46741,5611,356,133185,70024,34156,24653,19850,3314,11154,71100,65060,34549,158141,5817,44743,32153,46181,77178,40891,186853,62822,49131,12795,34555,48510,55370,30611,3313,65017,44876,11156,1860,18379,35068,88702,14543,46140,70026,24488,44735,73780,18545,144320,66051,62115,19281,54741,3327,44851,9564,148250,183380,135202,130911,5614,32562,45337,61201,3323,182646,150131,20492,29596,65076,5188,133523,46078,22513,71313,141912,33030,5609,76084,38695,14881,4953,3144,3328,88704,39380,20491,27707,187775,44948,35169,49837,46512,65074,15476,5606,15666,186946,3335,63085,34558,188157,32944,3310,20220,54657,20493,45230,31698,158138,45347,44740,149279,14392,42859,185172,148770,66063,62821,20217,66150,34155,65063,32640,62106,3216,176012,133218,22958,66151,69978,5910,149404,46142,53276,31912,62458,73151,3300,3367,34552,14541,46742,3346,62460,33841,32205,20072,3347,11066,142668,31854,31717,51230,12797,29929,19175,65058,174863,45563,47335,18363,26131,14540,44877,149522,47841,45659,39660,69832,47654,62114,46359,44865,197767,54395,133407,44918,14744,63552,34238,88705,50477,59101,20486,188656,65009,50269,168459,47247,148242,184666,175135,185272,133239,20490,52178,47631,32207,44866,5816,52034,14333,62195,65006,4272,10880,49622,20029,29143,22511,51346,45822,44854,53270,35362,184793,6466,33892,14330,20224,23128,43062,31695,47336,51152,133109,47653,64990,4047,4311,88701,155345,26537,73702,3312,181712,133276,189488,52036,64977,64993,47248,135201,28302,62459,155034,133168,22975,181680,63553,174865,66177,3296,25064,17252,45015,12790,45339,197770,149270,187163,63766,133228,23460,22976,64716,45244,20223,44779,176095,65071,4271,64715,11689,187758,63086,44867,37072,88703,20488,149296,32151,65065,188163,149258,3331,46080,51195,7690,58155,5613,141528,50088,23459,15116,28960,47254,14542,31852,31239,12136,14375,64991,34556,20225,14545,3370,23455,133209,141920,38821,184664,148263,65011,15714,18378,64996,73060,72559,11153,18365,20151,14549,133104,44852,1420,14539,5909,133261,19177,46754,47571,45025,137762,29238,65007,45023,35148,133108,39379,18364,12789,149408,48513,188655,46556,32158,19176,20489,70027,61652,133271,66060,50488,67437,63626,181596,46755,46357,175050,133114,3189,31778,49750,174864,165189,20030,3329,89830,158131,198096,133153,72654,44780,17098,66062,141310,187223,15716,44872,167032,14505,45566,8659,7708,52033,14544,44919,46358,184786,47233,12796,44723,47253,22510,47246,44856,47648,20222,45814)) OR (`Idx`=1 AND `CreatureID` IN (148795,149371,173548,149616,155303,155739,149290,44158,133186,32520,184812,158133,148768,44160,49743,189398,149297,74228,144323,42548,148265,149626,58193,133185,71100,158141,40891,55370,46140,144320,62115,14881,4953,49837,15476,186946,45230,158138,42859,185172,148770,133218,149404,46142,3300,51230,19175,149522,62114,168459,51346,45822,155345,189488,155034,133168,181680,3296,45015,149270,149296,149258,50088,28960,133209,38821,148263,72559,19177,149408,19176,133271,181596,89830,158131,198096,72654,187223,45814)) OR (`Idx`=3 AND `CreatureID` IN (149371,149616,149290,44158,133186,184812,158133,44160,49743,149297,74228,42548,58193,133185,71100,158141,40891,46140,62115,4953,49837,15476,45230,158138,185172,133218,149404,46142,51230,62114,168459,51346,45822,189488,155034,3296,45015,149296,133209,149408,133271,89830,158131,45814)) OR (`Idx`=2 AND `CreatureID` IN (149371,149616,149290,44158,133186,184812,158133,44160,49743,149297,74228,42548,58193,133185,71100,158141,40891,46140,62115,4953,49837,15476,45230,158138,42859,185172,133218,149404,46142,3300,51230,62114,168459,51346,45822,189488,155034,133168,3296,45015,149296,133209,149408,133271,89830,158131,45814)) OR (`Idx`=11 AND `CreatureID` IN (184812,189488)) OR (`Idx`=10 AND `CreatureID` IN (184812,189488)) OR (`Idx`=9 AND `CreatureID` IN (184812,189488)) OR (`Idx`=8 AND `CreatureID` IN (184812,189488)) OR (`Idx`=7 AND `CreatureID` IN (184812,46140,189488)) OR (`Idx`=6 AND `CreatureID` IN (184812,46140,189488)) OR (`Idx`=5 AND `CreatureID` IN (184812,46140,45230,189488,3296)) OR (`Idx`=4 AND `CreatureID` IN (184812,46140,45230,189488,3296)) OR (`Idx`=13 AND `CreatureID`=189488) OR (`Idx`=12 AND `CreatureID`=189488);
UPDATE `creature_template_model` SET `CreatureDisplayID`=105960, `DisplayScale`=0.100000001490116119, `VerifiedBuild`=45746 WHERE (`CreatureID`=191319 AND `Idx`=0); -- Ancient Splinter

DELETE FROM `creature_questitem` WHERE (`Idx`=0 AND `CreatureEntry` IN (191445,194957,182007,182394,187611,191444,188146));
INSERT INTO `creature_questitem` (`CreatureEntry`, `Idx`, `ItemId`, `VerifiedBuild`) VALUES
(191445, 0, 191732, 45746), -- Katrinasa
(194957, 0, 187948, 45746), -- Mature Scalerender
(182007, 0, 187948, 45746), -- Scalerender Beetle
(182394, 0, 187948, 45746), -- Deatheater Scythid
(187611, 0, 187948, 45746), -- Beetle Swarmer
(191444, 0, 191731, 45746), -- Rethenash
(188146, 0, 191730, 45746); -- Tenezeth

UPDATE `creature_questitem` SET `VerifiedBuild`=45746 WHERE (`CreatureEntry`=42859 AND `Idx`=0);


DELETE FROM `quest_template` WHERE `ID` IN (65100 /*-Unknown-*/, 65613 /*-Unknown-*/, 65063 /*-Unknown-*/, 64866 /*-Unknown-*/, 64872 /*-Unknown-*/, 66324 /*-Unknown-*/, 64873 /*-Unknown-*/, 65098 /*-Unknown-*/, 67012 /*-Unknown-*/, 70743 /*-Unknown-*/, 64865 /*-Unknown-*/, 65049 /*-Unknown-*/, 72263 /*-Unknown-*/, 70047 /*-Unknown-*/, 65060 /*-Unknown-*/, 65071 /*-Unknown-*/, 65036 /*-Unknown-*/, 64871 /*-Unknown-*/, 65615 /*-Unknown-*/, 64863 /*-Unknown-*/, 65073 /*-Unknown-*/, 65087 /*-Unknown-*/, 70634 /*-Unknown-*/, 70146 /*-Unknown-*/, 65050 /*-Unknown-*/, 65074 /*-Unknown-*/, 65084 /*-Unknown-*/, 66534 /*-Unknown-*/, 65307 /*-Unknown-*/, 72128 /*-Unknown-*/, 65075 /*-Unknown-*/, 65052 /*-Unknown-*/, 70646 /*-Unknown-*/, 70074 /*-Unknown-*/, 65046 /*-Unknown-*/, 65045 /*-Unknown-*/, 70021 /*-Unknown-*/, 71154 /*-Unknown-*/, 72030 /*-Unknown-*/, 70639 /*-Unknown-*/, 65097 /*-Unknown-*/, 66237 /*-Unknown-*/, 65057 /*-Unknown-*/, 65701 /*-Unknown-*/, 72256 /*-Unknown-*/);
INSERT INTO `quest_template` (`ID`, `QuestType`, `QuestPackageID`, `ContentTuningID`, `QuestSortID`, `QuestInfoID`, `SuggestedGroupNum`, `RewardNextQuest`, `RewardXPDifficulty`, `RewardXPMultiplier`, `RewardMoneyDifficulty`, `RewardMoneyMultiplier`, `RewardBonusMoney`, `RewardSpell`, `RewardHonor`, `RewardKillHonor`, `StartItem`, `RewardArtifactXPDifficulty`, `RewardArtifactXPMultiplier`, `RewardArtifactCategoryID`, `Flags`, `FlagsEx`, `FlagsEx2`, `RewardSkillLineID`, `RewardNumSkillUps`, `PortraitGiver`, `PortraitGiverMount`, `PortraitGiverModelSceneID`, `PortraitTurnIn`, `RewardItem1`, `RewardItem2`, `RewardItem3`, `RewardItem4`, `RewardAmount1`, `RewardAmount2`, `RewardAmount3`, `RewardAmount4`, `ItemDrop1`, `ItemDrop2`, `ItemDrop3`, `ItemDrop4`, `ItemDropQuantity1`, `ItemDropQuantity2`, `ItemDropQuantity3`, `ItemDropQuantity4`, `RewardChoiceItemID1`, `RewardChoiceItemID2`, `RewardChoiceItemID3`, `RewardChoiceItemID4`, `RewardChoiceItemID5`, `RewardChoiceItemID6`, `RewardChoiceItemQuantity1`, `RewardChoiceItemQuantity2`, `RewardChoiceItemQuantity3`, `RewardChoiceItemQuantity4`, `RewardChoiceItemQuantity5`, `RewardChoiceItemQuantity6`, `RewardChoiceItemDisplayID1`, `RewardChoiceItemDisplayID2`, `RewardChoiceItemDisplayID3`, `RewardChoiceItemDisplayID4`, `RewardChoiceItemDisplayID5`, `RewardChoiceItemDisplayID6`, `POIContinent`, `POIx`, `POIy`, `POIPriority`, `RewardTitle`, `RewardArenaPoints`, `RewardFactionID1`, `RewardFactionID2`, `RewardFactionID3`, `RewardFactionID4`, `RewardFactionID5`, `RewardFactionValue1`, `RewardFactionValue2`, `RewardFactionValue3`, `RewardFactionValue4`, `RewardFactionValue5`, `RewardFactionCapIn1`, `RewardFactionCapIn2`, `RewardFactionCapIn3`, `RewardFactionCapIn4`, `RewardFactionCapIn5`, `RewardFactionOverride1`, `RewardFactionOverride2`, `RewardFactionOverride3`, `RewardFactionOverride4`, `RewardFactionOverride5`, `RewardFactionFlags`, `AreaGroupID`, `TimeAllowed`, `AllowableRaces`, `TreasurePickerID`, `Expansion`, `ManagedWorldStateID`, `QuestSessionBonus`, `LogTitle`, `LogDescription`, `QuestDescription`, `AreaDescription`, `QuestCompletionLog`, `RewardCurrencyID1`, `RewardCurrencyID2`, `RewardCurrencyID3`, `RewardCurrencyID4`, `RewardCurrencyQty1`, `RewardCurrencyQty2`, `RewardCurrencyQty3`, `RewardCurrencyQty4`, `PortraitGiverText`, `PortraitGiverName`, `PortraitTurnInText`, `PortraitTurnInName`, `AcceptedSoundKitID`, `CompleteSoundKitID`, `VerifiedBuild`) VALUES
(65100, 2, 0, 2150, 13769, 0, 0, 0, 5, 1, 5, 1, 7050, 365601, 0, 0, 0, 0, 1, 0, 40894472, 8192, 0, 0, 0, 0, 0, 0, 0, 0, 0, 0, 0, 0, 0, 0, 0, 0, 0, 0, 0, 0, 0, 0, 0, 0, 0, 0, 0, 0, 0, 0, 0, 0, 0, 0, 0, 0, 0, 0, 0, 0, 0, 0, 0, 0, 0, 0, 0, 0, 0, 0, 0, 0, 0, 0, 0, 0, 0, 7, 7, 7, 7, 7, 0, 0, 0, 0, 0, 0, 0, 0, 18446744073709551615, 2064, 9, 0, 0, 'Final Orders', 'Organize the evacuation of Forbidden Reach.', 'The storm unleashed by Raszageth is too powerful. We must evacuate the only home we have ever known.\n\nThere is no longer an Earth-Warder to command us. For the first time, we are free to make our own choices. To find our own fate.\n\nWherever you go in this new age, I hope you find worthy allies. Tell them our story.\n\nAs for me, I will stay here and look for survivors. Along the way, I may find answers about our past.\n\nMay fortune favor us all, $p.', '', 'Report to your Scalecommander.', 0, 0, 0, 0, 0, 0, 0, 0, '', '', '', '', 890, 878, 45746), -- -Unknown-
(65613, 2, 0, 2150, 13769, 0, 0, 0, 5, 1, 5, 1, 7050, 0, 0, 0, 0, 0, 1, 0, 571473920, 8192, 0, 0, 0, 0, 0, 0, 0, 0, 0, 0, 0, 0, 0, 0, 0, 0, 0, 0, 0, 0, 0, 0, 0, 0, 0, 0, 0, 0, 0, 0, 0, 0, 0, 0, 0, 0, 0, 0, 0, 0, 0, 0, 0, 0, 0, 0, 0, 0, 0, 0, 0, 0, 0, 0, 0, 0, 0, 7, 7, 7, 7, 7, 0, 0, 0, 0, 0, 0, 0, 0, 32768, 2168, 9, 0, 0, 'An Iconic, Draconic Look', 'Adopt a Visage Form.', 'I am sure your arrival in Orgrimmar drew the attention of its citizens. No doubt some were more comfortable in your presence than others.\n\nWhen I was a young dragon, I took on the mortal visage you now see. It allowed me to live among the tauren of Highmountain as an ally.\n\nThough your path differs from mine, the essence of dragonkind flows through you as well, $p. Perhaps that will allow you to assume a visage of your own.\n\nLet us walk together.', '', '', 0, 0, 0, 0, 0, 0, 0, 0, '', '', '', '', 890, 878, 45746), -- -Unknown-
(65063, 2, 0, 2150, 13769, 0, 0, 0, 5, 1, 5, 1, 6250, 0, 0, 0, 0, 0, 1, 0, 37748744, 8192, 0, 0, 0, 0, 0, 0, 0, 0, 0, 0, 0, 0, 0, 0, 0, 0, 0, 0, 0, 0, 0, 0, 0, 0, 0, 0, 0, 0, 0, 0, 0, 0, 0, 0, 0, 0, 0, 0, 0, 0, 0, 0, 0, 0, 0, 0, 0, 0, 0, 0, 0, 0, 0, 0, 0, 0, 0, 7, 7, 7, 7, 7, 0, 0, 0, 0, 0, 0, 0, 0, 98304, 2058, 9, 0, 0, 'Into the Hive', 'Follow Cindrethresh to find Viridia.', 'Whatever toxin has infested this creche is potent enough to take down our best healers.\n\nThat does not bode well for either one of us, $n.\n\nNo matter. Dracthyr are trapped inside. We are going in, regardless of risk.\n\nTake a deep breath and follow me!', '', 'Speak with Viridia.', 0, 0, 0, 0, 0, 0, 0, 0, '', '', '', '', 890, 878, 45746), -- -Unknown-
(64866, 2, 0, 2150, 13769, 0, 0, 0, 6, 3, 6, 1, 23050, 0, 0, 0, 0, 0, 1, 0, 38797320, 8192, 0, 0, 0, 0, 0, 0, 0, 0, 0, 0, 0, 0, 0, 0, 0, 0, 0, 0, 0, 0, 0, 0, 0, 0, 0, 0, 0, 0, 0, 0, 0, 0, 0, 0, 0, 0, 0, 0, 0, 0, 0, 0, 0, 0, 0, 0, 0, 0, 0, 0, 0, 0, 0, 0, 0, 0, 0, 7, 7, 7, 7, 7, 0, 0, 0, 0, 0, 0, 0, 0, 98304, 2068, 9, 0, 0, 'Into the Cauldron', 'Prepare to leave the creche.', 'Your skills are needed, evoker.\n\nThe creche is crumbling and we have few supplies. We must reach the passage out, but we have to get past this arcane barrier first.\n\nIn the chamber beyond, there are dracthyr in need of aid. Tend their wounds. Destroy any foe who stands in your way.\n\nThis may be the last time we walk these halls together, $n. Make it count.', '', '', 0, 0, 0, 0, 0, 0, 0, 0, '', '', '', '', 890, 878, 45746), -- -Unknown-
(64872, 2, 0, 2150, 13769, 0, 0, 0, 5, 1, 5, 1, 6250, 370345, 0, 0, 0, 0, 1, 0, 40894472, 0, 0, 0, 0, 0, 0, 0, 0, 0, 0, 0, 0, 0, 0, 0, 0, 0, 0, 0, 0, 0, 0, 0, 0, 0, 0, 0, 0, 0, 0, 0, 0, 0, 0, 0, 0, 0, 0, 0, 0, 0, 0, 0, 0, 0, 0, 0, 0, 0, 0, 0, 0, 0, 0, 0, 0, 0, 0, 7, 7, 7, 7, 7, 0, 0, 0, 0, 0, 0, 0, 0, 98304, 0, 9, 0, 0, 'The Fire Within', 'Learn Fire Breath and practice empowered attacks.', 'You are an evoker, $n. The best of the best. An elite soldier who has mastered the skills of each of our weyrns.\n\nI expect a lot of you.\n\nYour memories may be broken, but the might of dragons courses through your veins. Harness it.\n\nOne of your most potent weapons is your breath attack. The fire within becomes more powerful the longer you inhale.\n\nThese insects swarming over our training grounds should make fine targets.', '', '', 0, 0, 0, 0, 0, 0, 0, 0, '', '', '', '', 890, 878, 45746), -- -Unknown-
(66324, 2, 0, 2150, 13769, 0, 0, 0, 6, 3, 6, 1, 26450, 367909, 0, 0, 191729, 0, 1, 0, 308412424, 8192, 0, 0, 0, 0, 0, 0, 0, 0, 0, 0, 0, 0, 0, 0, 0, 191729, 191730, 191731, 191732, 1, 1, 1, 1, 0, 0, 0, 0, 0, 0, 0, 0, 0, 0, 0, 0, 0, 0, 0, 0, 0, 0, 0, 0, 0, 0, 0, 0, 0, 0, 0, 0, 0, 0, 0, 0, 0, 0, 7, 7, 7, 7, 7, 0, 0, 0, 0, 0, 0, 0, 0, 98304, 2073, 9, 0, 0, 'Never Forgotten', 'Recover items and survivors from within the Support Creche.', 'The antidote is ready. Use it to search the Support Creche for survivors. Work quickly--the effect will not last long, so you may have to reapply it.\n\nIf any of my people yet draw breath, save them.\n\nAnd if they do not, I ask that you recover their horn signets so that their names may be honored.\n\nWhile inside, perhaps you can find evidence of how this infestation came to be.', '', '', 0, 0, 0, 0, 0, 0, 0, 0, '', '', '', '', 890, 878, 45746), -- -Unknown-
(64873, 2, 0, 2150, 13769, 0, 0, 0, 5, 1, 5, 1, 6250, 377758, 0, 0, 195044, 0, 1, 0, 308281352, 8192, 0, 0, 0, 0, 0, 0, 0, 0, 0, 0, 0, 0, 0, 0, 0, 195044, 0, 0, 0, 1, 0, 0, 0, 0, 0, 0, 0, 0, 0, 0, 0, 0, 0, 0, 0, 0, 0, 0, 0, 0, 0, 0, 0, 0, 0, 0, 0, 0, 0, 0, 0, 0, 0, 0, 0, 0, 0, 7, 7, 7, 7, 7, 0, 0, 0, 0, 0, 0, 0, 0, 98304, 0, 9, 0, 0, 'Stretch Your Wings', 'Practice casting Soar.', 'I am heartened to see that so many escaped the War Creche. My own weyrn... was not as fortunate.\n\n<Emberthal stands in silence for a moment.>\n\nThere are other creches throughout the Reach, filled with dracthyr in peril. Strong wings will be needed to reach them.\n\nFocus. Remember your training. Get a feel for the wind again. You must regain your strength and fly to the other creches.\n\nThe time for rest is over.', '', '', 0, 0, 0, 0, 0, 0, 0, 0, '', '', '', '', 890, 878, 45746), -- -Unknown-
(65098, 2, 0, 2150, 13769, 0, 0, 0, 5, 1, 5, 1, 7050, 0, 0, 0, 0, 0, 1, 0, 38797320, 8192, 0, 0, 0, 0, 0, 0, 0, 0, 0, 0, 0, 0, 0, 0, 0, 0, 0, 0, 0, 0, 0, 0, 0, 0, 0, 0, 0, 0, 0, 0, 0, 0, 0, 0, 0, 0, 0, 0, 0, 0, 0, 0, 0, 0, 0, 0, 0, 0, 0, 0, 0, 0, 0, 0, 0, 0, 0, 7, 7, 7, 7, 7, 0, 0, 0, 0, 0, 0, 0, 0, 18446744073709551615, 2063, 9, 0, 0, 'The Consequence of Courage', 'Find Ebyssian.', 'Thank you for healing me, $n. I hope that we are earning one another\'s trust.\n\n<Wrathion shudders.>\n\nThe Storm-Eater. I have never faced a dragon of such raw elemental power. If there are others like her...\n\nWait... where is Ebyssian? Did he survive? You must find him!', '', 'Speak with Emberthal.', 0, 0, 0, 0, 0, 0, 0, 0, '', '', '', '', 890, 878, 45746), -- -Unknown-
(67012, 3, 0, 2151, 13644, 109, 0, 0, 5, 1, 0, 1, 0, 374787, 0, 0, 0, 0, 0, 0, 40567040, 0, 0, 0, 0, 0, 0, 0, 0, 0, 0, 0, 0, 0, 0, 0, 0, 0, 0, 0, 0, 0, 0, 0, 0, 0, 0, 0, 0, 0, 0, 0, 0, 0, 0, 0, 0, 0, 0, 0, 0, 0, 0, 0, 0, 0, 0, 0, 0, 2510, 0, 0, 0, 0, 0, 0, 0, 0, 0, 7, 7, 7, 7, 7, 6000, 0, 0, 0, 0, 0, 7512, 0, 18446744073709551615, 2187, 9, 0, 0, 'When Riverbeasts Fly', '', '', '', '', 0, 0, 0, 0, 0, 0, 0, 0, '', '', '', '', 890, 878, 45746), -- -Unknown-
(70743, 2, 0, 2375, 13647, 0, 0, 0, 5, 1, 5, 1, 6250, 0, 0, 0, 0, 0, 1, 0, 37748744, 8192, 0, 0, 0, 0, 0, 0, 0, 0, 0, 0, 0, 0, 0, 0, 0, 0, 0, 0, 0, 0, 0, 0, 0, 0, 0, 0, 0, 0, 0, 0, 0, 0, 0, 0, 0, 0, 0, 0, 0, 0, 0, 0, 0, 0, 0, 0, 0, 2510, 0, 0, 0, 0, 0, 0, 0, 0, 0, 7, 7, 7, 7, 7, 4000, 0, 0, 0, 0, 0, 0, 0, 18446744073709551615, 0, 9, 0, 0, 'Precious Baby', 'Find Cae\'Ryn\'s baby.', 'You there, $pr! Are you semi-competent?\n\nDo you have proper priorities?\n\nGood!\n\nMy precious baby is missing. Save her immediately. Be quick about it, she can\'t fend for herself in these horrible conditions.', '', '', 0, 0, 0, 0, 0, 0, 0, 0, '', '', '', '', 890, 878, 45746), -- -Unknown-
(64865, 2, 0, 2150, 13769, 0, 0, 0, 5, 3, 5, 1, 18450, 0, 0, 0, 0, 0, 1, 0, 37748744, 8192, 0, 0, 0, 0, 0, 0, 0, 0, 0, 0, 0, 0, 0, 0, 0, 0, 0, 0, 0, 0, 0, 0, 0, 0, 0, 0, 0, 0, 0, 0, 0, 0, 0, 0, 0, 0, 0, 0, 0, 0, 0, 0, 0, 0, 0, 0, 0, 0, 0, 0, 0, 0, 0, 0, 0, 0, 0, 7, 7, 7, 7, 7, 0, 0, 0, 0, 0, 0, 0, 0, 98304, 2057, 9, 0, 0, 'Gear Up', 'Acquire weapons, armor, and supplies.', 'Hostiles have invaded, our people have been confined in magical stasis, and our creche seems to be collapsing.\n\nThis is why we train, $n. When in doubt, fall back to what you know.\n\nFirst things first. Weapons, armor, supplies. Gather what you can find and get equipped while I marshal our forces.\n\nThen we will locate the Earth-Warder. Surely Neltharion can provide the answers we seek.', '', '', 0, 0, 0, 0, 0, 0, 0, 0, '', '', '', '', 890, 878, 45746), -- -Unknown-
(65049, 2, 0, 2150, 13769, 0, 0, 0, 5, 1, 5, 1, 7050, 0, 0, 0, 0, 0, 1, 0, 33554440, 0, 0, 0, 0, 0, 0, 0, 0, 0, 0, 0, 0, 0, 0, 0, 0, 0, 0, 0, 0, 0, 0, 0, 0, 0, 0, 0, 0, 0, 0, 0, 0, 0, 0, 0, 0, 0, 0, 0, 0, 0, 0, 0, 0, 0, 0, 0, 0, 0, 0, 0, 0, 0, 0, 0, 0, 0, 0, 7, 7, 7, 7, 7, 0, 0, 0, 0, 0, 0, 0, 0, 98304, 2062, 9, 0, 0, 'Tangle with the Tarasek', 'Slay $1oa tarasek.', 'The tarasek are unpredictable and wild. Like primordial drakonid, if you will.\n\nNeltharion considered them little more than fodder. Targets for our training. But they are cunning hunters, and deadly when encountered in packs.\n\nShould they gain elemental power from these Primalists, they will become even more dangerous.\n\nWe cannot let that happen, $n. Thin their numbers.', '', 'Meet Azurathel at Stormsunder Crater.', 0, 0, 0, 0, 0, 0, 0, 0, '', '', '', '', 890, 878, 45746), -- -Unknown-
(72263, 0, 0, 2418, 13769, 0, 0, 0, 1, 3, 1, 1, 2650, 33392, 0, 0, 0, 0, 1, 0, 33554432, 0, 0, 0, 0, 0, 0, 0, 0, 0, 0, 0, 0, 0, 0, 0, 0, 0, 0, 0, 0, 0, 0, 0, 0, 0, 0, 0, 0, 0, 0, 0, 0, 0, 0, 0, 0, 0, 0, 0, 0, 0, 0, 0, 0, 0, 0, 0, 0, 0, 0, 0, 0, 0, 0, 0, 0, 0, 0, 7, 7, 7, 7, 7, 0, 0, 0, 0, 0, 0, 0, 0, 18446744073709551615, 2319, 9, 0, 0, 'Cavalry Has Its Place', 'Learn to ride your personal vorquin mount.', 'Evoker! This place still has herds of vorquin!\n\nI managed to round a few up that could be used as mounts for when your wings are tired. Remember how to ride?\n\nThis one is to be issued to you as the scalecommanders are ordering you all over the place. Please take good care of it.', '', '', 0, 0, 0, 0, 0, 0, 0, 0, '', '', '', '', 890, 878, 45746), -- -Unknown-
(70047, 3, 0, 2437, 13646, 109, 0, 0, 5, 1, 0, 1, 0, 0, 0, 0, 0, 0, 1, 0, 34144512, 0, 0, 0, 0, 0, 0, 0, 0, 0, 0, 0, 0, 0, 0, 0, 0, 0, 0, 0, 0, 0, 0, 0, 0, 0, 0, 0, 0, 0, 0, 0, 0, 0, 0, 0, 0, 0, 0, 0, 0, 0, 0, 0, 0, 0, 0, 0, 0, 2511, 0, 0, 0, 0, 0, 0, 0, 0, 0, 7, 7, 7, 7, 7, 6000, 0, 0, 0, 0, 0, 7581, 0, 18446744073709551615, 2191, 9, 0, 0, 'Icy Prisons', '', '', '', '', 0, 0, 0, 0, 0, 0, 0, 0, '', '', '', '', 890, 878, 45746), -- -Unknown-
(65060, 2, 0, 2150, 13769, 0, 0, 0, 3, 1, 3, 1, 3150, 0, 0, 0, 0, 0, 1, 0, 37748744, 0, 0, 0, 0, 0, 0, 0, 0, 0, 0, 0, 0, 0, 0, 0, 0, 0, 0, 0, 0, 0, 0, 0, 0, 0, 0, 0, 0, 0, 0, 0, 0, 0, 0, 0, 0, 0, 0, 0, 0, 0, 0, 0, 0, 0, 0, 0, 0, 0, 0, 0, 0, 0, 0, 0, 0, 0, 0, 7, 7, 7, 7, 7, 0, 0, 0, 0, 0, 0, 0, 0, 98304, 0, 9, 0, 0, 'Caldera of the Menders', 'Meet Cindrethresh in the Caldera of the Menders.', 'Your vision from the arcane beacon showed that there are dracthyr trapped within their creches. We cannot afford to lose any more of our people.\n\n<Emberthal pauses, her brow furrowed.>\n\nThe Healing Wings are the finest medics in our ranks. Their creche lies within the Caldera of the Menders. Cindrethresh knows the way.\n\nLeave no one behind, evoker.', '', 'Speak with Cindrethresh at the Caldera of the Menders.', 0, 0, 0, 0, 0, 0, 0, 0, '', '', '', '', 890, 878, 45746), -- -Unknown-
(65071, 2, 0, 2150, 13769, 0, 0, 0, 5, 1, 5, 1, 6250, 0, 0, 0, 0, 0, 1, 0, 54525960, 8192, 0, 0, 0, 0, 0, 0, 0, 0, 0, 0, 0, 0, 0, 0, 0, 0, 0, 0, 0, 0, 0, 0, 0, 0, 0, 0, 0, 0, 0, 0, 0, 0, 0, 0, 0, 0, 0, 0, 0, 0, 0, 0, 0, 0, 0, 0, 0, 0, 0, 0, 0, 0, 0, 0, 0, 0, 0, 7, 7, 7, 7, 7, 0, 0, 0, 0, 0, 0, 0, 0, 98304, 0, 9, 0, 0, 'Halp!', 'Rescue Little Ko.', 'I need halp!\n\nI am To\'no and I was exploring cuz that is what I am good at but I did not realize my sister Ko followed me and I need you to halp me find her cuz she is in trouble so please halp please?\n\nShe went into this cave but she is not as good at hiding as I am and our parents are too far away to halp. \n\nCan you find her before the monsters do?', '', 'Return the children to their parents.', 0, 0, 0, 0, 0, 0, 0, 0, '', '', '', '', 890, 878, 45746), -- -Unknown-
(65036, 2, 0, 2150, 13769, 0, 0, 0, 2, 1, 2, 1, 1550, 377758, 0, 0, 195044, 0, 1, 0, 308281352, 8192, 0, 0, 0, 0, 0, 0, 0, 0, 0, 0, 0, 0, 0, 0, 0, 195044, 0, 0, 0, 1, 0, 0, 0, 0, 0, 0, 0, 0, 0, 0, 0, 0, 0, 0, 0, 0, 0, 0, 0, 0, 0, 0, 0, 0, 0, 0, 0, 0, 0, 0, 0, 0, 0, 0, 0, 0, 0, 7, 7, 7, 7, 7, 0, 0, 0, 0, 0, 0, 0, 0, 98304, 0, 9, 0, 0, 'Train Like We Fight', 'Practice Soar.', 'Jumping through hoops is helpful to get your bearings, but we train like we fight--relentlessly.\n\nGo ahead and try Soaring around the area until you feel you have mastered the technique. Of course you must be mindful of the local wildlife and keep an eye out for any potential threats. That is why we practice, after all.\n\nReport back to Emberthal when you feel you are ready. Good luck!', '', 'Speak with Scalecommander Emberthal when ready to continue.', 0, 0, 0, 0, 0, 0, 0, 0, '', '', '', '', 890, 878, 45746), -- -Unknown-
(64871, 2, 0, 2150, 13769, 0, 0, 0, 6, 1, 6, 1, 7800, 0, 0, 0, 0, 0, 1, 0, 37748744, 0, 0, 0, 0, 105529, 0, 0, 0, 0, 0, 0, 0, 0, 0, 0, 0, 0, 0, 0, 0, 0, 0, 0, 0, 0, 0, 0, 0, 0, 0, 0, 0, 0, 0, 0, 0, 0, 0, 0, 0, 0, 0, 0, 0, 0, 0, 0, 0, 0, 0, 0, 0, 0, 0, 0, 0, 0, 0, 7, 7, 7, 7, 7, 0, 0, 0, 0, 0, 0, 0, 0, 98304, 2060, 9, 0, 0, 'The Dragon at the Door', 'Defeat Lapisagos and escape the War Creche.', 'That blue dragon will collapse the creche and trap us inside!\n\nHe claims to serve Malygos. That name is familiar, but... why would any dragon want to keep us prisoner?\n\nListen, $p. We were trained to fight beside the dragons, not against them. But we have been left with no choice.\n\nTime to do what must be done, evoker.', '', '', 0, 0, 0, 0, 0, 0, 0, 0, 'He bars your escape.', 'Lapisagos', '', '', 890, 878, 45746), -- -Unknown-
(65615, 2, 0, 2150, 13769, 0, 0, 0, 3, 1, 3, 1, 3150, 370345, 0, 0, 0, 0, 1, 0, 39845896, 8194, 0, 0, 0, 0, 0, 0, 0, 0, 0, 0, 0, 0, 0, 0, 0, 0, 0, 0, 0, 0, 0, 0, 0, 0, 0, 0, 0, 0, 0, 0, 0, 0, 0, 0, 0, 0, 0, 0, 0, 0, 0, 0, 0, 0, 0, 0, 0, 0, 0, 0, 0, 0, 0, 0, 0, 0, 0, 7, 7, 7, 7, 7, 0, 0, 0, 0, 0, 0, 0, 0, 98304, 2069, 9, 0, 0, 'Arcane Intrusion', 'Investigate the beacon.', 'That beacon ahead--I am certain it was not there before we were imprisoned.\n\nSpellcraft is not my forte, but I know arcane magic when I see it. The same magic used by the blue dragon in the creche.\n\nHe said a name... Malygos. It sounds so familiar, but the Earth-Warder\'s teachings feel distant. Fragmented.\n\nIf this Malygos put us into stasis, perhaps the arcane beacon was placed on his orders.\n\nInvestigate the area and report back. Ensure the beacon cannot be used to call in enemy reinforcements.', '', '', 0, 0, 0, 0, 0, 0, 0, 0, '', '', '', '', 890, 878, 45746), -- -Unknown-
(64863, 2, 0, 2150, 13769, 0, 0, 0, 5, 3, 5, 1, 18450, 0, 0, 0, 0, 0, 1, 0, 33554440, 0, 0, 0, 0, 0, 0, 0, 0, 0, 0, 0, 0, 0, 0, 0, 0, 0, 0, 0, 0, 0, 0, 0, 0, 0, 0, 0, 0, 0, 0, 0, 0, 0, 0, 0, 0, 0, 0, 0, 0, 0, 0, 0, 0, 0, 0, 0, 0, 0, 0, 0, 0, 0, 0, 0, 0, 0, 0, 7, 7, 7, 7, 7, 0, 0, 0, 0, 0, 0, 0, 0, 98304, 0, 9, 0, 0, 'Arcane Guardians', 'Defeat $1oa Guardians or Constructs.', 'Those constructs patrolling the creche are not animated by the Earth-Warder\'s magic.\n\n<Dervishian narrows her eyes.>\n\nWe cannot allow there to be enemies in our midst.\n\nDestroy them to clear our path forward.', '', '', 0, 0, 0, 0, 0, 0, 0, 0, '', '', '', '', 890, 878, 45746), -- -Unknown-
(65073, 2, 0, 2150, 13769, 0, 0, 0, 5, 1, 5, 1, 6250, 0, 0, 0, 0, 0, 1, 0, 33554440, 0, 0, 0, 0, 0, 0, 0, 0, 0, 0, 0, 0, 0, 0, 0, 0, 0, 0, 0, 0, 0, 0, 0, 0, 0, 0, 0, 0, 0, 0, 0, 0, 0, 0, 0, 0, 0, 0, 0, 0, 0, 0, 0, 0, 0, 0, 0, 0, 0, 0, 0, 0, 0, 0, 0, 0, 0, 0, 7, 7, 7, 7, 7, 0, 0, 0, 0, 0, 0, 0, 0, 98304, 0, 9, 0, 0, 'A Toxic Problem', 'Collect $1oa Toxin Glands.', 'You recover quickly, $n. Good.\n\nThose who escaped my creche are healing, but others remain trapped inside. Rush in to save them and I will just have to drag you out again.\n\nThere are beetle nests scattered around the caldera. Their toxin glands might provide a way to counter the effects of that poison.\n\nI am in no shape to collect them myself. I must rely upon your skills, evoker.', '', '', 0, 0, 0, 0, 0, 0, 0, 0, '', '', '', '', 890, 878, 45746), -- -Unknown-
(65087, 2, 0, 2150, 13769, 0, 0, 0, 6, 3, 6, 1, 26450, 365341, 0, 0, 0, 0, 1, 0, 39845896, 8192, 0, 0, 0, 0, 0, 0, 0, 0, 0, 0, 0, 0, 0, 0, 0, 0, 0, 0, 0, 0, 0, 0, 0, 0, 0, 0, 0, 0, 0, 0, 0, 0, 0, 0, 0, 0, 0, 0, 0, 0, 0, 0, 0, 0, 0, 0, 0, 0, 0, 0, 0, 0, 0, 0, 0, 0, 0, 7, 7, 7, 7, 7, 0, 0, 0, 0, 0, 0, 0, 0, 18446744073709551615, 2071, 9, 0, 0, 'The Prize Inside', 'Defend the vault.', 'So the Primalists want what\'s inside this vault?\n\n<Sarkareth narrows his eyes.>\n\nLet them come.\n\nWe will show them what the dracthyr were born to do!', '', '', 0, 0, 0, 0, 0, 0, 0, 0, '', '', '', '', 890, 878, 45746), -- -Unknown-
(70634, 3, 0, 2437, 13645, 109, 0, 0, 5, 1, 0, 1, 0, 0, 0, 0, 0, 0, 1, 0, 38338816, 8192, 0, 0, 0, 0, 0, 0, 0, 0, 0, 0, 0, 0, 0, 0, 0, 0, 0, 0, 0, 0, 0, 0, 0, 0, 0, 0, 0, 0, 0, 0, 0, 0, 0, 0, 0, 0, 0, 0, 0, 0, 0, 0, 0, 0, 0, 0, 0, 2510, 0, 0, 0, 0, 0, 0, 0, 0, 0, 7, 7, 7, 7, 7, 6000, 0, 0, 0, 0, 0, 0, 0, 18446744073709551615, 2187, 9, 0, 0, 'Lashed Out', '', '', '', '', 0, 0, 0, 0, 0, 0, 0, 0, '', '', '', '', 890, 878, 45746), -- -Unknown-
(70146, 3, 0, 2249, 13645, 109, 5, 0, 5, 1, 0, 1, 0, 0, 0, 0, 0, 0, 1, 0, 34144512, 0, 0, 0, 0, 0, 0, 0, 0, 0, 0, 0, 0, 0, 0, 0, 0, 0, 0, 0, 0, 0, 0, 0, 0, 0, 0, 0, 0, 0, 0, 0, 0, 0, 0, 0, 0, 0, 0, 0, 0, 0, 0, 0, 0, 0, 0, 0, 0, 2503, 0, 0, 0, 0, 0, 0, 0, 0, 0, 7, 7, 7, 7, 7, 6000, 0, 0, 0, 0, 0, 7678, 0, 18446744073709551615, 2189, 9, 0, 0, 'Highlands Rebuttal', '', '', '', '', 0, 0, 0, 0, 0, 0, 0, 0, '', '', '', '', 890, 878, 45746), -- -Unknown-
(65050, 2, 0, 2150, 13769, 0, 0, 0, 5, 1, 5, 1, 7050, 0, 0, 0, 0, 0, 1, 0, 33554440, 0, 0, 0, 0, 0, 0, 0, 0, 0, 0, 0, 0, 0, 0, 0, 0, 0, 0, 0, 0, 0, 0, 0, 0, 0, 0, 0, 0, 0, 0, 0, 0, 0, 0, 0, 0, 0, 0, 0, 0, 0, 0, 0, 0, 0, 0, 0, 0, 0, 0, 0, 0, 0, 0, 0, 0, 0, 0, 7, 7, 7, 7, 7, 0, 0, 0, 0, 0, 0, 0, 0, 98304, 0, 9, 0, 0, 'Conjured Army', 'Slay $1oa Conjured elementals.', 'These Primalists are summoning an army of elementals. We have to assume they mean to unleash them against our forces.\n\nWell, not on our watch.\n\nRain fire upon them, evoker! Burn those elementals from the Reach, and take out their conjurers before they summon more.', '', 'Meet Azurathel at Stormsunder Crater.', 0, 0, 0, 0, 0, 0, 0, 0, '', '', '', '', 890, 878, 45746), -- -Unknown-
(65074, 2, 0, 2150, 13769, 0, 0, 0, 5, 3, 5, 1, 18750, 0, 0, 0, 0, 0, 1, 0, 37748744, 8192, 0, 0, 0, 0, 0, 0, 0, 0, 0, 0, 0, 0, 0, 0, 0, 0, 0, 0, 0, 0, 0, 0, 0, 0, 0, 0, 0, 0, 0, 0, 0, 0, 0, 0, 0, 0, 0, 0, 0, 0, 0, 0, 0, 0, 0, 0, 0, 0, 0, 0, 0, 0, 0, 0, 0, 0, 0, 7, 7, 7, 7, 7, 0, 0, 0, 0, 0, 0, 0, 0, 98304, 2072, 9, 0, 0, 'Easy Prey', 'Slay $1oa scythid.', 'The wilds surrounding this creche are home to scythid. They are voracious insectoids, often territorial and aggressive. \n\nAll these wounded would be easy prey for those beasts. I do not want them attacking our Menders while they recover.\n\nCull their numbers while I look after Viridia.\n\nShe is.. very brave.', '', '', 0, 0, 0, 0, 0, 0, 0, 0, '', '', '', '', 890, 878, 45746), -- -Unknown-
(65084, 2, 0, 2150, 13769, 0, 0, 0, 3, 3, 3, 1, 10600, 374690, 0, 0, 0, 0, 1, 0, 40894472, 8192, 0, 0, 0, 0, 0, 0, 0, 0, 0, 0, 0, 0, 0, 0, 0, 0, 0, 0, 0, 0, 0, 0, 0, 0, 0, 0, 0, 0, 0, 0, 0, 0, 0, 0, 0, 0, 0, 0, 0, 0, 0, 0, 0, 0, 0, 0, 0, 0, 0, 0, 0, 0, 0, 0, 0, 0, 0, 7, 7, 7, 7, 7, 0, 0, 0, 0, 0, 0, 0, 0, 98304, 0, 9, 0, 0, 'The Froststone Vault', 'Rally to Froststone Vault.', 'Look there, across the Reach! Primalist forces are converging on Froststone Vault.\n\nThe storm they seek to unleash must be locked inside.\n\n<Emberthal winces, wrestling with her broken memories.>\n\nWe fought this enemy before, and won. Neltharion commanded that the vault be secured, but I... cannot remember why...\n\nThis is no time for contemplation. Rally with Sarkareth and the Ebon Scales at the vault. Ensure the enemy does not breach it!', '', 'Report to Scalecommander Sarkareth at Froststone Vault.', 0, 0, 0, 0, 0, 0, 0, 0, '', '', '', '', 890, 878, 45746), -- -Unknown-
(66534, 2, 0, 2150, 13769, 0, 0, 0, 0, 1, 0, 1, 0, 0, 0, 0, 0, 0, 1, 0, 38797312, 8192, 0, 0, 0, 0, 0, 0, 0, 0, 0, 0, 0, 0, 0, 0, 0, 0, 0, 0, 0, 0, 0, 0, 0, 0, 0, 0, 0, 0, 0, 0, 0, 0, 0, 0, 0, 0, 0, 0, 0, 0, 0, 0, 0, 0, 0, 0, 0, 0, 0, 0, 0, 0, 0, 0, 0, 0, 0, 7, 7, 7, 7, 7, 0, 0, 0, 0, 0, 0, 0, 0, 32768, 0, 9, 0, 0, 'Ground Leave', 'Explore Orgrimmar.', 'It seems like our arrival was noticed after all. Maybe there\'s hope for these people yet.\n\nI\'ll follow up with Ebyssian and the Horde leadership and try to smooth this out. You\'re on recon.\n\nSee what this place has to offer. We may be here for a while, after all.\n\nCome find us once you\'re finished. Hopefully we\'ll have all the boring bits sorted out by then.', '', '', 0, 0, 0, 0, 0, 0, 0, 0, '', '', '', '', 890, 878, 45746), -- -Unknown-
(65307, 2, 0, 2150, 13769, 0, 0, 0, 5, 1, 5, 1, 7050, 367979, 0, 0, 0, 0, 1, 0, 40894472, 8192, 0, 0, 0, 0, 0, 0, 0, 0, 0, 0, 0, 0, 0, 0, 0, 0, 0, 0, 0, 0, 0, 0, 0, 0, 0, 0, 0, 0, 0, 0, 0, 0, 0, 0, 0, 0, 0, 0, 0, 0, 0, 0, 0, 0, 0, 0, 0, 0, 0, 0, 0, 0, 0, 0, 0, 0, 0, 7, 7, 7, 7, 7, 0, 0, 0, 0, 0, 0, 0, 0, 98304, 2059, 9, 0, 0, 'Mercy First', 'Heal injured dracthyr and drakonid.', 'The toxicity in the creche nearly claimed us all. While the antidote is being prepared, I need you to seek out the wounded and heal them. \n\nYes, even the blue drakonid. The Healing Wings do not stand idly by while others suffer.', '', '', 0, 0, 0, 0, 0, 0, 0, 0, '', '', '', '', 890, 878, 45746), -- -Unknown-
(72128, 3, 0, 2523, 13644, 0, 0, 0, 5, 1, 0, 1, 6250, 0, 0, 0, 0, 0, 1, 0, 34148352, 0, 0, 0, 0, 0, 0, 0, 0, 0, 0, 0, 0, 0, 0, 0, 0, 0, 0, 0, 0, 0, 0, 0, 0, 0, 0, 0, 0, 0, 0, 0, 0, 0, 0, 0, 0, 0, 0, 0, 0, 0, 0, 0, 0, 0, 0, 0, 0, 0, 0, 0, 0, 0, 0, 0, 0, 0, 0, 7, 7, 7, 7, 7, 7500, 7500, 0, 0, 0, 0, 0, 0, 18446744073709551615, 0, 9, 0, 0, 'Enkine the Voracious', '', '', '', '', 0, 0, 0, 0, 0, 0, 0, 0, '', '', '', '', 890, 878, 45746), -- -Unknown-
(65075, 2, 0, 2150, 13769, 0, 0, 0, 3, 1, 3, 1, 3550, 0, 0, 0, 0, 0, 1, 0, 38797320, 8192, 0, 0, 0, 0, 0, 0, 0, 0, 0, 0, 0, 0, 0, 0, 0, 0, 0, 0, 0, 0, 0, 0, 0, 0, 0, 0, 0, 0, 0, 0, 0, 0, 0, 0, 0, 0, 0, 0, 0, 0, 0, 0, 0, 0, 0, 0, 0, 0, 0, 0, 0, 0, 0, 0, 0, 0, 0, 7, 7, 7, 7, 7, 0, 0, 0, 0, 0, 0, 0, 0, 98304, 2061, 9, 0, 0, 'The Healing Wings', 'Speak with Emberthal.', 'Evoker, you have my gratitude for aiding my weyrn in our most desperate hour.\n\nAfter we regain our strength, the Healing Wings will rendezvous with the rest of our forces.\n\nCindre tells me that Emberthal lost everyone from her weyrn. I fear I have no magic that can heal such a wound.\n\nShe may seem stoic, but Emberthal feels this loss deeply, $n. Tell her I am on my way.', '', 'Speak with Emberthal.', 0, 0, 0, 0, 0, 0, 0, 0, '', '', '', '', 890, 878, 45746), -- -Unknown-
(65052, 2, 0, 2150, 13769, 0, 0, 0, 6, 1, 6, 1, 8800, 0, 0, 0, 0, 0, 1, 0, 37748744, 8192, 0, 0, 0, 107315, 0, 0, 0, 0, 0, 0, 0, 0, 0, 0, 0, 0, 0, 0, 0, 0, 0, 0, 0, 0, 0, 0, 0, 0, 0, 0, 0, 0, 0, 0, 0, 0, 0, 0, 0, 0, 0, 0, 0, 0, 0, 0, 0, 0, 0, 0, 0, 0, 0, 0, 0, 0, 0, 7, 7, 7, 7, 7, 0, 0, 0, 0, 0, 0, 0, 0, 98304, 2070, 9, 0, 0, 'The Ebon Scales', 'Reach Scalecommander Sarkareth.', 'We got past the Primalist incursion. Now we must reach the creche.\n\nScalecommander Sarkareth is as tough as they come, and his weyrn holds the line. But a dragon has the Ebon Scales pinned down. \n\nTime for us to join the fight!\n\nTake point. Give the signal when we are in range of the dragon. Then we hit it with everything we have.\n\nWatch out for ambushes. I have a bad feeling about this.', '', 'Speak with Scalecommander Sarkareth.', 0, 0, 0, 0, 0, 0, 0, 0, 'An ancient beast who holds the Ebon Scales trapped.', 'Ekrazathal', '', '', 890, 878, 45746), -- -Unknown-
(70646, 3, 0, 2437, 13645, 109, 0, 0, 5, 1, 0, 1, 0, 387421, 0, 0, 0, 0, 1, 0, 41484544, 8192, 0, 0, 0, 0, 0, 0, 0, 0, 0, 0, 0, 0, 0, 0, 0, 0, 0, 0, 0, 0, 0, 0, 0, 0, 0, 0, 0, 0, 0, 0, 0, 0, 0, 0, 0, 0, 0, 0, 0, 0, 0, 0, 0, 0, 0, 0, 0, 2507, 0, 0, 0, 0, 0, 0, 0, 0, 0, 7, 7, 7, 7, 7, 6000, 0, 0, 0, 0, 0, 7705, 0, 18446744073709551615, 2050, 9, 0, 0, 'Pressure Valve', '', '', '', '', 0, 0, 0, 0, 0, 0, 0, 0, '', '', '', '', 890, 878, 45746), -- -Unknown-
(70074, 3, 0, 2437, 13645, 109, 0, 0, 5, 1, 0, 1, 0, 0, 0, 0, 0, 0, 1, 0, 34144512, 0, 0, 0, 0, 0, 0, 0, 0, 0, 0, 0, 0, 0, 0, 0, 0, 0, 0, 0, 0, 0, 0, 0, 0, 0, 0, 0, 0, 0, 0, 0, 0, 0, 0, 0, 0, 0, 0, 0, 0, 0, 0, 0, 0, 0, 0, 0, 0, 2507, 0, 0, 0, 0, 0, 0, 0, 0, 0, 7, 7, 7, 7, 7, 6000, 0, 0, 0, 0, 0, 0, 0, 18446744073709551615, 2050, 9, 0, 0, 'Plunder the Sundered', '', '', '', '', 0, 0, 0, 0, 0, 0, 0, 0, '', '', '', '', 890, 878, 45746), -- -Unknown-
(65046, 2, 0, 2150, 13769, 0, 0, 0, 5, 1, 5, 1, 7050, 0, 0, 0, 0, 0, 1, 0, 37748744, 8192, 0, 0, 0, 0, 0, 0, 0, 0, 0, 0, 0, 0, 0, 0, 0, 0, 0, 0, 0, 0, 0, 0, 0, 0, 0, 0, 0, 0, 0, 0, 0, 0, 0, 0, 0, 0, 0, 0, 0, 0, 0, 0, 0, 0, 0, 0, 0, 0, 0, 0, 0, 0, 0, 0, 0, 0, 0, 7, 7, 7, 7, 7, 0, 0, 0, 0, 0, 0, 0, 0, 98304, 0, 9, 0, 0, 'The Primalists', 'Find clues about the Primalists\' origins and intentions.', 'My memories are still clouded from stasis, but I am certain we have encountered these Primalists before.\n\n<Dervishian grits her fangs.>\n\nIt is no use. Trying to remember feels like chasing fragments of a dream.\n\nPerhaps you can fare better. Look for any clues as to what--or who--motivates these invaders.', '', 'Meet Dervishian at Stormsunder Crater.', 0, 0, 0, 0, 0, 0, 0, 0, '', '', '', '', 890, 878, 45746), -- -Unknown-
(65045, 2, 0, 2150, 13769, 0, 0, 0, 3, 3, 3, 1, 10600, 367980, 0, 0, 0, 0, 1, 0, 40894472, 8192, 0, 0, 0, 0, 0, 0, 0, 0, 0, 0, 0, 0, 0, 0, 0, 0, 0, 0, 0, 0, 0, 0, 0, 0, 0, 0, 0, 0, 0, 0, 0, 0, 0, 0, 0, 0, 0, 0, 0, 0, 0, 0, 0, 0, 0, 0, 0, 0, 0, 0, 0, 0, 0, 0, 0, 0, 0, 7, 7, 7, 7, 7, 0, 0, 0, 0, 0, 0, 0, 0, 98304, 0, 9, 0, 0, 'Stormsunder Crater', 'Meet Azurathel at Stormsunder Crater.', 'Dervishian\'s report is troubling. An enemy force calling themselves the Primalists have invaded Stormsunder Crater, pinning the Ebon Scales down at the Siege Creche.\n\nThese intruders are summoning violent elementals and recruiting the vicious tarasek to their cause. \n\nAzurathel will need your help at the crater. By wing or by talon, save our people.\n\nOnce the Ebon Scales are safe, ask their commander to rendezvous with me. Be warned. Sarkareth can be... prickly.', '', 'Speak with Azurathel in Stormsunder Crater.', 0, 0, 0, 0, 0, 0, 0, 0, '', '', '', '', 890, 878, 45746), -- -Unknown-
(70021, 3, 0, 2437, 13644, 109, 0, 0, 5, 1, 0, 1, 0, 101303, 0, 0, 0, 0, 1, 0, 40435968, 8192, 0, 0, 0, 0, 0, 0, 0, 0, 0, 0, 0, 0, 0, 0, 0, 0, 0, 0, 0, 0, 0, 0, 0, 0, 0, 0, 0, 0, 0, 0, 0, 0, 0, 0, 0, 0, 0, 0, 0, 0, 0, 0, 0, 0, 0, 0, 0, 2511, 0, 0, 0, 0, 0, 0, 0, 0, 0, 7, 7, 7, 7, 7, 6000, 0, 0, 0, 0, 0, 0, 0, 18446744073709551615, 2191, 9, 0, 0, 'Tale of Tapionnuq', '', '', '', '', 0, 0, 0, 0, 0, 0, 0, 0, '', '', '', '', 890, 878, 45746), -- -Unknown-
(71154, 3, 0, 2401, 13647, 109, 0, 0, 5, 1, 0, 1, 0, 0, 0, 0, 0, 0, 1, 0, 38338816, 0, 0, 0, 0, 0, 0, 0, 0, 0, 0, 0, 0, 0, 0, 0, 0, 0, 0, 0, 0, 0, 0, 0, 0, 0, 0, 0, 0, 0, 0, 0, 0, 0, 0, 0, 0, 0, 0, 0, 0, 0, 0, 0, 0, 0, 0, 0, 0, 2510, 0, 0, 0, 0, 0, 0, 0, 0, 0, 7, 7, 7, 7, 7, 6000, 0, 0, 0, 0, 0, 0, 0, 18446744073709551615, 2187, 9, 0, 0, 'Talon Toss: Shooting 101', '', '', '', '', 0, 0, 0, 0, 0, 0, 0, 0, '', '', '', '', 890, 878, 45746), -- -Unknown-
(72030, 3, 0, 2437, 13646, 109, 0, 0, 5, 1, 0, 1, 0, 386580, 0, 0, 0, 0, 1, 0, 34144512, 0, 0, 0, 0, 0, 0, 0, 0, 0, 0, 0, 0, 0, 0, 0, 0, 0, 0, 0, 0, 0, 0, 0, 0, 0, 0, 0, 0, 0, 0, 0, 0, 0, 0, 0, 0, 0, 0, 0, 0, 0, 0, 0, 0, 0, 0, 0, 0, 2511, 0, 0, 0, 0, 0, 0, 0, 0, 0, 7, 7, 7, 7, 7, 6000, 0, 0, 0, 0, 0, 7557, 0, 18446744073709551615, 2191, 9, 0, 0, 'Fishing Frenzy!', '', '', '', '', 0, 0, 0, 0, 0, 0, 0, 0, '', '', '', '', 890, 878, 45746), -- -Unknown-
(70639, 3, 0, 2437, 13646, 109, 0, 0, 5, 1, 0, 1, 0, 0, 0, 0, 0, 0, 1, 0, 39387392, 8192, 0, 0, 0, 0, 0, 0, 0, 0, 0, 0, 0, 0, 0, 0, 0, 0, 0, 0, 0, 0, 0, 0, 0, 0, 0, 0, 0, 0, 0, 0, 0, 0, 0, 0, 0, 0, 0, 0, 0, 0, 0, 0, 0, 0, 0, 0, 0, 2507, 0, 0, 0, 0, 0, 0, 0, 0, 0, 7, 7, 7, 7, 7, 6000, 0, 0, 0, 0, 0, 0, 0, 18446744073709551615, 2050, 9, 0, 0, 'Azure Banners', '', '', '', '', 0, 0, 0, 0, 0, 0, 0, 0, '', '', '', '', 890, 878, 45746), -- -Unknown-
(65097, 2, 0, 2150, 13769, 0, 0, 0, 5, 1, 5, 1, 7050, 0, 0, 0, 0, 0, 1, 0, 38797312, 8192, 0, 0, 0, 0, 0, 0, 0, 0, 0, 0, 0, 0, 0, 0, 0, 0, 0, 0, 0, 0, 0, 0, 0, 0, 0, 0, 0, 0, 0, 0, 0, 0, 0, 0, 0, 0, 0, 0, 0, 0, 0, 0, 0, 0, 0, 0, 0, 0, 0, 0, 0, 0, 0, 0, 0, 0, 0, 7, 7, 7, 7, 7, 0, 0, 0, 0, 0, 0, 0, 0, 98304, 0, 9, 0, 0, 'Run!', 'Retreat!', 'Storms are about to overwhelm us! We must evacuate!\n\nSave everyone you can. And find those black dragons!', '', 'Speak with Wrathion.', 0, 0, 0, 0, 0, 0, 0, 0, '', '', '', '', 890, 878, 45746), -- -Unknown-
(66237, 2, 0, 2150, 13769, 0, 0, 0, 0, 1, 0, 1, 0, 391184, 0, 0, 0, 0, 1, 0, 40894464, 0, 0, 0, 0, 0, 0, 0, 0, 0, 0, 0, 0, 0, 0, 0, 0, 0, 0, 0, 0, 0, 0, 0, 0, 0, 0, 0, 0, 0, 0, 0, 0, 0, 0, 0, 0, 0, 0, 0, 0, 0, 0, 0, 0, 0, 0, 0, 0, 0, 0, 0, 0, 0, 0, 0, 0, 0, 0, 7, 7, 7, 7, 7, 0, 0, 0, 0, 0, 0, 0, 0, 32768, 0, 9, 0, 0, 'Spiritual Allies', 'Speak with the authorities.', 'Our arrival will not have gone unnoticed.\n\nAllow me to speak with them before we enter. I have something of a history with the council.\n\nThere will be time for introductions after.', '', '', 0, 0, 0, 0, 0, 0, 0, 0, '', '', '', '', 890, 878, 45746), -- -Unknown-
(65057, 2, 0, 2150, 13769, 0, 0, 0, 3, 1, 3, 1, 3550, 367168, 0, 0, 0, 0, 1, 0, 39845896, 8196, 0, 0, 0, 0, 0, 0, 0, 0, 0, 0, 0, 0, 0, 0, 0, 0, 0, 0, 0, 0, 0, 0, 0, 0, 0, 0, 0, 0, 0, 0, 0, 0, 0, 0, 0, 0, 0, 0, 0, 0, 0, 0, 0, 0, 0, 0, 0, 0, 0, 0, 0, 0, 0, 0, 0, 0, 0, 7, 7, 7, 7, 7, 0, 0, 0, 0, 0, 0, 0, 0, 98304, 0, 9, 0, 0, 'Rally to Emberthal', 'Report to Emberthal.', 'Now that the fight is done, you ask me to report in to Emberthal. Does Azurathel expect me to follow her commands?\n\nI think not.\n\nThe Ebon Scales answer only to the Earth-Warder. And thus far, I have received no orders from Neltharion.\n\n<Sarkareth glowers.>\n\nStill, I am not blind to the threat these Primalists represent. I am certain I have fought their kind before, and yet...\n\nWe will rally to the grounds once my people have recovered. You are dismissed, evoker.', '', '', 0, 0, 0, 0, 0, 0, 0, 0, '', '', '', '', 890, 878, 45746), -- -Unknown-
(65701, 2, 0, 2150, 13769, 0, 0, 65084, 1, 1, 1, 1, 875, 0, 0, 0, 0, 0, 1, 0, 34603016, 0, 0, 0, 0, 0, 0, 0, 0, 0, 0, 0, 0, 0, 0, 0, 0, 0, 0, 0, 0, 0, 0, 0, 0, 0, 0, 0, 0, 0, 0, 0, 0, 0, 0, 0, 0, 0, 0, 0, 0, 0, 0, 0, 0, 0, 0, 0, 0, 0, 0, 0, 0, 0, 0, 0, 0, 0, 0, 7, 7, 7, 7, 7, 0, 0, 0, 0, 0, 0, 0, 0, 18446744073709551615, 2074, 9, 0, 0, 'Preservation or Devastation', 'Choose a specialization.', 'If what these dragons say is true, then a great battle is upon us. We need you focused and strong, evoker.\n\nTime to choose your battle specialization. Will you preserve your allies, or devastate your enemies? \n\nTo hone your combat skills to their sharpest, choose Devastation.\n\nTo maximize your healing potential, take the path of Preservation.\n\nEither specialization will serve you well. And remember, you can change or adapt it later.', '', '', 0, 0, 0, 0, 0, 0, 0, 0, '', '', '', '', 890, 878, 45746), -- -Unknown-
(72256, 2, 0, 2151, 13642, 0, 0, 0, 5, 1, 5, 1, 7150, 394039, 0, 0, 0, 0, 1, 0, 6291456, 0, 0, 0, 0, 0, 0, 0, 0, 0, 0, 0, 0, 0, 0, 0, 0, 0, 0, 0, 0, 0, 0, 0, 0, 0, 0, 0, 0, 0, 0, 0, 0, 0, 0, 0, 0, 0, 0, 0, 0, 0, 0, 0, 0, 0, 0, 0, 0, 0, 0, 0, 0, 0, 0, 0, 0, 0, 0, 7, 7, 7, 7, 7, 0, 0, 0, 0, 0, 0, 0, 0, 12261800583900083122, 0, 9, 0, 0, 'The Dark Talons', 'Deliver the Scalecommander\'s orders to Kodethi and the Dark Talons.', 'Naleidea is enthusiastic, but she\'s a historian, not a soldier. She knows nothing of the dangers we\'ll face in the Dragon Isles.\n\nNot that anyone needs to worry. After all, the Dark Talons will be protecting the expedition.\n\nI\'m going to discuss mission logistics with Ebyssian and your Horde leaders.\n\nMy lieutenant, Kodethi, is exploring the city along with the other dracthyr. Be a good soldier and let him know we are going to rally at the zeppelin tower. He\'ll relay my orders to the others.', '', 'Meet Naleidea at the zeppelin tower outside Orgrimmar.', 0, 0, 0, 0, 0, 0, 0, 0, '', '', '', '', 890, 878, 45746); -- -Unknown-

UPDATE `quest_template` SET `RewardBonusMoney`=6250, `VerifiedBuild`=45746 WHERE `ID`=69964; -- Craggravated Elemental
UPDATE `quest_template` SET `RewardBonusMoney`=1050, `VerifiedBuild`=45746 WHERE `ID`=39371; -- Witches of the Sky
UPDATE `quest_template` SET `RewardBonusMoney`=1050, `VerifiedBuild`=45746 WHERE `ID`=37779; -- Tip the Scales
UPDATE `quest_template` SET `RewardBonusMoney`=625, `VerifiedBuild`=45746 WHERE `ID`=27863; -- The Crucible of Carnage: The Bloodeye Bruiser!
UPDATE `quest_template` SET `Expansion`=9, `VerifiedBuild`=45746 WHERE `ID`=32674; -- I Believe You Can Fly
UPDATE `quest_template` SET `RewardBonusMoney`=6250, `VerifiedBuild`=45746 WHERE `ID`=69850; -- Woolfang
UPDATE `quest_template` SET `RewardBonusMoney`=1050, `VerifiedBuild`=45746 WHERE `ID`=37466; -- The Broken Academy
UPDATE `quest_template` SET `RewardBonusMoney`=100, `VerifiedBuild`=45746 WHERE `ID`=62704; -- The Threads of Fate
UPDATE `quest_template` SET `VerifiedBuild`=45746 WHERE `ID` IN (25170, 46277, 44701, 37965, 40111, 25236, 25152, 25924, 42431, 46736, 46735, 43926, 871, 44543, 59926, 13618);
UPDATE `quest_template` SET `RewardBonusMoney`=1050, `VerifiedBuild`=45746 WHERE `ID`=40050; -- Shipwreck Cove
UPDATE `quest_template` SET `RewardBonusMoney`=6250, `VerifiedBuild`=45746 WHERE `ID`=66356; -- Irontree
UPDATE `quest_template` SET `RewardBonusMoney`=7150, `RewardSpell`=394039, `Flags`=6291456, `VerifiedBuild`=45746 WHERE `ID`=65443; -- Expeditionary Coordination
UPDATE `quest_template` SET `RewardBonusMoney`=6250, `VerifiedBuild`=45746 WHERE `ID`=69865; -- Scaleseeker Mezeri
UPDATE `quest_template` SET `RewardXPMultiplier`=3, `RewardBonusMoney`=18450, `VerifiedBuild`=45746 WHERE `ID`=64864; -- Awaken, Dracthyr
UPDATE `quest_template` SET `RewardBonusMoney`=100, `VerifiedBuild`=45746 WHERE `ID`=51443; -- Battle for Azeroth: Mission Statement
UPDATE `quest_template` SET `RewardBonusMoney`=6250, `VerifiedBuild`=45746 WHERE `ID`=69837; -- Sunscale Behemoth
UPDATE `quest_template` SET `RewardBonusMoney`=6250, `VerifiedBuild`=45746 WHERE `ID`=69858; -- Blightfur
UPDATE `quest_template` SET `RewardBonusMoney`=6250, `VerifiedBuild`=45746 WHERE `ID`=69882; -- Lord Epochbrgl
UPDATE `quest_template` SET `RewardBonusMoney`=1050, `VerifiedBuild`=45746 WHERE `ID`=38842; -- Faerie Fracas
UPDATE `quest_template` SET `RewardBonusMoney`=6250, `RewardSpell`=393984, `Flags`=36245504, `VerifiedBuild`=45746 WHERE `ID`=69854; -- Solethus' Gravestone
UPDATE `quest_template` SET `RewardBonusMoney`=1050, `VerifiedBuild`=45746 WHERE `ID`=43241; -- Flow of the Nightmare
UPDATE `quest_template` SET `RewardBonusMoney`=900, `FlagsEx`=4194304, `FlagsEx2`=524288, `VerifiedBuild`=45746 WHERE `ID`=65437; -- Aspectral Invitation
UPDATE `quest_template` SET `RewardBonusMoney`=6250, `VerifiedBuild`=45746 WHERE `ID`=69849; -- Enraged Steamburst Elemental
UPDATE `quest_template` SET `RewardBonusMoney`=6250, `VerifiedBuild`=45746 WHERE `ID`=66004; -- Galgresh
UPDATE `quest_template` SET `RewardBonusMoney`=775, `VerifiedBuild`=45746 WHERE `ID`=52451; -- Uniting Zandalar
UPDATE `quest_template` SET `RewardBonusMoney`=6250, `VerifiedBuild`=45746 WHERE `ID`=69962; -- Corrupted Proto-Dragon
UPDATE `quest_template` SET `RewardBonusMoney`=1050, `VerifiedBuild`=45746 WHERE `ID`=40316; -- The Screeching Crag
UPDATE `quest_template` SET `RewardBonusMoney`=3550, `RewardFactionOverride1`=2400, `VerifiedBuild`=45746 WHERE `ID`=66825; -- A Ruby Lifecalling
UPDATE `quest_template` SET `RewardXPDifficulty`=5, `Flags`=34144512, `RewardFactionID1`=2510, `RewardFactionOverride1`=1000, `TreasurePickerID`=2306, `VerifiedBuild`=45746 WHERE `ID`=71140; -- Two and Two Together
UPDATE `quest_template` SET `RewardBonusMoney`=100, `VerifiedBuild`=45746 WHERE `ID`=53028; -- A Dying World

DELETE FROM `quest_objectives` WHERE `ID` IN (422098 /*422098*/, 422097 /*422097*/, 428787 /*428787*/, 428674 /*428674*/, 428886 /*428886*/, 429807 /*429807*/, 429806 /*429806*/, 422747 /*422747*/, 423706 /*423706*/, 423703 /*423703*/, 424139 /*424139*/, 424050 /*424050*/, 424049 /*424049*/, 423764 /*423764*/, 423763 /*423763*/, 423762 /*423762*/, 426970 /*426970*/, 426813 /*426813*/, 426812 /*426812*/, 426811 /*426811*/, 426790 /*426790*/, 426789 /*426789*/, 431537 /*431537*/, 431536 /*431536*/, 429194 /*429194*/, 429203 /*429203*/, 429174 /*429174*/, 423171 /*423171*/, 429202 /*429202*/, 422094 /*422094*/, 428614 /*428614*/, 428720 /*428720*/, 428719 /*428719*/, 431373 /*431373*/, 431372 /*431372*/, 423113 /*423113*/, 421905 /*421905*/, 421904 /*421904*/, 421973 /*421973*/, 429729 /*429729*/, 424216 /*424216*/, 422754 /*422754*/, 431657 /*431657*/, 421932 /*421932*/, 423874 /*423874*/, 424052 /*424052*/, 421900 /*421900*/, 422052 /*422052*/, 427830 /*427830*/, 427829 /*427829*/, 427701 /*427701*/, 427700 /*427700*/, 422090 /*422090*/, 430824 /*430824*/, 430792 /*430792*/, 430825 /*430825*/, 430823 /*430823*/, 430822 /*430822*/, 430821 /*430821*/, 429942 /*429942*/, 429941 /*429941*/, 429940 /*429940*/, 429939 /*429939*/, 429938 /*429938*/, 429937 /*429937*/, 429936 /*429936*/, 429935 /*429935*/, 429934 /*429934*/, 421975 /*421975*/, 422194 /*422194*/, 428885 /*428885*/, 428884 /*428884*/, 428883 /*428883*/, 428882 /*428882*/, 428506 /*428506*/, 426917 /*426917*/, 426916 /*426916*/, 422752 /*422752*/, 431741 /*431741*/, 423575 /*423575*/, 430767 /*430767*/, 430766 /*430766*/, 430765 /*430765*/, 430764 /*430764*/, 430160 /*430160*/, 429827 /*429827*/, 427497 /*427497*/, 427496 /*427496*/, 427495 /*427495*/, 430205 /*430205*/, 430203 /*430203*/, 430202 /*430202*/, 429670 /*429670*/, 431501 /*431501*/, 431690 /*431690*/, 430750 /*430750*/, 422939 /*422939*/, 422938 /*422938*/, 428634 /*428634*/, 423217 /*423217*/, 431829 /*431829*/);
INSERT INTO `quest_objectives` (`ID`, `QuestID`, `Type`, `Order`, `StorageIndex`, `ObjectID`, `Amount`, `Flags`, `Flags2`, `ProgressBarWeight`, `Description`, `VerifiedBuild`) VALUES
(422098, 65100, 0, 3, 2, 182610, 1, 1, 0, 0, 'Viridia spoken to', 45746), -- 422098
(422097, 65100, 0, 2, 1, 182611, 1, 3, 0, 0, 'Sarkareth spoken to', 45746), -- 422097
(428787, 65100, 0, 1, 5, 189540, 1, 2, 0, 0, 'Speak with Nozdormu', 45746), -- 428787
(428674, 65100, 0, 0, 3, 183563, 1, 0, 0, 0, 'Reach the Old Weyrn Grounds', 45746), -- 428674
(428886, 65613, 0, 2, 0, 192288, 1, 2, 0, 0, 'Adopt a Visage Form', 45746), -- 428886
(429807, 65613, 0, 1, 2, 194027, 1, 2, 0, 0, 'Learn about Visage Form', 45746), -- 429807
(429806, 65613, 0, 0, 1, 194028, 1, 0, 0, 0, 'Ask Ebyssian about Visage Form', 45746), -- 429806
(422747, 65063, 0, 0, 1, 184214, 1, 0, 0, 0, 'Follow Cindrethresh', 45746), -- 422747
(423706, 64866, 0, 1, 3, 182702, 5, 2, 0, 0, 'Dracthyr rescued or healed with Living Flame', 45746), -- 423706
(423703, 64866, 0, 0, 1, 181597, 1, 0, 0, 0, 'Glide into the Earth-Warder\'s Cauldron', 45746), -- 423703
(424139, 64872, 14, 5, 0, 95604, 1, 4, 0, 0, 'Use Infusers to reset Fire Breath Cooldown', 45746), -- 424139
(424050, 64872, 0, 4, 7, 187611, 100, 28, 0, 0, 'Use Fire Breath on local beetles', 45746), -- 424050
(424049, 64872, 0, 3, 6, 187613, 100, 28, 0, 0, 'Use Fire Breath on local beetles', 45746), -- 424049
(423764, 64872, 14, 2, 4, 95473, 1, 0, 0, 0, 'Cast an Empowered III Fire Breath', 45746), -- 423764
(423763, 64872, 14, 1, 3, 95471, 1, 0, 0, 0, 'Cast an Empowered II Fire Breath', 45746), -- 423763
(423762, 64872, 14, 0, 2, 95469, 1, 0, 0, 0, 'Cast an Empowered I Fire Breath', 45746), -- 423762
(426970, 66324, 0, 5, 5, 188734, 10, 0, 0, 0, 'Survivors Rescued', 45746), -- 426970
(426813, 66324, 0, 4, 4, 191445, 1, 29, 0, 0, 'Katrinasa found', 45746), -- 426813
(426812, 66324, 0, 3, 3, 188146, 1, 29, 0, 0, 'Tenezeth found', 45746), -- 426812
(426811, 66324, 0, 2, 2, 191444, 1, 29, 0, 0, 'Rethenash found', 45746), -- 426811
(426790, 66324, 1, 1, 1, 191733, 1, 0, 1, 0, 'Clues discovered', 45746), -- 426790
(426789, 66324, 1, 0, 0, 191752, 3, 0, 1, 0, 'Horn signets collected', 45746), -- 426789
(431537, 64873, 0, 6, 6, 197342, 3, 2, 0, 0, 'Soar through rings', 45746), -- 431537
(431536, 64873, 3, 5, 5, 192889, 1, 3, 0, 0, 'Learn about Advanced Flying', 45746), -- 431536
(429194, 64873, 0, 4, 1, 192832, 5, 2, 0, 0, 'Diving through rings', 45746), -- 429194
(429203, 64873, 3, 3, 4, 192893, 1, 2, 0, 0, 'Learn about diving', 45746), -- 429203
(429174, 64873, 0, 2, 0, 192831, 5, 0, 0, 0, 'Soared through rings', 45746), -- 429174
(423171, 64873, 14, 1, 2, 135805, 1, 2, 0, 0, 'Cast Soar', 45746), -- 423171
(429202, 64873, 3, 0, 3, 192889, 1, 0, 0, 0, 'Learn about coasting', 45746), -- 429202
(422094, 65098, 0, 1, 0, 192697, 1, 3, 0, 0, 'Ebyssian healed', 45746), -- 422094
(428614, 65098, 0, 0, 1, 191685, 1, 1, 0, 0, 'Ebyssian found', 45746), -- 428614
(428720, 67012, 0, 1, 3, 191977, 10, 0, 0, 0, 'Elementals slain', 45746), -- 428720
(428719, 67012, 0, 0, 2, 189993, 15, 0, 0, 0, 'Animals Rescued', 45746), -- 428719
(431373, 70743, 0, 1, 1, 196194, 1, 2, 0, 0, 'Comfort Baby', 45746), -- 431373
(431372, 70743, 0, 0, 0, 197015, 1, 0, 0, 0, 'Find the baby', 45746), -- 431372
(423113, 64865, 1, 2, 2, 187855, 1, 0, 1, 0, 'Bundle of Rations collected', 45746), -- 423113
(421905, 64865, 1, 1, 1, 187853, 1, 0, 1, 0, '', 45746), -- 421905
(421904, 64865, 1, 0, 0, 187852, 1, 0, 1, 0, '', 45746), -- 421904
(421973, 65049, 0, 0, 2, 181310, 7, 0, 0, 0, 'Tarasek slain', 45746), -- 421973
(429729, 70047, 0, 0, 1, 194189, 6, 0, 0, 0, 'Free the Frozen', 45746), -- 429729
(424216, 65060, 0, 0, 0, 182317, 1, 1, 0, 0, 'Meet Cindrethresh at the Caldera of the Menders', 45746), -- 424216
(422754, 65071, 0, 0, 2, 184165, 1, 1, 0, 0, 'Little Ko rescued', 45746), -- 422754
(431657, 65036, 14, 0, 0, 138572, 1, 0, 0, 0, 'Practice Soar', 45746), -- 431657
(421932, 64871, 0, 1, 3, 186854, 1, 3, 0, 0, '', 45746), -- 421932
(423874, 64871, 19, 0, 0, 24025, 0, 0, 0, 0, 'Exit reached', 45746), -- 423874
(424052, 65615, 0, 0, 1, 187626, 1, 0, 0, 0, 'Beacon investigated', 45746), -- 424052
(421900, 64863, 0, 0, 0, 186853, 4, 0, 0, 0, 'Guardians or Constructs slain', 45746), -- 421900
(422052, 65073, 1, 0, 0, 187948, 6, 0, 1, 0, 'Toxin Glands collected', 45746), -- 422052
(427830, 65087, 0, 4, 3, 190531, 100, 92, 0, 1, '', 45746), -- 427830
(427829, 65087, 0, 3, 2, 182488, 10, 92, 0, 10, '', 45746), -- 427829
(427701, 65087, 0, 2, 1, 184420, 20, 92, 0, 5, 'Ally healed', 45746), -- 427701
(427700, 65087, 0, 1, 0, 182463, 25, 92, 0, 4, 'Enemies slain', 45746), -- 427700
(422090, 65087, 15, 0, -1, 0, 1, 0, 0, 0, 'Froststone Vault defended', 45746), -- 422090
(430824, 70634, 0, 5, 3, 194588, 9, 92, 0, 12, '', 45746), -- 430824
(430792, 70634, 0, 4, 0, 195826, 13, 92, 0, 8, 'Novice Emerald Gardeners rescued', 45746), -- 430792
(430825, 70634, 0, 3, 4, 190198, 17, 92, 0, 6, '', 45746), -- 430825
(430823, 70634, 0, 2, 2, 187545, 17, 92, 0, 6, '', 45746), -- 430823
(430822, 70634, 0, 1, 1, 187546, 50, 92, 0, 2, '', 45746), -- 430822
(430821, 70634, 15, 0, -1, 0, 1, 0, 0, 0, 'Cull lashers and rescue Novice Emerald Gardeners', 45746), -- 430821
(429942, 70146, 0, 8, 7, 192364, 7, 92, 0, 15, '', 45746), -- 429942
(429941, 70146, 0, 7, 6, 193836, 7, 92, 0, 15, '', 45746), -- 429941
(429940, 70146, 0, 6, 5, 193381, 7, 92, 0, 15, '', 45746), -- 429940
(429939, 70146, 0, 5, 4, 193750, 10, 92, 0, 10, '', 45746), -- 429939
(429938, 70146, 0, 4, 3, 193840, 10, 92, 0, 10, '', 45746), -- 429938
(429937, 70146, 0, 3, 2, 193958, 10, 92, 0, 10, '', 45746), -- 429937
(429936, 70146, 0, 2, 1, 192367, 10, 92, 0, 10, '', 45746), -- 429936
(429935, 70146, 0, 1, 0, 193839, 9, 92, 0, 12, '', 45746), -- 429935
(429934, 70146, 15, 0, -1, 0, 1, 0, 0, 0, 'Eliminate Nokhud and primalist forces', 45746), -- 429934
(421975, 65050, 0, 0, 0, 181840, 12, 0, 0, 0, 'Conjured elementals slain', 45746), -- 421975
(422194, 65074, 0, 0, 0, 182008, 4, 0, 0, 0, 'Scythid slain', 45746), -- 422194
(428885, 66534, 19, 3, 3, 25899, 0, 0, 0, 0, 'Visit the Portal Room', 45746), -- 428885
(428884, 66534, 19, 2, 2, 25900, 0, 0, 0, 0, 'Visit the Embassy', 45746), -- 428884
(428883, 66534, 19, 1, 1, 25898, 0, 0, 0, 0, 'Visit the Bank', 45746), -- 428883
(428882, 66534, 19, 0, 0, 25897, 0, 0, 0, 0, 'Visit the Auction House', 45746), -- 428882
(428506, 65307, 14, 3, 4, 135713, 1, 4, 0, 0, 'Use Infusers to reset Emerald Blossom\'s cooldown', 45746), -- 428506
(426917, 65307, 0, 2, 2, 188652, 1, 0, 0, 0, 'Atrenosh Hailstone healed', 45746), -- 426917
(426916, 65307, 0, 1, 0, 187904, 4, 0, 0, 0, 'Injured drakonid healed', 45746), -- 426916
(422752, 65307, 0, 0, 1, 182349, 10, 0, 0, 0, 'Injured dracthyr healed', 45746), -- 422752
(431741, 72128, 0, 0, 1, 193134, 1, 1, 0, 0, '', 45746), -- 431741
(423575, 65052, 0, 0, 1, 190974, 1, 1, 0, 0, 'Attack on Ekrazathal signaled', 45746), -- 423575
(430767, 70646, 0, 3, 2, 195881, 17, 92, 0, 6, '', 45746), -- 430767
(430766, 70646, 0, 2, 1, 191712, 17, 92, 0, 6, '', 45746), -- 430766
(430765, 70646, 0, 1, 0, 191682, 17, 92, 0, 6, '', 45746), -- 430765
(430764, 70646, 15, 0, -1, 0, 1, 0, 0, 0, 'Relieve the elemental pressure', 45746), -- 430764
(430160, 70074, 0, 1, 0, 196252, 8, 0, 0, 0, 'Mind Controlled Gorlocs slain', 45746), -- 430160
(429827, 70074, 1, 0, 1, 198448, 6, 0, 1, 0, 'Dragonscale Expedition Supplies recovered', 45746), -- 429827
(427497, 65046, 2, 2, 2, 376983, 1, 1, 0, 0, 'Primalist leaders discovered', 45746), -- 427497
(427496, 65046, 2, 1, 1, 376982, 1, 1, 0, 0, 'Primalist motivations discovered', 45746), -- 427496
(427495, 65046, 2, 0, 0, 376984, 1, 1, 0, 0, 'Primalist intentions discovered', 45746), -- 427495
(430205, 70021, 0, 3, 3, 194732, 1, 2, 0, 0, 'Cuddle Kilpi the Sea Turtle', 45746), -- 430205
(430203, 70021, 0, 2, 0, 194733, 5, 92, 0, 20, '', 45746), -- 430203
(430202, 70021, 15, 1, -1, 0, 1, 2, 0, 0, 'Catch some fish and feed Kilpi', 45746), -- 430202
(429670, 70021, 0, 0, 1, 194730, 1, 0, 0, 0, 'Speak with Memory of Tapionnuq', 45746), -- 429670
(431501, 71154, 0, 0, 0, 197296, 12, 0, 0, 0, 'Goals scored', 45746), -- 431501
(431690, 72030, 1, 0, 0, 200854, 8, 0, 1, 0, 'Cooked Caviar', 45746), -- 431690
(430750, 70639, 0, 0, 1, 195885, 10, 0, 0, 0, 'Banners planted', 45746), -- 430750
(422939, 65097, 0, 2, 1, 182601, 1, 2, 0, 0, 'Wrathion healed', 45746), -- 422939
(422938, 65097, 19, 1, 0, 24382, 0, 2, 0, 0, 'Wrathion found', 45746), -- 422938
(428634, 65097, 0, 0, 2, 191500, 1, 0, 0, 0, 'Outrun the Avatar of the Storm', 45746), -- 428634
(423217, 65701, 14, 0, 0, 95173, 1, 0, 0, 0, 'Activate a Talent Spec', 45746), -- 423217
(431829, 72256, 0, 0, 0, 198440, 1, 0, 0, 0, 'Orders delivered to Kodethi', 45746); -- 431829

UPDATE `quest_objectives` SET `VerifiedBuild`=45746 WHERE `ID` IN (429567, 279626, 279301, 279299, 279294, 276885, 276884, 276880, 276871, 276869, 276870, 276859, 276858, 429325, 277677, 277667, 277606, 277605, 277604, 277603, 276298, 408196, 265539, 289167, 280303, 280233, 280231, 280229, 280228, 426823, 286679, 286535, 277272, 277472, 277269, 277243, 277242, 422987, 422989, 422988, 429339, 422316, 423680, 423828, 421736, 421735, 335884, 335883, 429315, 280327, 280326, 280325, 280324, 280323, 265482, 266797, 429333, 429357, 284209, 284208, 284207, 284206, 284205, 284200, 278998, 278519, 278526, 278500, 278499, 429330, 285469, 285188, 285107, 285106, 285105, 285104, 285103, 285102, 289536, 422958, 289535, 429324, 423679, 254390, 254389, 286696, 397237, 429561, 280668, 280667, 280666, 280665, 280664, 280663, 280662, 431418, 431417, 431416, 431415, 430383, 430382, 430380, 430388, 431032, 431446);

DELETE FROM `quest_visual_effect` WHERE (`Index`=0 AND `ID` IN (422098,422097,428787,429807,429806,422747,423706,424139,423764,423763,423762,431536,429203,429202,422094,428614,428719,424216,424052,427701,430792,428506,430767,427497,427496,427495,430205,429670,431501,431690,422939,431829)) OR (`Index`=6 AND `ID`=428719) OR (`Index`=5 AND `ID`=428719) OR (`Index`=4 AND `ID`=428719) OR (`Index`=3 AND `ID` IN (428719,427701,428506)) OR (`Index`=2 AND `ID` IN (428719,427701,428506,431501)) OR (`Index`=1 AND `ID` IN (428719,427701,428506,431501));
INSERT INTO `quest_visual_effect` (`ID`, `Index`, `VisualEffect`, `VerifiedBuild`) VALUES
(422098, 0, 2099, 45746),
(422097, 0, 2099, 45746),
(428787, 0, 2099, 45746),
(429807, 0, 19887, 45746),
(429806, 0, 19887, 45746),
(422747, 0, 2099, 45746),
(423706, 0, 18423, 45746),
(424139, 0, 18413, 45746),
(423764, 0, 18413, 45746),
(423763, 0, 18413, 45746),
(423762, 0, 18413, 45746),
(431536, 0, 2099, 45746),
(429203, 0, 2099, 45746),
(429202, 0, 2099, 45746),
(422094, 0, 2099, 45746),
(428614, 0, 2099, 45746),
(428719, 6, 20220, 45746),
(428719, 5, 20219, 45746),
(428719, 4, 20218, 45746),
(428719, 3, 20217, 45746),
(428719, 2, 20216, 45746),
(428719, 1, 20215, 45746),
(428719, 0, 20214, 45746),
(424216, 0, 2099, 45746),
(424052, 0, 18444, 45746),
(427701, 3, 19712, 45746),
(427701, 2, 18670, 45746),
(427701, 1, 18669, 45746),
(427701, 0, 18138, 45746),
(430792, 0, 2100, 45746),
(428506, 3, 18805, 45746),
(428506, 2, 18804, 45746),
(428506, 1, 18803, 45746),
(428506, 0, 18802, 45746),
(430767, 0, 20223, 45746),
(427497, 0, 2099, 45746),
(427496, 0, 2099, 45746),
(427495, 0, 2099, 45746),
(430205, 0, 2100, 45746),
(429670, 0, 2100, 45746),
(431501, 2, 20521, 45746),
(431501, 1, 20520, 45746),
(431501, 0, 20519, 45746),
(431690, 0, 20661, 45746),
(422939, 0, 2099, 45746),
(431829, 0, 20720, 45746);

UPDATE `quest_visual_effect` SET `VerifiedBuild`=45746 WHERE (`Index`=0 AND `ID` IN (276858,408196,426823,277472,422987,422989,422988,421735,335884,335883,429315,280323,284200,278998,278526,285188,285107,285106,422958,397237,280668,430383,430382,430380,430388,431446)) OR (`Index`=1 AND `ID` IN (277472,421735,335884,280323)) OR (`Index`=2 AND `ID` IN (335884,280323)) OR (`Index`=3 AND `ID`=280323);

DELETE FROM `quest_reward_display_spell` WHERE (`Idx`=0 AND `QuestID` IN (65613,64872,66324,64873,72263,65307,65045));
INSERT INTO `quest_reward_display_spell` (`QuestID`, `Idx`, `SpellID`, `PlayerConditionID`, `VerifiedBuild`) VALUES
(65613, 0, 351239, 97068, 45746),
(64872, 0, 363898, 95579, 45746),
(66324, 0, 367909, 96846, 45746),
(64873, 0, 367961, 95579, 45746),
(72263, 0, 33391, 0, 45746),
(65307, 0, 367979, 96845, 45746),
(65045, 0, 367980, 0, 45746);

UPDATE `quest_reward_display_spell` SET `VerifiedBuild`=45746 WHERE (`Idx`=0 AND `QuestID` IN (64864,52451));



DELETE FROM `gameobject_template` WHERE `entry` IN (376305 /*War Creche Seal*/, 382085 /*Report: Infestation*/, 377233 /*Hessethiash's Poorly Hidden Treasure*/, 377605 /*Dragon Crates Stack 01*/, 377888 /*Everflame Brazier*/, 377295 /*10xp Wind Ground 01*/, 376690 /*Arcane Barrier*/, 376210 /*Crystal Focus*/, 370527 /*Weapon Rack*/, 375506 /*Arcane Barrier*/, 381423 /*Edict: Dark Talons*/, 377592 /*Lingering Everflame*/, 378704 /*Edict: Evoker*/, 377997 /*Soar Ring*/, 379056 /*Emerald Blossom Infuser*/, 379060 /*Beacon*/, 378712 /*Edict: The Earth-Warder*/, 375226 /*10xp Wind 08*/, 377595 /*Dark Talons*/, 377487 /*Dragon Bookcase Rubble*/, 377593 /*Anvil*/, 377483 /*Dragon Bookcase*/, 377607 /*Dragon Crates Stack 03*/, 375103 /*What Aspects Fear*/, 376276 /*Rune of Guardians*/, 375501 /*Edict: Weyrns*/, 377898 /*Everflame Brazier*/, 377028 /*Obsidian Warders*/, 375225 /*10xp Wind 01*/, 378473 /*Starting Room Collision*/, 377527 /*Primalist Earth Scepter*/, 377598 /*Forge*/, 375004 /*Ritual Control Scepter*/, 376982 /*Lie of the Aspects*/, 377897 /*Lingering Everflame*/, 378702 /*Edict: Dark Talons*/, 377528 /*Primalist Air Scepter*/, 383583 /*Portal to Valdrakken*/, 377444 /*Lightning Storm*/, 382046 /*Skyward Ascent Ring*/, 376983 /*Gift of the Incarnates*/, 377533 /*Enchanted Winds*/, 377030 /*Healing Wings*/, 376141 /*Arcane Barrier*/, 381425 /*Dark Talons*/, 379061 /*Emerald Blossom Infuser*/, 377886 /*Everflame Brazier*/, 376696 /*Crystal Focus*/, 376553 /*Dead Fish*/, 376304 /*Cave In*/, 382006 /*Soar Enhancer*/, 375104 /*The Vault*/, 376211 /*Crystal Key*/, 377884 /*Everflame Brazier*/, 377887 /*Everflame Brazier*/, 370526 /*Rations*/, 377893 /*Everflame Brazier*/, 376124 /*Bag of Enchanted Wind*/, 376692 /*Crystal Key*/, 377891 /*Everflame Brazier*/, 382005 /*Soar Enhancer*/, 370528 /*Crate of Warscale Armor*/, 377484 /*Dragon Bookcase*/, 376694 /*Crystal Lock*/, 377602 /*Dark Talons*/, 375420 /*Debirs*/, 379062 /*Emerald Blossom Infuser*/, 377606 /*Dragon Crates Stack 02*/, 377311 /*Meat Carcass*/, 376213 /*Mysterious Wand*/, 376984 /*The Primal Path*/, 376256 /*Cave In*/, 377885 /*Everflame Brazier*/, 382007 /*Soar Enhancer*/, 375503 /*Edict: Obsidian Warders*/, 376749 /*Crate*/, 379057 /*Emerald Blossom Infuser*/, 377890 /*Everflame Brazier*/, 377892 /*Everflame Brazier*/, 376021 /*Ground Fog*/, 377535 /*Old Scroll*/, 377023 /*Ebon Scales*/, 376222 /*Crystal Focus*/, 378005 /*Soar Ring*/, 376744 /*Crate*/, 377464 /*Dracthyr Skeleton*/, 377526 /*Primalist Altar*/, 377530 /*Primalist Water Scepter*/, 377600 /*Dark Talons*/, 377896 /*Everflame Brazier*/, 377029 /*Dark Talons*/, 376530 /*Report: Infestation*/, 377529 /*Primalist Fire Scepter*/, 377591 /*Lingering Everflame*/, 376215 /*Crystal Lock*/, 377597 /*Dark Talons*/, 376143 /*Fire Breath Infuser*/, 377894 /*Everflame Brazier*/, 377895 /*Everflame Brazier*/, 381639 /*Edict: The Healing Wings*/, 376142 /*Arcane Barrier*/, 376177 /*Froststone Vault Seal*/, 377889 /*Everflame Brazier*/, 377486 /*Dragon Bookcase Connector*/);
INSERT INTO `gameobject_template` (`entry`, `type`, `displayId`, `name`, `IconName`, `castBarCaption`, `unk1`, `size`, `Data0`, `Data1`, `Data2`, `Data3`, `Data4`, `Data5`, `Data6`, `Data7`, `Data8`, `Data9`, `Data10`, `Data11`, `Data12`, `Data13`, `Data14`, `Data15`, `Data16`, `Data17`, `Data18`, `Data19`, `Data20`, `Data21`, `Data22`, `Data23`, `Data24`, `Data25`, `Data26`, `Data27`, `Data28`, `Data29`, `Data30`, `Data31`, `Data32`, `Data33`, `Data34`, `ContentTuningId`, `VerifiedBuild`) VALUES
(376305, 0, 73889, 'War Creche Seal', '', '', '', 1, 0, 0, 0, 0, 0, 0, 0, 0, 0, 1, 0, 0, 0, 0, 0, 0, 0, 0, 0, 0, 0, 0, 0, 0, 0, 0, 0, 0, 0, 0, 0, 0, 0, 0, 0, 0, 45746), -- War Creche Seal
(382085, 9, 71833, 'Report: Infestation', 'inspect', '', '', 1, 8580, 0, 2, 0, 0, 0, 0, 0, 0, 0, 0, 0, 0, 0, 0, 0, 0, 0, 0, 0, 0, 0, 0, 0, 0, 0, 0, 0, 0, 0, 0, 0, 0, 0, 0, 2419, 45746), -- Report: Infestation
(377233, 3, 73227, 'Hessethiash\'s Poorly Hidden Treasure', '', 'Opening', '', 1, 43, 0, 1, 0, 1, 1, 0, 0, 0, 0, 0, 0, 0, 1, 21400, 0, 0, 0, 0, 2, 0, 0, 0, 0, 0, 0, 0, 0, 0, 5117, 111514, 0, 0, 0, 0, 2150, 45746), -- Hessethiash's Poorly Hidden Treasure
(377605, 5, 74403, 'Dragon Crates Stack 01', '', '', '', 1, 0, 0, 0, 0, 0, 0, 0, 0, 0, 0, 0, 0, 0, 0, 0, 0, 0, 0, 0, 0, 0, 0, 0, 0, 0, 0, 0, 0, 0, 0, 0, 0, 0, 0, 0, 0, 45746), -- Dragon Crates Stack 01
(377888, 8, 75513, 'Everflame Brazier', '', '', '', 0.999999642372131347, 4, 10, 243896, 0, 0, 0, 0, 0, 0, 0, 0, 0, 0, 0, 0, 0, 0, 0, 0, 0, 0, 0, 0, 0, 0, 0, 0, 0, 0, 0, 0, 0, 0, 0, 0, 0, 45746), -- Everflame Brazier
(377295, 5, 75226, '10xp Wind Ground 01', '', '', '', 1, 0, 0, 0, 0, 0, 0, 0, 0, 0, 0, 0, 0, 0, 0, 0, 0, 0, 0, 0, 0, 0, 0, 0, 0, 0, 0, 0, 0, 0, 0, 0, 0, 0, 0, 0, 0, 45746), -- 10xp Wind Ground 01
(376690, 10, 73897, 'Arcane Barrier', '', '', '', 1, 0, 0, 0, 3000, 0, 0, 0, 0, 0, 0, 0, 0, 0, 0, 0, 0, 0, 0, 0, 0, 0, 0, 0, 0, 0, 0, 0, 0, 0, 0, 0, 0, 0, 0, 0, 0, 45746), -- Arcane Barrier
(376210, 10, 74000, 'Crystal Focus', '', 'Placing', '', 0.5, 43, 0, 0, 0, 0, 0, 0, 0, 0, 0, 369755, 0, 0, 0, 35196, 0, 0, 0, 0, 0, 1, 0, 96342, 1, 5048, 0, 0, 0, 0, 0, 0, 0, 0, 0, 0, 0, 45746), -- Crystal Focus
(370527, 3, 73724, 'Weapon Rack', 'questinteract', 'Opening', '', 1, 43, 0, 1, 0, 0, 0, 0, 0, 0, 0, 0, 0, 0, 0, 21400, 0, 0, 0, 0, 0, 0, 0, 0, 0, 0, 0, 0, 0, 0, 0, 108937, 0, 0, 0, 0, 2150, 45746), -- Weapon Rack
(375506, 0, 73897, 'Arcane Barrier', '', '', '', 1, 0, 0, 0, 0, 0, 0, 0, 0, 0, 1, 0, 0, 0, 0, 0, 0, 0, 0, 0, 0, 0, 0, 0, 0, 0, 0, 0, 0, 0, 0, 0, 0, 0, 0, 0, 0, 45746), -- Arcane Barrier
(381423, 9, 73022, 'Edict: Dark Talons', '', '', '', 2, 8606, 11, 2, 0, 0, 0, 1000, 0, 0, 0, 0, 0, 0, 0, 0, 0, 0, 0, 0, 0, 0, 0, 0, 0, 0, 0, 0, 0, 0, 0, 0, 0, 0, 0, 0, 0, 45746), -- Edict: Dark Talons
(377592, 8, 75250, 'Lingering Everflame', '', '', '', 0.999999761581420898, 4, 10, 243896, 0, 0, 0, 0, 0, 0, 0, 0, 0, 0, 0, 0, 0, 0, 0, 0, 0, 0, 0, 0, 0, 0, 0, 0, 0, 0, 0, 0, 0, 0, 0, 0, 0, 45746), -- Lingering Everflame
(378704, 9, 73022, 'Edict: Evoker', '', '', '', 1, 8607, 11, 2, 0, 0, 0, 0, 0, 0, 0, 0, 0, 0, 0, 0, 0, 0, 0, 0, 0, 0, 0, 0, 0, 0, 0, 0, 0, 0, 0, 0, 0, 0, 0, 0, 0, 45746), -- Edict: Evoker
(377997, 5, 75659, 'Soar Ring', '', '', '', 1, 0, 0, 0, 1, 0, 0, 0, 0, 0, 0, 0, 0, 0, 0, 0, 0, 0, 0, 0, 0, 0, 0, 0, 0, 0, 0, 0, 0, 0, 0, 0, 0, 0, 0, 0, 0, 45746), -- Soar Ring
(379056, 22, 73899, 'Emerald Blossom Infuser', '', '', '', 1, 371027, 0, 0, 0, 0, 96761, 1, 0, 0, 0, 0, 0, 0, 0, 0, 0, 0, 0, 0, 0, 0, 0, 0, 0, 0, 0, 0, 0, 0, 0, 0, 0, 0, 0, 0, 0, 45746), -- Emerald Blossom Infuser
(379060, 10, 73508, 'Beacon', 'questinteract', 'Examining', '', 0.699999988079071044, 93, 0, 0, 0, 0, 0, 0, 0, 0, 0, 370314, 0, 0, 0, 24124, 0, 0, 0, 0, 0, 1, 0, 96580, 1, 0, 0, 0, 0, 0, 0, 0, 0, 0, 0, 0, 0, 45746), -- Beacon
(378712, 9, 73022, 'Edict: The Earth-Warder', '', '', '', 1, 8608, 11, 2, 0, 0, 0, 0, 0, 0, 0, 0, 0, 0, 0, 0, 0, 0, 0, 0, 0, 0, 0, 0, 0, 0, 0, 0, 0, 0, 0, 0, 0, 0, 0, 0, 0, 45746), -- Edict: The Earth-Warder
(375226, 5, 72764, '10xp Wind 08', '', '', '', 1, 0, 0, 0, 0, 0, 0, 0, 0, 0, 0, 0, 0, 0, 0, 0, 0, 0, 0, 0, 0, 0, 0, 0, 0, 0, 0, 0, 0, 0, 0, 0, 0, 0, 0, 0, 0, 45746), -- 10xp Wind 08
(377595, 5, 75485, 'Dark Talons', '', '', '', 0.999999165534973144, 0, 1, 0, 0, 0, 0, 0, 0, 0, 0, 0, 0, 0, 0, 0, 0, 0, 0, 0, 0, 0, 0, 0, 0, 0, 0, 0, 0, 0, 0, 0, 0, 0, 0, 0, 0, 45746), -- Dark Talons
(377487, 5, 75379, 'Dragon Bookcase Rubble', '', '', '', 1, 0, 0, 0, 0, 0, 0, 0, 0, 0, 0, 0, 0, 0, 0, 0, 0, 0, 0, 0, 0, 0, 0, 0, 0, 0, 0, 0, 0, 0, 0, 0, 0, 0, 0, 0, 0, 45746), -- Dragon Bookcase Rubble
(377593, 8, 74348, 'Anvil', '', '', '', 0.999999403953552246, 1, 10, 0, 0, 0, 0, 0, 0, 0, 0, 0, 0, 0, 0, 0, 0, 0, 0, 0, 0, 0, 0, 0, 0, 0, 0, 0, 0, 0, 0, 0, 0, 0, 0, 0, 0, 45746), -- Anvil
(377483, 5, 75377, 'Dragon Bookcase', '', '', '', 1, 0, 0, 0, 0, 0, 0, 0, 0, 0, 0, 0, 0, 0, 0, 0, 0, 0, 0, 0, 0, 0, 0, 0, 0, 0, 0, 0, 0, 0, 0, 0, 0, 0, 0, 0, 0, 45746), -- Dragon Bookcase
(377607, 5, 74613, 'Dragon Crates Stack 03', '', '', '', 1, 0, 0, 0, 0, 0, 0, 0, 0, 0, 0, 0, 0, 0, 0, 0, 0, 0, 0, 0, 0, 0, 0, 0, 0, 0, 0, 0, 0, 0, 0, 0, 0, 0, 0, 0, 0, 45746), -- Dragon Crates Stack 03
(375103, 10, 71833, 'What Aspects Fear', 'questinteract', 'Inspecting', '', 1, 43, 0, 0, 0, 0, 0, 0, 8404, 0, 0, 0, 0, 0, 0, 45353, 0, 0, 0, 0, 0, 1, 0, 0, 1, 0, 0, 0, 0, 0, 0, 0, 0, 0, 0, 0, 0, 45746), -- What Aspects Fear
(376276, 5, 73022, 'Rune of Guardians', '', '', '', 1, 0, 1, 0, 0, 0, 0, 0, 0, 0, 0, 0, 0, 0, 0, 0, 0, 0, 0, 0, 0, 0, 0, 0, 0, 0, 0, 0, 0, 0, 0, 0, 0, 0, 0, 0, 0, 45746), -- Rune of Guardians
(375501, 9, 73022, 'Edict: Weyrns', '', '', '', 1, 8530, 11, 2, 0, 0, 0, 0, 0, 0, 0, 0, 0, 0, 0, 0, 0, 0, 0, 0, 0, 0, 0, 0, 0, 0, 0, 0, 0, 0, 0, 0, 0, 0, 0, 0, 0, 45746), -- Edict: Weyrns
(377898, 8, 73375, 'Everflame Brazier', '', '', '', 0.999999284744262695, 4, 10, 243896, 0, 0, 0, 0, 0, 0, 0, 0, 0, 0, 0, 0, 0, 0, 0, 0, 0, 0, 0, 0, 0, 0, 0, 0, 0, 0, 0, 0, 0, 0, 0, 0, 0, 45746), -- Everflame Brazier
(377028, 5, 74626, 'Obsidian Warders', '', '', '', 1, 0, 1, 0, 0, 0, 0, 0, 0, 0, 0, 0, 0, 0, 0, 0, 0, 0, 0, 0, 0, 0, 0, 0, 0, 0, 0, 0, 0, 0, 0, 0, 0, 0, 0, 0, 0, 45746), -- Obsidian Warders
(375225, 5, 72763, '10xp Wind 01', '', '', '', 1, 0, 0, 0, 0, 0, 0, 0, 0, 0, 0, 0, 0, 0, 0, 0, 0, 0, 0, 0, 0, 0, 0, 0, 0, 0, 0, 0, 0, 0, 0, 0, 0, 0, 0, 0, 0, 45746), -- 10xp Wind 01
(378473, 0, 73100, 'Starting Room Collision', '', '', '', 1, 0, 0, 0, 0, 0, 0, 0, 0, 0, 0, 0, 0, 0, 0, 0, 0, 0, 0, 0, 0, 0, 0, 0, 0, 0, 0, 0, 0, 0, 0, 0, 0, 0, 0, 0, 0, 45746), -- Starting Room Collision
(377527, 5, 75117, 'Primalist Earth Scepter', '', '', '', 0.300000011920928955, 0, 0, 0, 0, 0, 0, 0, 0, 0, 0, 0, 0, 0, 0, 0, 0, 0, 0, 0, 0, 0, 0, 0, 0, 0, 0, 0, 0, 0, 0, 0, 0, 0, 0, 0, 0, 45746), -- Primalist Earth Scepter
(377598, 8, 71261, 'Forge', '', '', '', 0.999999582767486572, 3, 10, 0, 0, 0, 0, 0, 0, 0, 0, 0, 0, 0, 0, 0, 0, 0, 0, 0, 0, 0, 0, 0, 0, 0, 0, 0, 0, 0, 0, 0, 0, 0, 0, 0, 0, 45746), -- Forge
(375004, 10, 73940, 'Ritual Control Scepter', 'questinteract', 'Modifying', '', 1, 3414, 0, 0, 0, 0, 0, 0, 0, 0, 0, 0, 0, 0, 0, 216771, 0, 0, 0, 0, 0, 1, 0, 0, 1, 0, 0, 0, 0, 0, 0, 0, 0, 1, 0, 0, 0, 45746), -- Ritual Control Scepter
(376982, 10, 76033, 'Lie of the Aspects', 'questinteract', 'Inspecting', '', 0.5, 93, 0, 0, 0, 0, 0, 0, 0, 0, 0, 373379, 0, 0, 0, 45353, 0, 0, 0, 0, 0, 1, 0, 0, 1, 0, 0, 0, 0, 0, 0, 0, 0, 0, 0, 0, 0, 45746), -- Lie of the Aspects
(377897, 8, 75250, 'Lingering Everflame', '', '', '', 0.999999046325683593, 4, 10, 243896, 0, 0, 0, 0, 0, 0, 0, 0, 0, 0, 0, 0, 0, 0, 0, 0, 0, 0, 0, 0, 0, 0, 0, 0, 0, 0, 0, 0, 0, 0, 0, 0, 0, 45746), -- Lingering Everflame
(378702, 9, 73022, 'Edict: Dark Talons', '', '', '', 2, 8606, 11, 2, 0, 0, 0, 1000, 0, 0, 0, 0, 0, 0, 0, 0, 0, 0, 0, 0, 0, 0, 0, 0, 0, 0, 0, 0, 0, 0, 0, 0, 0, 0, 0, 0, 0, 45746), -- Edict: Dark Talons
(377528, 5, 73940, 'Primalist Air Scepter', '', '', '', 0.300000011920928955, 0, 0, 0, 0, 0, 0, 0, 0, 0, 0, 0, 0, 0, 0, 0, 0, 0, 0, 0, 0, 0, 0, 0, 0, 0, 0, 0, 0, 0, 0, 0, 0, 0, 0, 0, 0, 45746), -- Primalist Air Scepter
(383583, 22, 77931, 'Portal to Valdrakken', '', '', '', 0.999999761581420898, 393589, -1, 0, 0, 0, 103378, 1, 0, 0, 0, 0, 0, 0, 0, 0, 0, 0, 0, 0, 0, 0, 0, 0, 0, 0, 0, 0, 0, 0, 0, 0, 0, 0, 0, 0, 2424, 45746), -- Portal to Valdrakken
(377444, 5, 75320, 'Lightning Storm', '', '', '', 1, 0, 0, 0, 0, 0, 0, 0, 0, 0, 0, 0, 0, 0, 0, 0, 0, 0, 0, 0, 0, 0, 0, 0, 0, 0, 0, 0, 0, 0, 0, 0, 0, 0, 0, 0, 0, 45746), -- Lightning Storm
(382046, 5, 75659, 'Skyward Ascent Ring', '', '', '', 1, 0, 0, 0, 1, 0, 0, 0, 0, 0, 0, 0, 0, 0, 0, 0, 0, 0, 0, 0, 0, 0, 0, 0, 0, 0, 0, 0, 0, 0, 0, 0, 0, 0, 0, 0, 0, 45746), -- Skyward Ascent Ring
(376983, 10, 76033, 'Gift of the Incarnates', 'questinteract', 'Inspecting', '', 0.5, 93, 0, 0, 0, 0, 0, 0, 0, 0, 0, 373382, 0, 0, 0, 45353, 0, 0, 0, 0, 0, 1, 0, 0, 1, 0, 0, 0, 0, 0, 0, 0, 0, 0, 0, 0, 0, 45746), -- Gift of the Incarnates
(377533, 5, 74417, 'Enchanted Winds', '', '', '', 2, 0, 0, 0, 0, 0, 0, 0, 0, 0, 0, 0, 0, 0, 0, 0, 0, 0, 0, 0, 0, 0, 0, 0, 0, 0, 0, 0, 0, 0, 0, 0, 0, 0, 0, 0, 0, 45746), -- Enchanted Winds
(377030, 5, 74877, 'Healing Wings', '', '', '', 1, 0, 1, 0, 0, 0, 0, 0, 0, 0, 0, 0, 0, 0, 0, 0, 0, 0, 0, 0, 0, 0, 0, 0, 0, 0, 0, 0, 0, 0, 0, 0, 0, 0, 0, 0, 0, 45746), -- Healing Wings
(376141, 0, 73897, 'Arcane Barrier', '', '', '', 1.5, 0, 0, 0, 0, 0, 0, 0, 0, 0, 0, 0, 0, 0, 0, 0, 0, 0, 0, 0, 0, 0, 0, 0, 0, 0, 0, 0, 0, 0, 0, 0, 0, 0, 0, 0, 0, 45746), -- Arcane Barrier
(381425, 5, 74638, 'Dark Talons', '', '', '', 0.5, 0, 1, 0, 0, 0, 0, 0, 0, 0, 0, 0, 0, 0, 0, 0, 0, 0, 0, 0, 0, 0, 0, 0, 0, 0, 0, 0, 0, 0, 0, 0, 0, 0, 0, 0, 0, 45746), -- Dark Talons
(379061, 22, 73899, 'Emerald Blossom Infuser', '', '', '', 1, 371027, 0, 0, 0, 0, 96761, 1, 0, 0, 0, 0, 0, 0, 0, 0, 0, 0, 0, 0, 0, 0, 0, 0, 0, 0, 0, 0, 0, 0, 0, 0, 0, 0, 0, 0, 0, 45746), -- Emerald Blossom Infuser
(377886, 8, 75513, 'Everflame Brazier', '', '', '', 0.999999523162841796, 4, 10, 243896, 0, 0, 0, 0, 0, 0, 0, 0, 0, 0, 0, 0, 0, 0, 0, 0, 0, 0, 0, 0, 0, 0, 0, 0, 0, 0, 0, 0, 0, 0, 0, 0, 0, 45746), -- Everflame Brazier
(376696, 5, 73899, 'Crystal Focus', '', '', '', 0.5, 0, 0, 0, 0, 0, 0, 0, 0, 0, 0, 0, 0, 0, 0, 0, 0, 0, 0, 0, 0, 0, 0, 0, 0, 0, 0, 0, 0, 0, 0, 0, 0, 0, 0, 0, 0, 45746), -- Crystal Focus
(376553, 5, 51622, 'Dead Fish', '', '', '', 0.400000005960464477, 0, 0, 0, 0, 0, 0, 0, 0, 0, 0, 0, 0, 0, 0, 0, 0, 0, 0, 0, 0, 0, 0, 0, 0, 0, 0, 0, 0, 0, 0, 0, 0, 0, 0, 0, 0, 45746), -- Dead Fish
(376304, 0, 72523, 'Cave In', '', '', '', 1, 0, 0, 0, 0, 0, 0, 0, 0, 0, 0, 0, 0, 0, 0, 0, 0, 0, 0, 0, 0, 0, 0, 0, 0, 0, 0, 0, 0, 0, 0, 0, 0, 0, 0, 0, 0, 45746), -- Cave In
(382006, 5, 74162, 'Soar Enhancer', '', '', '', 0.150000005960464477, 0, 0, 0, 0, 0, 0, 0, 0, 0, 0, 0, 0, 0, 0, 0, 0, 0, 0, 0, 0, 0, 0, 0, 0, 0, 0, 0, 0, 0, 0, 0, 0, 0, 0, 0, 0, 45746), -- Soar Enhancer
(375104, 10, 71833, 'The Vault', 'questinteract', 'Inspecting', '', 1, 43, 0, 0, 0, 0, 0, 0, 8405, 0, 0, 0, 0, 0, 0, 45353, 0, 0, 0, 0, 0, 1, 0, 0, 1, 0, 0, 0, 0, 0, 0, 0, 0, 0, 0, 0, 0, 45746), -- The Vault
(376211, 10, 74001, 'Crystal Key', '', 'Collecting', '', 0.5, 43, 0, 0, 0, 0, 0, 0, 0, 0, 0, 369753, 0, 0, 0, 19676, 0, 0, 0, 0, 0, 1, 0, 0, 1, 5048, 0, 0, 0, 0, 0, 0, 0, 0, 0, 0, 0, 45746), -- Crystal Key
(377884, 8, 75513, 'Everflame Brazier', '', '', '', 0.999999523162841796, 4, 10, 243896, 0, 0, 0, 0, 0, 0, 0, 0, 0, 0, 0, 0, 0, 0, 0, 0, 0, 0, 0, 0, 0, 0, 0, 0, 0, 0, 0, 0, 0, 0, 0, 0, 0, 45746), -- Everflame Brazier
(377887, 8, 75513, 'Everflame Brazier', '', '', '', 0.999999523162841796, 4, 10, 243896, 0, 0, 0, 0, 0, 0, 0, 0, 0, 0, 0, 0, 0, 0, 0, 0, 0, 0, 0, 0, 0, 0, 0, 0, 0, 0, 0, 0, 0, 0, 0, 0, 0, 45746), -- Everflame Brazier
(370526, 3, 71772, 'Rations', 'questinteract', 'Opening', '', 1.25, 43, 0, 1, 0, 0, 0, 0, 0, 0, 0, 0, 0, 0, 0, 21400, 0, 0, 0, 0, 0, 0, 0, 0, 0, 0, 0, 0, 0, 0, 0, 108935, 0, 0, 0, 0, 2150, 45746), -- Rations
(377893, 8, 75513, 'Everflame Brazier', '', '', '', 0.999999284744262695, 4, 10, 243896, 0, 0, 0, 0, 0, 0, 0, 0, 0, 0, 0, 0, 0, 0, 0, 0, 0, 0, 0, 0, 0, 0, 0, 0, 0, 0, 0, 0, 0, 0, 0, 0, 0, 45746), -- Everflame Brazier
(376124, 3, 75415, 'Bag of Enchanted Wind', '', 'Opening', '', 1, 43, 0, 1, 0, 1, 1, 0, 0, 0, 0, 0, 0, 0, 1, 21400, 0, 0, 0, 0, 2, 0, 0, 0, 0, 0, 0, 0, 0, 0, 5042, 110341, 0, 0, 0, 0, 2150, 45746), -- Bag of Enchanted Wind
(376692, 10, 74001, 'Crystal Key', 'questinteract', 'Collecting', '', 0.5, 43, 0, 0, 0, 0, 0, 0, 0, 0, 0, 371552, 0, 0, 0, 19676, 0, 0, 0, 0, 0, 1, 0, 0, 1, 0, 0, 0, 0, 0, 0, 0, 0, 0, 0, 0, 0, 45746), -- Crystal Key
(377891, 8, 75513, 'Everflame Brazier', '', '', '', 0.999999403953552246, 4, 10, 243896, 0, 0, 0, 0, 0, 0, 0, 0, 0, 0, 0, 0, 0, 0, 0, 0, 0, 0, 0, 0, 0, 0, 0, 0, 0, 0, 0, 0, 0, 0, 0, 0, 0, 45746), -- Everflame Brazier
(382005, 5, 76664, 'Soar Enhancer', '', '', '', 0.5, 0, 1, 0, 0, 0, 0, 0, 0, 0, 0, 0, 0, 0, 0, 0, 0, 0, 0, 0, 0, 0, 0, 0, 0, 0, 0, 0, 0, 0, 0, 0, 0, 0, 0, 0, 0, 45746), -- Soar Enhancer
(370528, 3, 71772, 'Crate of Warscale Armor', 'questinteract', 'Opening', '', 1.20000004768371582, 43, 0, 1, 0, 0, 0, 0, 0, 0, 0, 0, 0, 0, 0, 21400, 0, 0, 0, 0, 0, 0, 0, 0, 0, 0, 0, 0, 0, 0, 0, 108938, 0, 0, 0, 0, 2150, 45746), -- Crate of Warscale Armor
(377484, 5, 74834, 'Dragon Bookcase', '', '', '', 1, 0, 0, 0, 0, 0, 0, 0, 0, 0, 0, 0, 0, 0, 0, 0, 0, 0, 0, 0, 0, 0, 0, 0, 0, 0, 0, 0, 0, 0, 0, 0, 0, 0, 0, 0, 0, 45746), -- Dragon Bookcase
(376694, 10, 74000, 'Crystal Lock', 'questinteract', 'Placing', '', 0.5, 93, 0, 0, 0, 0, 0, 0, 0, 0, 0, 371553, 0, 0, 0, 35196, 0, 0, 0, 0, 0, 1, 0, 96934, 1, 0, 0, 0, 0, 0, 0, 0, 0, 0, 0, 0, 0, 45746), -- Crystal Lock
(377602, 5, 75485, 'Dark Talons', '', '', '', 0.929687023162841796, 0, 1, 0, 0, 0, 0, 0, 0, 0, 0, 0, 0, 0, 0, 0, 0, 0, 0, 0, 0, 0, 0, 0, 0, 0, 0, 0, 0, 0, 0, 0, 0, 0, 0, 0, 0, 45746), -- Dark Talons
(375420, 5, 73996, 'Debirs', '', '', '', 0.25, 0, 0, 0, 0, 0, 0, 0, 0, 0, 0, 0, 0, 0, 0, 0, 0, 0, 0, 0, 0, 0, 0, 0, 0, 0, 0, 0, 0, 0, 0, 0, 0, 0, 0, 0, 0, 45746), -- Debirs
(379062, 22, 73899, 'Emerald Blossom Infuser', '', '', '', 1, 371027, 0, 0, 0, 0, 96761, 1, 0, 0, 0, 0, 0, 0, 0, 0, 0, 0, 0, 0, 0, 0, 0, 0, 0, 0, 0, 0, 0, 0, 0, 0, 0, 0, 0, 0, 0, 45746), -- Emerald Blossom Infuser
(377606, 5, 74606, 'Dragon Crates Stack 02', '', '', '', 1, 0, 0, 0, 0, 0, 0, 0, 0, 0, 0, 0, 0, 0, 0, 0, 0, 0, 0, 0, 0, 0, 0, 0, 0, 0, 0, 0, 0, 0, 0, 0, 0, 0, 0, 0, 0, 45746), -- Dragon Crates Stack 02
(377311, 5, 11649, 'Meat Carcass', '', '', '', 0.5, 0, 0, 0, 0, 0, 0, 0, 0, 0, 0, 0, 0, 0, 0, 0, 0, 0, 0, 0, 0, 0, 0, 0, 0, 0, 0, 0, 0, 0, 0, 0, 0, 0, 0, 0, 0, 45746), -- Meat Carcass
(376213, 3, 61268, 'Mysterious Wand', '', 'Opening', '', 1, 43, 0, 1, 0, 1, 1, 0, 0, 0, 0, 0, 0, 0, 1, 21400, 0, 0, 0, 0, 2, 0, 0, 0, 0, 0, 0, 0, 0, 0, 5048, 110412, 0, 0, 0, 0, 2150, 45746), -- Mysterious Wand
(376984, 10, 76033, 'The Primal Path', 'questinteract', 'Inspecting', '', 0.5, 93, 0, 0, 0, 0, 0, 0, 0, 0, 0, 373378, 0, 0, 0, 45353, 0, 0, 0, 0, 0, 1, 0, 0, 1, 0, 0, 0, 0, 0, 0, 0, 0, 0, 0, 0, 0, 45746), -- The Primal Path
(376256, 0, 72523, 'Cave In', '', '', '', 1, 0, 0, 0, 0, 0, 0, 0, 0, 0, 0, 0, 0, 0, 0, 0, 0, 0, 0, 0, 0, 0, 0, 0, 0, 0, 0, 0, 0, 0, 0, 0, 0, 0, 0, 0, 0, 45746), -- Cave In
(377885, 8, 75513, 'Everflame Brazier', '', '', '', 0.999999523162841796, 4, 10, 243896, 0, 0, 0, 0, 0, 0, 0, 0, 0, 0, 0, 0, 0, 0, 0, 0, 0, 0, 0, 0, 0, 0, 0, 0, 0, 0, 0, 0, 0, 0, 0, 0, 0, 45746), -- Everflame Brazier
(382007, 5, 77527, 'Soar Enhancer', '', '', '', 0.150000005960464477, 0, 0, 0, 0, 0, 0, 0, 0, 0, 0, 0, 0, 0, 0, 0, 0, 0, 0, 0, 0, 0, 0, 0, 0, 0, 0, 0, 0, 0, 0, 0, 0, 0, 0, 0, 0, 45746), -- Soar Enhancer
(375503, 9, 73022, 'Edict: Obsidian Warders', '', '', '', 2, 8531, 11, 2, 0, 0, 0, 1000, 0, 0, 0, 0, 0, 0, 0, 0, 0, 0, 0, 0, 0, 0, 0, 0, 0, 0, 0, 0, 0, 0, 0, 0, 0, 0, 0, 0, 0, 45746), -- Edict: Obsidian Warders
(376749, 5, 74582, 'Crate', '', '', '', 0.75, 0, 0, 0, 1, 0, 0, 0, 0, 0, 0, 0, 0, 0, 0, 0, 0, 0, 0, 0, 0, 0, 0, 0, 0, 0, 0, 0, 0, 0, 0, 0, 0, 0, 0, 0, 0, 45746), -- Crate
(379057, 22, 73899, 'Emerald Blossom Infuser', '', '', '', 1, 371027, 0, 0, 0, 0, 96761, 1, 0, 0, 0, 0, 0, 0, 0, 0, 0, 0, 0, 0, 0, 0, 0, 0, 0, 0, 0, 0, 0, 0, 0, 0, 0, 0, 0, 0, 0, 45746), -- Emerald Blossom Infuser
(377890, 8, 75513, 'Everflame Brazier', '', '', '', 0.999999284744262695, 4, 10, 243896, 0, 0, 0, 0, 0, 0, 0, 0, 0, 0, 0, 0, 0, 0, 0, 0, 0, 0, 0, 0, 0, 0, 0, 0, 0, 0, 0, 0, 0, 0, 0, 0, 0, 45746), -- Everflame Brazier
(377892, 8, 75513, 'Everflame Brazier', '', '', '', 0.999999403953552246, 4, 10, 243896, 0, 0, 0, 0, 0, 0, 0, 0, 0, 0, 0, 0, 0, 0, 0, 0, 0, 0, 0, 0, 0, 0, 0, 0, 0, 0, 0, 0, 0, 0, 0, 0, 0, 45746), -- Everflame Brazier
(376021, 5, 35067, 'Ground Fog', '', '', '', 1, 0, 0, 0, 0, 0, 0, 0, 0, 0, 0, 0, 0, 0, 0, 0, 0, 0, 0, 0, 0, 0, 0, 0, 0, 0, 0, 0, 0, 0, 0, 0, 0, 0, 0, 0, 0, 45746), -- Ground Fog
(377535, 9, 75416, 'Old Scroll', '', '', '', 1, 8597, 0, 0, 0, 0, 0, 0, 0, 0, 0, 0, 0, 0, 0, 0, 0, 0, 0, 0, 0, 0, 0, 0, 0, 0, 0, 0, 0, 0, 0, 0, 0, 0, 0, 0, 0, 45746), -- Old Scroll
(377023, 5, 74871, 'Ebon Scales', '', '', '', 1, 0, 1, 0, 0, 0, 0, 0, 0, 0, 0, 0, 0, 0, 0, 0, 0, 0, 0, 0, 0, 0, 0, 0, 0, 0, 0, 0, 0, 0, 0, 0, 0, 0, 0, 0, 0, 45746), -- Ebon Scales
(376222, 5, 73899, 'Crystal Focus', '', '', '', 0.5, 0, 0, 0, 0, 0, 0, 0, 0, 0, 0, 0, 0, 0, 0, 0, 0, 0, 0, 0, 0, 0, 0, 0, 0, 0, 0, 0, 0, 0, 0, 0, 0, 0, 0, 0, 0, 45746), -- Crystal Focus
(378005, 5, 75659, 'Soar Ring', '', '', '', 1, 0, 0, 0, 1, 0, 0, 0, 0, 0, 0, 0, 0, 0, 0, 0, 0, 0, 0, 0, 0, 0, 0, 0, 0, 0, 0, 0, 0, 0, 0, 0, 0, 0, 0, 0, 0, 45746), -- Soar Ring
(376744, 5, 74221, 'Crate', '', '', '', 1, 0, 0, 0, 1, 0, 0, 0, 0, 0, 0, 0, 0, 0, 0, 0, 0, 0, 0, 0, 0, 0, 0, 0, 0, 0, 0, 0, 0, 0, 0, 0, 0, 0, 0, 0, 0, 45746), -- Crate
(377464, 5, 6132, 'Dracthyr Skeleton', '', '', '', 0.75, 0, 0, 0, 0, 0, 0, 0, 0, 0, 0, 0, 0, 0, 0, 0, 0, 0, 0, 0, 0, 0, 0, 0, 0, 0, 0, 0, 0, 0, 0, 0, 0, 0, 0, 0, 0, 45746), -- Dracthyr Skeleton
(377526, 5, 74448, 'Primalist Altar', '', '', '', 1, 0, 0, 0, 0, 0, 0, 0, 0, 0, 0, 0, 0, 0, 0, 0, 0, 0, 0, 0, 0, 0, 0, 0, 0, 0, 0, 0, 0, 0, 0, 0, 0, 0, 0, 0, 0, 45746), -- Primalist Altar
(377530, 5, 74472, 'Primalist Water Scepter', '', '', '', 0.300000011920928955, 0, 0, 0, 0, 0, 0, 0, 0, 0, 0, 0, 0, 0, 0, 0, 0, 0, 0, 0, 0, 0, 0, 0, 0, 0, 0, 0, 0, 0, 0, 0, 0, 0, 0, 0, 0, 45746), -- Primalist Water Scepter
(377600, 5, 75485, 'Dark Talons', '', '', '', 0.929686784744262695, 0, 1, 0, 0, 0, 0, 0, 0, 0, 0, 0, 0, 0, 0, 0, 0, 0, 0, 0, 0, 0, 0, 0, 0, 0, 0, 0, 0, 0, 0, 0, 0, 0, 0, 0, 0, 45746), -- Dark Talons
(377896, 8, 73375, 'Everflame Brazier', '', '', '', 0.999999105930328369, 4, 10, 243896, 0, 0, 0, 0, 0, 0, 0, 0, 0, 0, 0, 0, 0, 0, 0, 0, 0, 0, 0, 0, 0, 0, 0, 0, 0, 0, 0, 0, 0, 0, 0, 0, 0, 45746), -- Everflame Brazier
(377029, 5, 74638, 'Dark Talons', '', '', '', 1, 0, 1, 0, 0, 0, 0, 0, 0, 0, 0, 0, 0, 0, 0, 0, 0, 0, 0, 0, 0, 0, 0, 0, 0, 0, 0, 0, 0, 0, 0, 0, 0, 0, 0, 0, 0, 45746), -- Dark Talons
(376530, 3, 71833, 'Report: Infestation', 'questinteract', 'Collecting', '', 1, 43, 0, 1, 0, 0, 0, 0, 0, 0, 0, 0, 1, 0, 0, 19676, 0, 0, 0, 0, 0, 0, 0, 0, 0, 0, 0, 0, 0, 0, 0, 110575, 0, 0, 0, 0, 2419, 45746), -- Report: Infestation
(377529, 5, 75227, 'Primalist Fire Scepter', '', '', '', 0.300000011920928955, 0, 0, 0, 0, 0, 0, 0, 0, 0, 0, 0, 0, 0, 0, 0, 0, 0, 0, 0, 0, 0, 0, 0, 0, 0, 0, 0, 0, 0, 0, 0, 0, 0, 0, 0, 0, 45746), -- Primalist Fire Scepter
(377591, 8, 75250, 'Lingering Everflame', '', '', '', 0.999999761581420898, 4, 10, 243896, 0, 0, 0, 0, 0, 0, 0, 0, 0, 0, 0, 0, 0, 0, 0, 0, 0, 0, 0, 0, 0, 0, 0, 0, 0, 0, 0, 0, 0, 0, 0, 0, 0, 45746), -- Lingering Everflame
(376215, 5, 74000, 'Crystal Lock', '', '', '', 0.5, 0, 0, 0, 0, 0, 0, 0, 0, 0, 0, 0, 0, 0, 0, 0, 0, 0, 0, 0, 0, 0, 0, 0, 0, 0, 0, 0, 0, 0, 0, 0, 0, 0, 0, 0, 0, 45746), -- Crystal Lock
(377597, 5, 75485, 'Dark Talons', '', '', '', 0.999999523162841796, 0, 1, 0, 0, 0, 0, 0, 0, 0, 0, 0, 0, 0, 0, 0, 0, 0, 0, 0, 0, 0, 0, 0, 0, 0, 0, 0, 0, 0, 0, 0, 0, 0, 0, 0, 0, 45746), -- Dark Talons
(376143, 22, 73899, 'Fire Breath Infuser', '', '', '', 1, 369495, 0, 0, 0, 0, 96287, 1, 0, 0, 0, 0, 0, 0, 0, 0, 0, 0, 0, 0, 0, 0, 0, 0, 0, 0, 0, 0, 0, 0, 0, 0, 0, 0, 0, 0, 0, 45746), -- Fire Breath Infuser
(377894, 8, 75513, 'Everflame Brazier', '', '', '', 0.99999934434890747, 4, 10, 243896, 0, 0, 0, 0, 0, 0, 0, 0, 0, 0, 0, 0, 0, 0, 0, 0, 0, 0, 0, 0, 0, 0, 0, 0, 0, 0, 0, 0, 0, 0, 0, 0, 0, 45746), -- Everflame Brazier
(377895, 8, 75513, 'Everflame Brazier', '', '', '', 0.999999642372131347, 4, 10, 243896, 0, 0, 0, 0, 0, 0, 0, 0, 0, 0, 0, 0, 0, 0, 0, 0, 0, 0, 0, 0, 0, 0, 0, 0, 0, 0, 0, 0, 0, 0, 0, 0, 0, 45746), -- Everflame Brazier
(381639, 9, 73022, 'Edict: The Healing Wings', '', '', '', 2, 8635, 11, 2, 0, 0, 0, 1000, 0, 0, 0, 0, 0, 0, 0, 0, 0, 0, 0, 0, 0, 0, 0, 0, 0, 0, 0, 0, 0, 0, 0, 0, 0, 0, 0, 0, 0, 45746), -- Edict: The Healing Wings
(376142, 0, 73898, 'Arcane Barrier', '', '', '', 1, 0, 0, 0, 0, 0, 0, 0, 0, 0, 0, 1, 0, 0, 0, 0, 0, 0, 0, 0, 0, 0, 0, 0, 0, 0, 0, 0, 0, 0, 0, 0, 0, 0, 0, 0, 0, 45746), -- Arcane Barrier
(376177, 0, 73889, 'Froststone Vault Seal', '', '', '', 1, 0, 0, 0, 0, 0, 0, 0, 0, 0, 0, 0, 0, 0, 0, 0, 0, 0, 0, 0, 0, 0, 0, 0, 0, 0, 0, 0, 0, 0, 0, 0, 0, 0, 0, 0, 0, 45746), -- Froststone Vault Seal
(377889, 8, 75513, 'Everflame Brazier', '', '', '', 0.999999582767486572, 4, 10, 243896, 0, 0, 0, 0, 0, 0, 0, 0, 0, 0, 0, 0, 0, 0, 0, 0, 0, 0, 0, 0, 0, 0, 0, 0, 0, 0, 0, 0, 0, 0, 0, 0, 0, 45746), -- Everflame Brazier
(377486, 5, 75378, 'Dragon Bookcase Connector', '', '', '', 1, 0, 0, 0, 0, 0, 0, 0, 0, 0, 0, 0, 0, 0, 0, 0, 0, 0, 0, 0, 0, 0, 0, 0, 0, 0, 0, 0, 0, 0, 0, 0, 0, 0, 0, 0, 0, 45746); -- Dragon Bookcase Connector

UPDATE `gameobject_template` SET `VerifiedBuild`=45746 WHERE `entry` IN (206736, 175787, 180007, 50803, 204608, 204192, 204606, 204209, 207146, 35591, 207149, 204604, 293684, 327134, 197285, 197260, 204625, 204194, 197322, 204698, 207097, 339344, 204640, 206726, 204699, 323851, 197323, 195273, 206740, 204611, 195266, 206741, 204200, 186229, 105576, 204721, 323850, 175788, 204720, 197284, 207632, 204662, 205056, 179707, 278281, 204664, 204188, 197312, 206549, 207688, 204725, 323849, 204663, 350063, 252303, 327133, 307614, 206110, 204657, 197309, 323855, 206737, 204603, 50805, 298892, 206546, 204211, 207099, 205109, 197307, 204666, 197315, 204678, 204647, 203977, 204605, 204631, 206508, 204207, 180749, 206610, 204208, 204199, 251028, 186680, 204610, 197279, 376803, 204724, 204628, 195260, 204621, 325998, 203969, 205108, 207101, 204655, 204626, 204722, 207687, 326077, 326705, 204193, 204602, 207690, 205091, 195263, 204723, 204163, 204726, 204212, 152614, 205142, 325994, 326138, 197207, 204195, 204688, 223739, 204180, 204700, 195264, 208054, 326104, 202590, 206729, 197278, 195265, 332214, 186681, 206509, 186737, 197313, 197311, 202815, 326106, 204645, 206547, 323854, 204651, 204213, 243462, 204658, 204679, 206735, 206733, 204179, 273293, 206609, 203471, 207148, 186238, 327165, 204189, 206538, 355229, 197287, 204202, 204624, 221482, 237942, 206727, 204205, 223814, 204639, 323852, 204719, 207147, 273300, 204727, 326067, 207100, 207689, 204710, 204186, 204201, 207094, 206709, 204601, 206608, 197276, 207686, 206708, 202717, 204623, 204729, 195256, 204210, 175080, 50804, 207634, 204656, 207414, 204215, 206548, 243461, 281340, 197280, 197257, 376794, 190549, 273286, 197314, 204214, 207098, 206595, 204609, 204730, 376796, 204665, 206732, 204198, 269949, 186682, 204607, 259114, 204646, 197286, 206995, 203979, 376514, 206545, 243459, 207096, 204197, 204177, 206725, 186717, 204632, 323853, 243460, 206529, 204634, 204620, 204643, 204709, 204622, 207150, 212212, 204176, 204191, 202810, 204600, 210181, 204196, 207635, 206539, 204184, 268690, 281107, 204627, 197261, 204633, 375041, 195253, 197259, 206730, 197310, 204650, 206530);
UPDATE `gameobject_template` SET `ContentTuningId`=298, `VerifiedBuild`=45746 WHERE `entry`=326139; -- Alcohol-Free Brewfest Sampler

DELETE FROM `gameobject_questitem` WHERE (`Idx`=0 AND `GameObjectEntry` IN (370527,370526,370528,376530));
INSERT INTO `gameobject_questitem` (`GameObjectEntry`, `Idx`, `ItemId`, `VerifiedBuild`) VALUES
(370527, 0, 187852, 45746), -- Weapon Rack
(370526, 0, 187855, 45746), -- Rations
(370528, 0, 187853, 45746), -- Crate of Warscale Armor
(376530, 0, 191733, 45746); -- Report: Infestation

UPDATE `gameobject_questitem` SET `VerifiedBuild`=45746 WHERE (`Idx`=0 AND `GameObjectEntry` IN (203977,203969,203979));

