-- all hotfixes

REPLACE INTO `hotfix_data` (`Id`, `UniqueId`, `TableHash`, `RecordId`, `Status`, `VerifiedBuild`) VALUES (710000, 710000, 13330255, 710001, 1, 0);
REPLACE INTO `hotfix_data` (`Id`, `UniqueId`, `TableHash`, `RecordId`, `Status`, `VerifiedBuild`) VALUES (710000, 710000, 13330255, 710002, 1, 0);
REPLACE INTO `hotfix_data` (`Id`, `UniqueId`, `TableHash`, `RecordId`, `Status`, `VerifiedBuild`) VALUES (710000, 710000, 13330255, 710003, 1, 0);
REPLACE INTO `hotfix_data` (`Id`, `UniqueId`, `TableHash`, `RecordId`, `Status`, `VerifiedBuild`) VALUES (710000, 710000, 13330255, 710004, 1, 0);
REPLACE INTO `hotfix_data` (`Id`, `UniqueId`, `TableHash`, `RecordId`, `Status`, `VerifiedBuild`) VALUES (710000, 710000, 13330255, 710005, 1, 0);
REPLACE INTO `hotfix_data` (`Id`, `UniqueId`, `TableHash`, `RecordId`, `Status`, `VerifiedBuild`) VALUES (710000, 710000, 13330255, 710006, 1, 0);
REPLACE INTO `hotfix_data` (`Id`, `UniqueId`, `TableHash`, `RecordId`, `Status`, `VerifiedBuild`) VALUES (710000, 710000, 13330255, 710007, 1, 0);
REPLACE INTO `hotfix_data` (`Id`, `UniqueId`, `TableHash`, `RecordId`, `Status`, `VerifiedBuild`) VALUES (710000, 710000, 13330255, 710008, 1, 0);
REPLACE INTO `hotfix_data` (`Id`, `UniqueId`, `TableHash`, `RecordId`, `Status`, `VerifiedBuild`) VALUES (710000, 710000, 13330255, 710009, 1, 0);
REPLACE INTO `hotfix_data` (`Id`, `UniqueId`, `TableHash`, `RecordId`, `Status`, `VerifiedBuild`) VALUES (710000, 710000, 13330255, 710010, 1, 0);
REPLACE INTO `hotfix_data` (`Id`, `UniqueId`, `TableHash`, `RecordId`, `Status`, `VerifiedBuild`) VALUES (710000, 710000, 844464874, 710000, 1, 0);
REPLACE INTO `hotfix_data` (`Id`, `UniqueId`, `TableHash`, `RecordId`, `Status`, `VerifiedBuild`) VALUES (710000, 710000, 1344507586, 178927, 1, 0);
REPLACE INTO `hotfix_data` (`Id`, `UniqueId`, `TableHash`, `RecordId`, `Status`, `VerifiedBuild`) VALUES (710000, 710000, 1344507586, 710000, 1, 0);
REPLACE INTO `hotfix_data` (`Id`, `UniqueId`, `TableHash`, `RecordId`, `Status`, `VerifiedBuild`) VALUES (710000, 710000, 1344507586, 710001, 1, 0);
REPLACE INTO `hotfix_data` (`Id`, `UniqueId`, `TableHash`, `RecordId`, `Status`, `VerifiedBuild`) VALUES (710000, 710000, 1344507586, 710002, 1, 0);
REPLACE INTO `hotfix_data` (`Id`, `UniqueId`, `TableHash`, `RecordId`, `Status`, `VerifiedBuild`) VALUES (710000, 710000, 1344507586, 710003, 1, 0);
REPLACE INTO `hotfix_data` (`Id`, `UniqueId`, `TableHash`, `RecordId`, `Status`, `VerifiedBuild`) VALUES (710000, 710000, 1344507586, 710004, 1, 0);
REPLACE INTO `hotfix_data` (`Id`, `UniqueId`, `TableHash`, `RecordId`, `Status`, `VerifiedBuild`) VALUES (710000, 710000, 1344507586, 710005, 1, 0);
REPLACE INTO `hotfix_data` (`Id`, `UniqueId`, `TableHash`, `RecordId`, `Status`, `VerifiedBuild`) VALUES (710000, 710000, 1344507586, 710006, 1, 0);
REPLACE INTO `hotfix_data` (`Id`, `UniqueId`, `TableHash`, `RecordId`, `Status`, `VerifiedBuild`) VALUES (710000, 710000, 1344507586, 710007, 1, 0);
REPLACE INTO `hotfix_data` (`Id`, `UniqueId`, `TableHash`, `RecordId`, `Status`, `VerifiedBuild`) VALUES (710000, 710000, 1344507586, 710050, 1, 0);
REPLACE INTO `hotfix_data` (`Id`, `UniqueId`, `TableHash`, `RecordId`, `Status`, `VerifiedBuild`) VALUES (710000, 710000, 1344507586, 710051, 1, 0);
REPLACE INTO `hotfix_data` (`Id`, `UniqueId`, `TableHash`, `RecordId`, `Status`, `VerifiedBuild`) VALUES (710000, 710000, 1344507586, 710052, 1, 0);
REPLACE INTO `hotfix_data` (`Id`, `UniqueId`, `TableHash`, `RecordId`, `Status`, `VerifiedBuild`) VALUES (710000, 710000, 1344507586, 710053, 1, 0);
REPLACE INTO `hotfix_data` (`Id`, `UniqueId`, `TableHash`, `RecordId`, `Status`, `VerifiedBuild`) VALUES (710000, 710000, 1344507586, 710054, 1, 0);
REPLACE INTO `hotfix_data` (`Id`, `UniqueId`, `TableHash`, `RecordId`, `Status`, `VerifiedBuild`) VALUES (710000, 710000, 1344507586, 710055, 1, 0);
REPLACE INTO `hotfix_data` (`Id`, `UniqueId`, `TableHash`, `RecordId`, `Status`, `VerifiedBuild`) VALUES (710000, 710000, 1344507586, 710056, 1, 0);
REPLACE INTO `hotfix_data` (`Id`, `UniqueId`, `TableHash`, `RecordId`, `Status`, `VerifiedBuild`) VALUES (710000, 710000, 1344507586, 710057, 1, 0);
REPLACE INTO `hotfix_data` (`Id`, `UniqueId`, `TableHash`, `RecordId`, `Status`, `VerifiedBuild`) VALUES (710000, 710000, 1344507586, 710058, 1, 0);
REPLACE INTO `hotfix_data` (`Id`, `UniqueId`, `TableHash`, `RecordId`, `Status`, `VerifiedBuild`) VALUES (710000, 710000, 1344507586, 710059, 1, 0);
REPLACE INTO `hotfix_data` (`Id`, `UniqueId`, `TableHash`, `RecordId`, `Status`, `VerifiedBuild`) VALUES (710000, 710000, 1344507586, 710060, 1, 0);
REPLACE INTO `hotfix_data` (`Id`, `UniqueId`, `TableHash`, `RecordId`, `Status`, `VerifiedBuild`) VALUES (710000, 710000, 1344507586, 710061, 1, 0);
REPLACE INTO `hotfix_data` (`Id`, `UniqueId`, `TableHash`, `RecordId`, `Status`, `VerifiedBuild`) VALUES (710000, 710000, 1891821565, 30030, 1, 0);
REPLACE INTO `hotfix_data` (`Id`, `UniqueId`, `TableHash`, `RecordId`, `Status`, `VerifiedBuild`) VALUES (710000, 710000, 1891821565, 30040, 1, 0);
REPLACE INTO `hotfix_data` (`Id`, `UniqueId`, `TableHash`, `RecordId`, `Status`, `VerifiedBuild`) VALUES (710000, 710000, 1891821565, 30050, 1, 0);
REPLACE INTO `hotfix_data` (`Id`, `UniqueId`, `TableHash`, `RecordId`, `Status`, `VerifiedBuild`) VALUES (710000, 710000, 1891821565, 30060, 1, 0);
REPLACE INTO `hotfix_data` (`Id`, `UniqueId`, `TableHash`, `RecordId`, `Status`, `VerifiedBuild`) VALUES (710000, 710000, 1891821565, 30070, 1, 0);
REPLACE INTO `hotfix_data` (`Id`, `UniqueId`, `TableHash`, `RecordId`, `Status`, `VerifiedBuild`) VALUES (710000, 710000, 1891821565, 30080, 1, 0);
REPLACE INTO `hotfix_data` (`Id`, `UniqueId`, `TableHash`, `RecordId`, `Status`, `VerifiedBuild`) VALUES (710000, 710000, 1891821565, 30090, 1, 0);
REPLACE INTO `hotfix_data` (`Id`, `UniqueId`, `TableHash`, `RecordId`, `Status`, `VerifiedBuild`) VALUES (710000, 710000, 2075795121, 710000, 1, 0);
REPLACE INTO `hotfix_data` (`Id`, `UniqueId`, `TableHash`, `RecordId`, `Status`, `VerifiedBuild`) VALUES (710000, 710000, 2199425034, 30030, 1, 0);
REPLACE INTO `hotfix_data` (`Id`, `UniqueId`, `TableHash`, `RecordId`, `Status`, `VerifiedBuild`) VALUES (710000, 710000, 2199425034, 30031, 1, 0);
REPLACE INTO `hotfix_data` (`Id`, `UniqueId`, `TableHash`, `RecordId`, `Status`, `VerifiedBuild`) VALUES (710000, 710000, 2199425034, 30032, 1, 0);
REPLACE INTO `hotfix_data` (`Id`, `UniqueId`, `TableHash`, `RecordId`, `Status`, `VerifiedBuild`) VALUES (710000, 710000, 2199425034, 30033, 1, 0);
REPLACE INTO `hotfix_data` (`Id`, `UniqueId`, `TableHash`, `RecordId`, `Status`, `VerifiedBuild`) VALUES (710000, 710000, 2199425034, 30034, 1, 0);
REPLACE INTO `hotfix_data` (`Id`, `UniqueId`, `TableHash`, `RecordId`, `Status`, `VerifiedBuild`) VALUES (710000, 710000, 2199425034, 30035, 1, 0);
REPLACE INTO `hotfix_data` (`Id`, `UniqueId`, `TableHash`, `RecordId`, `Status`, `VerifiedBuild`) VALUES (710000, 710000, 2199425034, 30040, 1, 0);
REPLACE INTO `hotfix_data` (`Id`, `UniqueId`, `TableHash`, `RecordId`, `Status`, `VerifiedBuild`) VALUES (710000, 710000, 2199425034, 30041, 1, 0);
REPLACE INTO `hotfix_data` (`Id`, `UniqueId`, `TableHash`, `RecordId`, `Status`, `VerifiedBuild`) VALUES (710000, 710000, 2199425034, 30042, 1, 0);
REPLACE INTO `hotfix_data` (`Id`, `UniqueId`, `TableHash`, `RecordId`, `Status`, `VerifiedBuild`) VALUES (710000, 710000, 2199425034, 30043, 1, 0);
REPLACE INTO `hotfix_data` (`Id`, `UniqueId`, `TableHash`, `RecordId`, `Status`, `VerifiedBuild`) VALUES (710000, 710000, 2199425034, 30044, 1, 0);
REPLACE INTO `hotfix_data` (`Id`, `UniqueId`, `TableHash`, `RecordId`, `Status`, `VerifiedBuild`) VALUES (710000, 710000, 2199425034, 30045, 1, 0);
REPLACE INTO `hotfix_data` (`Id`, `UniqueId`, `TableHash`, `RecordId`, `Status`, `VerifiedBuild`) VALUES (710000, 710000, 2199425034, 30046, 1, 0);
REPLACE INTO `hotfix_data` (`Id`, `UniqueId`, `TableHash`, `RecordId`, `Status`, `VerifiedBuild`) VALUES (710000, 710000, 2199425034, 30050, 1, 0);
REPLACE INTO `hotfix_data` (`Id`, `UniqueId`, `TableHash`, `RecordId`, `Status`, `VerifiedBuild`) VALUES (710000, 710000, 2199425034, 30051, 1, 0);
REPLACE INTO `hotfix_data` (`Id`, `UniqueId`, `TableHash`, `RecordId`, `Status`, `VerifiedBuild`) VALUES (710000, 710000, 2199425034, 30052, 1, 0);
REPLACE INTO `hotfix_data` (`Id`, `UniqueId`, `TableHash`, `RecordId`, `Status`, `VerifiedBuild`) VALUES (710000, 710000, 2199425034, 30053, 1, 0);
REPLACE INTO `hotfix_data` (`Id`, `UniqueId`, `TableHash`, `RecordId`, `Status`, `VerifiedBuild`) VALUES (710000, 710000, 2199425034, 30054, 1, 0);
REPLACE INTO `hotfix_data` (`Id`, `UniqueId`, `TableHash`, `RecordId`, `Status`, `VerifiedBuild`) VALUES (710000, 710000, 2199425034, 30055, 1, 0);
REPLACE INTO `hotfix_data` (`Id`, `UniqueId`, `TableHash`, `RecordId`, `Status`, `VerifiedBuild`) VALUES (710000, 710000, 2199425034, 30060, 1, 0);
REPLACE INTO `hotfix_data` (`Id`, `UniqueId`, `TableHash`, `RecordId`, `Status`, `VerifiedBuild`) VALUES (710000, 710000, 2199425034, 30061, 1, 0);
REPLACE INTO `hotfix_data` (`Id`, `UniqueId`, `TableHash`, `RecordId`, `Status`, `VerifiedBuild`) VALUES (710000, 710000, 2199425034, 30062, 1, 0);
REPLACE INTO `hotfix_data` (`Id`, `UniqueId`, `TableHash`, `RecordId`, `Status`, `VerifiedBuild`) VALUES (710000, 710000, 2199425034, 30063, 1, 0);
REPLACE INTO `hotfix_data` (`Id`, `UniqueId`, `TableHash`, `RecordId`, `Status`, `VerifiedBuild`) VALUES (710000, 710000, 2199425034, 30064, 1, 0);
REPLACE INTO `hotfix_data` (`Id`, `UniqueId`, `TableHash`, `RecordId`, `Status`, `VerifiedBuild`) VALUES (710000, 710000, 2199425034, 30065, 1, 0);
REPLACE INTO `hotfix_data` (`Id`, `UniqueId`, `TableHash`, `RecordId`, `Status`, `VerifiedBuild`) VALUES (710000, 710000, 2199425034, 30070, 1, 0);
REPLACE INTO `hotfix_data` (`Id`, `UniqueId`, `TableHash`, `RecordId`, `Status`, `VerifiedBuild`) VALUES (710000, 710000, 2199425034, 30071, 1, 0);
REPLACE INTO `hotfix_data` (`Id`, `UniqueId`, `TableHash`, `RecordId`, `Status`, `VerifiedBuild`) VALUES (710000, 710000, 2199425034, 30072, 1, 0);
REPLACE INTO `hotfix_data` (`Id`, `UniqueId`, `TableHash`, `RecordId`, `Status`, `VerifiedBuild`) VALUES (710000, 710000, 2199425034, 30073, 1, 0);
REPLACE INTO `hotfix_data` (`Id`, `UniqueId`, `TableHash`, `RecordId`, `Status`, `VerifiedBuild`) VALUES (710000, 710000, 2199425034, 30074, 1, 0);
REPLACE INTO `hotfix_data` (`Id`, `UniqueId`, `TableHash`, `RecordId`, `Status`, `VerifiedBuild`) VALUES (710000, 710000, 2199425034, 30075, 1, 0);
REPLACE INTO `hotfix_data` (`Id`, `UniqueId`, `TableHash`, `RecordId`, `Status`, `VerifiedBuild`) VALUES (710000, 710000, 2199425034, 30080, 1, 0);
REPLACE INTO `hotfix_data` (`Id`, `UniqueId`, `TableHash`, `RecordId`, `Status`, `VerifiedBuild`) VALUES (710000, 710000, 2199425034, 30081, 1, 0);
REPLACE INTO `hotfix_data` (`Id`, `UniqueId`, `TableHash`, `RecordId`, `Status`, `VerifiedBuild`) VALUES (710000, 710000, 2199425034, 30082, 1, 0);
REPLACE INTO `hotfix_data` (`Id`, `UniqueId`, `TableHash`, `RecordId`, `Status`, `VerifiedBuild`) VALUES (710000, 710000, 2199425034, 30083, 1, 0);
REPLACE INTO `hotfix_data` (`Id`, `UniqueId`, `TableHash`, `RecordId`, `Status`, `VerifiedBuild`) VALUES (710000, 710000, 2199425034, 30084, 1, 0);
REPLACE INTO `hotfix_data` (`Id`, `UniqueId`, `TableHash`, `RecordId`, `Status`, `VerifiedBuild`) VALUES (710000, 710000, 2199425034, 30085, 1, 0);
REPLACE INTO `hotfix_data` (`Id`, `UniqueId`, `TableHash`, `RecordId`, `Status`, `VerifiedBuild`) VALUES (710000, 710000, 2199425034, 30090, 1, 0);
REPLACE INTO `hotfix_data` (`Id`, `UniqueId`, `TableHash`, `RecordId`, `Status`, `VerifiedBuild`) VALUES (710000, 710000, 2199425034, 30091, 1, 0);
REPLACE INTO `hotfix_data` (`Id`, `UniqueId`, `TableHash`, `RecordId`, `Status`, `VerifiedBuild`) VALUES (710000, 710000, 2199425034, 30092, 1, 0);
REPLACE INTO `hotfix_data` (`Id`, `UniqueId`, `TableHash`, `RecordId`, `Status`, `VerifiedBuild`) VALUES (710000, 710000, 2199425034, 30093, 1, 0);
REPLACE INTO `hotfix_data` (`Id`, `UniqueId`, `TableHash`, `RecordId`, `Status`, `VerifiedBuild`) VALUES (710000, 710000, 2199425034, 30094, 1, 0);
REPLACE INTO `hotfix_data` (`Id`, `UniqueId`, `TableHash`, `RecordId`, `Status`, `VerifiedBuild`) VALUES (710000, 710000, 2199425034, 30095, 1, 0);
REPLACE INTO `hotfix_data` (`Id`, `UniqueId`, `TableHash`, `RecordId`, `Status`, `VerifiedBuild`) VALUES (710000, 710000, 2268794270, 500, 1, 0);
REPLACE INTO `hotfix_data` (`Id`, `UniqueId`, `TableHash`, `RecordId`, `Status`, `VerifiedBuild`) VALUES (710000, 710000, 2268794270, 501, 1, 0);
REPLACE INTO `hotfix_data` (`Id`, `UniqueId`, `TableHash`, `RecordId`, `Status`, `VerifiedBuild`) VALUES (710000, 710000, 2268794270, 502, 1, 0);
REPLACE INTO `hotfix_data` (`Id`, `UniqueId`, `TableHash`, `RecordId`, `Status`, `VerifiedBuild`) VALUES (710000, 710000, 2268794270, 503, 1, 0);
REPLACE INTO `hotfix_data` (`Id`, `UniqueId`, `TableHash`, `RecordId`, `Status`, `VerifiedBuild`) VALUES (710000, 710000, 2268794270, 504, 1, 0);
REPLACE INTO `hotfix_data` (`Id`, `UniqueId`, `TableHash`, `RecordId`, `Status`, `VerifiedBuild`) VALUES (710000, 710000, 2268794270, 505, 1, 0);
REPLACE INTO `hotfix_data` (`Id`, `UniqueId`, `TableHash`, `RecordId`, `Status`, `VerifiedBuild`) VALUES (710000, 710000, 2268794270, 506, 1, 0);
REPLACE INTO `hotfix_data` (`Id`, `UniqueId`, `TableHash`, `RecordId`, `Status`, `VerifiedBuild`) VALUES (710000, 710000, 2442913102, 178927, 1, 0);
REPLACE INTO `hotfix_data` (`Id`, `UniqueId`, `TableHash`, `RecordId`, `Status`, `VerifiedBuild`) VALUES (710000, 710000, 2442913102, 710000, 1, 0);
REPLACE INTO `hotfix_data` (`Id`, `UniqueId`, `TableHash`, `RecordId`, `Status`, `VerifiedBuild`) VALUES (710000, 710000, 2442913102, 710001, 1, 0);
REPLACE INTO `hotfix_data` (`Id`, `UniqueId`, `TableHash`, `RecordId`, `Status`, `VerifiedBuild`) VALUES (710000, 710000, 2442913102, 710002, 1, 0);
REPLACE INTO `hotfix_data` (`Id`, `UniqueId`, `TableHash`, `RecordId`, `Status`, `VerifiedBuild`) VALUES (710000, 710000, 2442913102, 710003, 1, 0);
REPLACE INTO `hotfix_data` (`Id`, `UniqueId`, `TableHash`, `RecordId`, `Status`, `VerifiedBuild`) VALUES (710000, 710000, 2442913102, 710004, 1, 0);
REPLACE INTO `hotfix_data` (`Id`, `UniqueId`, `TableHash`, `RecordId`, `Status`, `VerifiedBuild`) VALUES (710000, 710000, 2442913102, 710005, 1, 0);
REPLACE INTO `hotfix_data` (`Id`, `UniqueId`, `TableHash`, `RecordId`, `Status`, `VerifiedBuild`) VALUES (710000, 710000, 2442913102, 710006, 1, 0);
REPLACE INTO `hotfix_data` (`Id`, `UniqueId`, `TableHash`, `RecordId`, `Status`, `VerifiedBuild`) VALUES (710000, 710000, 2442913102, 710007, 1, 0);
REPLACE INTO `hotfix_data` (`Id`, `UniqueId`, `TableHash`, `RecordId`, `Status`, `VerifiedBuild`) VALUES (710000, 710000, 2442913102, 710050, 1, 0);
REPLACE INTO `hotfix_data` (`Id`, `UniqueId`, `TableHash`, `RecordId`, `Status`, `VerifiedBuild`) VALUES (710000, 710000, 2442913102, 710051, 1, 0);
REPLACE INTO `hotfix_data` (`Id`, `UniqueId`, `TableHash`, `RecordId`, `Status`, `VerifiedBuild`) VALUES (710000, 710000, 2442913102, 710052, 1, 0);
REPLACE INTO `hotfix_data` (`Id`, `UniqueId`, `TableHash`, `RecordId`, `Status`, `VerifiedBuild`) VALUES (710000, 710000, 2442913102, 710053, 1, 0);
REPLACE INTO `hotfix_data` (`Id`, `UniqueId`, `TableHash`, `RecordId`, `Status`, `VerifiedBuild`) VALUES (710000, 710000, 2442913102, 710054, 1, 0);
REPLACE INTO `hotfix_data` (`Id`, `UniqueId`, `TableHash`, `RecordId`, `Status`, `VerifiedBuild`) VALUES (710000, 710000, 2442913102, 710055, 1, 0);
REPLACE INTO `hotfix_data` (`Id`, `UniqueId`, `TableHash`, `RecordId`, `Status`, `VerifiedBuild`) VALUES (710000, 710000, 2442913102, 710056, 1, 0);
REPLACE INTO `hotfix_data` (`Id`, `UniqueId`, `TableHash`, `RecordId`, `Status`, `VerifiedBuild`) VALUES (710000, 710000, 2442913102, 710057, 1, 0);
REPLACE INTO `hotfix_data` (`Id`, `UniqueId`, `TableHash`, `RecordId`, `Status`, `VerifiedBuild`) VALUES (710000, 710000, 2442913102, 710058, 1, 0);
REPLACE INTO `hotfix_data` (`Id`, `UniqueId`, `TableHash`, `RecordId`, `Status`, `VerifiedBuild`) VALUES (710000, 710000, 2442913102, 710059, 1, 0);
REPLACE INTO `hotfix_data` (`Id`, `UniqueId`, `TableHash`, `RecordId`, `Status`, `VerifiedBuild`) VALUES (710000, 710000, 2442913102, 710060, 1, 0);
REPLACE INTO `hotfix_data` (`Id`, `UniqueId`, `TableHash`, `RecordId`, `Status`, `VerifiedBuild`) VALUES (710000, 710000, 2442913102, 710061, 1, 0);
REPLACE INTO `hotfix_data` (`Id`, `UniqueId`, `TableHash`, `RecordId`, `Status`, `VerifiedBuild`) VALUES (710000, 710000, 2518885667, 30030, 1, 0);
REPLACE INTO `hotfix_data` (`Id`, `UniqueId`, `TableHash`, `RecordId`, `Status`, `VerifiedBuild`) VALUES (710000, 710000, 2518885667, 30040, 1, 0);
REPLACE INTO `hotfix_data` (`Id`, `UniqueId`, `TableHash`, `RecordId`, `Status`, `VerifiedBuild`) VALUES (710000, 710000, 2518885667, 30050, 1, 0);
REPLACE INTO `hotfix_data` (`Id`, `UniqueId`, `TableHash`, `RecordId`, `Status`, `VerifiedBuild`) VALUES (710000, 710000, 2518885667, 30060, 1, 0);
REPLACE INTO `hotfix_data` (`Id`, `UniqueId`, `TableHash`, `RecordId`, `Status`, `VerifiedBuild`) VALUES (710000, 710000, 2518885667, 30070, 1, 0);
REPLACE INTO `hotfix_data` (`Id`, `UniqueId`, `TableHash`, `RecordId`, `Status`, `VerifiedBuild`) VALUES (710000, 710000, 2518885667, 30080, 1, 0);
REPLACE INTO `hotfix_data` (`Id`, `UniqueId`, `TableHash`, `RecordId`, `Status`, `VerifiedBuild`) VALUES (710000, 710000, 2518885667, 30090, 1, 0);
REPLACE INTO `hotfix_data` (`Id`, `UniqueId`, `TableHash`, `RecordId`, `Status`, `VerifiedBuild`) VALUES (710000, 710000, 3834752085, 710050, 1, 0);
REPLACE INTO `hotfix_data` (`Id`, `UniqueId`, `TableHash`, `RecordId`, `Status`, `VerifiedBuild`) VALUES (710000, 710000, 3834752085, 710051, 1, 0);
REPLACE INTO `hotfix_data` (`Id`, `UniqueId`, `TableHash`, `RecordId`, `Status`, `VerifiedBuild`) VALUES (710000, 710000, 3834752085, 710052, 1, 0);
REPLACE INTO `hotfix_data` (`Id`, `UniqueId`, `TableHash`, `RecordId`, `Status`, `VerifiedBuild`) VALUES (710000, 710000, 3834752085, 710053, 1, 0);
REPLACE INTO `hotfix_data` (`Id`, `UniqueId`, `TableHash`, `RecordId`, `Status`, `VerifiedBuild`) VALUES (710000, 710000, 3834752085, 710054, 1, 0);
REPLACE INTO `hotfix_data` (`Id`, `UniqueId`, `TableHash`, `RecordId`, `Status`, `VerifiedBuild`) VALUES (710000, 710000, 3834752085, 710055, 1, 0);
REPLACE INTO `hotfix_data` (`Id`, `UniqueId`, `TableHash`, `RecordId`, `Status`, `VerifiedBuild`) VALUES (710000, 710000, 3834752085, 710056, 1, 0);
REPLACE INTO `hotfix_data` (`Id`, `UniqueId`, `TableHash`, `RecordId`, `Status`, `VerifiedBuild`) VALUES (710000, 710000, 3834752085, 710057, 1, 0);
REPLACE INTO `hotfix_data` (`Id`, `UniqueId`, `TableHash`, `RecordId`, `Status`, `VerifiedBuild`) VALUES (710000, 710000, 3834752085, 710058, 1, 0);
REPLACE INTO `hotfix_data` (`Id`, `UniqueId`, `TableHash`, `RecordId`, `Status`, `VerifiedBuild`) VALUES (710000, 710000, 3834752085, 710059, 1, 0);
REPLACE INTO `hotfix_data` (`Id`, `UniqueId`, `TableHash`, `RecordId`, `Status`, `VerifiedBuild`) VALUES (710000, 710000, 3834752085, 710060, 1, 0);
REPLACE INTO `hotfix_data` (`Id`, `UniqueId`, `TableHash`, `RecordId`, `Status`, `VerifiedBuild`) VALUES (710000, 710000, 3834752085, 710061, 1, 0);
REPLACE INTO `hotfix_data` (`Id`, `UniqueId`, `TableHash`, `RecordId`, `Status`, `VerifiedBuild`) VALUES (710000, 710000, 3146089301, 800064, 1, 0);
REPLACE INTO `hotfix_data` (`Id`, `UniqueId`, `TableHash`, `RecordId`, `Status`, `VerifiedBuild`) VALUES (710000, 710000, 3146089301, 6747, 1, 0);


REPLACE INTO `item_limit_category` (`ID`, `Name`, `Quantity`, `Flags`, `VerifiedBuild`) VALUES (496, 'Enlightened Legendary', 2, 1, 0);

REPLACE INTO `item_sparse` (`ID`, `AllowableRace`, `Description`, `Display3`, `Display2`, `Display1`, `Display`, `ExpansionID`, `DmgVariance`, `LimitCategory`, `DurationInInventory`, `QualityModifier`, `BagFamily`, `StartQuestID`, `LanguageID`, `ItemRange`, `StatPercentageOfSocket1`, `StatPercentageOfSocket2`, `StatPercentageOfSocket3`, `StatPercentageOfSocket4`, `StatPercentageOfSocket5`, `StatPercentageOfSocket6`, `StatPercentageOfSocket7`, `StatPercentageOfSocket8`, `StatPercentageOfSocket9`, `StatPercentageOfSocket10`, `StatPercentEditor1`, `StatPercentEditor2`, `StatPercentEditor3`, `StatPercentEditor4`, `StatPercentEditor5`, `StatPercentEditor6`, `StatPercentEditor7`, `StatPercentEditor8`, `StatPercentEditor9`, `StatPercentEditor10`, `Stackable`, `MaxCount`, `RequiredAbility`, `SellPrice`, `BuyPrice`, `VendorStackCount`, `PriceVariance`, `PriceRandomValue`, `Flags1`, `Flags2`, `Flags3`, `Flags4`, `FactionRelated`, `ModifiedCraftingReagentItemID`, `ContentTuningID`, `PlayerLevelToItemLevelCurveID`, `ItemNameDescriptionID`, `RequiredTransmogHoliday`, `RequiredHoliday`, `GemProperties`, `SocketMatchEnchantmentId`, `TotemCategoryID`, `InstanceBound`, `ZoneBound1`, `ZoneBound2`, `ItemSet`, `LockID`, `PageID`, `ItemDelay`, `MinFactionID`, `RequiredSkillRank`, `RequiredSkill`, `ItemLevel`, `AllowableClass`, `ArtifactID`, `SpellWeight`, `SpellWeightCategory`, `SocketType1`, `SocketType2`, `SocketType3`, `SheatheType`, `Material`, `PageMaterialID`, `Bonding`, `DamageDamageType`, `StatModifierBonusStat1`, `StatModifierBonusStat2`, `StatModifierBonusStat3`, `StatModifierBonusStat4`, `StatModifierBonusStat5`, `StatModifierBonusStat6`, `StatModifierBonusStat7`, `StatModifierBonusStat8`, `StatModifierBonusStat9`, `StatModifierBonusStat10`, `ContainerSlots`, `MinReputation`, `RequiredPVPMedal`, `RequiredPVPRank`, `RequiredLevel`, `InventoryType`, `OverallQualityID`, `VerifiedBuild`) VALUES (710000, -1, 'An exceptionally well crafted weapon worthy of being empowered by the Runecarver.', NULL, NULL, NULL, 'Shadowghast Sword', 8, 0, 473, 0, 0, 0, 0, 0, 0, 0, 0, 0, 0, 0, 0, 0, 0, 0, 0, 7889, 8750, 8750, 0, 0, 0, 0, 0, 0, 0, 1, 0, 0, 20, 100, 1, 1, 0.9785, 0, 4222976, 0, 0, 0, 0, 0, 0, 0, 0, 0, 0, 0, 0, 0, 0, 0, 0, 0, 0, 0, 0, 0, 0, 175, -1, 0, 0, 0, 0, 0, 0, 0, 4, 0, 0, 0, 7, 24, 25, -1, -1, -1, -1, -1, -1, -1, 0, 0, 0, 0, 60, 13, 1, 0);
REPLACE INTO `item_sparse` (`ID`, `AllowableRace`, `Description`, `Display3`, `Display2`, `Display1`, `Display`, `ExpansionID`, `DmgVariance`, `LimitCategory`, `DurationInInventory`, `QualityModifier`, `BagFamily`, `StartQuestID`, `LanguageID`, `ItemRange`, `StatPercentageOfSocket1`, `StatPercentageOfSocket2`, `StatPercentageOfSocket3`, `StatPercentageOfSocket4`, `StatPercentageOfSocket5`, `StatPercentageOfSocket6`, `StatPercentageOfSocket7`, `StatPercentageOfSocket8`, `StatPercentageOfSocket9`, `StatPercentageOfSocket10`, `StatPercentEditor1`, `StatPercentEditor2`, `StatPercentEditor3`, `StatPercentEditor4`, `StatPercentEditor5`, `StatPercentEditor6`, `StatPercentEditor7`, `StatPercentEditor8`, `StatPercentEditor9`, `StatPercentEditor10`, `Stackable`, `MaxCount`, `RequiredAbility`, `SellPrice`, `BuyPrice`, `VendorStackCount`, `PriceVariance`, `PriceRandomValue`, `Flags1`, `Flags2`, `Flags3`, `Flags4`, `FactionRelated`, `ModifiedCraftingReagentItemID`, `ContentTuningID`, `PlayerLevelToItemLevelCurveID`, `ItemNameDescriptionID`, `RequiredTransmogHoliday`, `RequiredHoliday`, `GemProperties`, `SocketMatchEnchantmentId`, `TotemCategoryID`, `InstanceBound`, `ZoneBound1`, `ZoneBound2`, `ItemSet`, `LockID`, `PageID`, `ItemDelay`, `MinFactionID`, `RequiredSkillRank`, `RequiredSkill`, `ItemLevel`, `AllowableClass`, `ArtifactID`, `SpellWeight`, `SpellWeightCategory`, `SocketType1`, `SocketType2`, `SocketType3`, `SheatheType`, `Material`, `PageMaterialID`, `Bonding`, `DamageDamageType`, `StatModifierBonusStat1`, `StatModifierBonusStat2`, `StatModifierBonusStat3`, `StatModifierBonusStat4`, `StatModifierBonusStat5`, `StatModifierBonusStat6`, `StatModifierBonusStat7`, `StatModifierBonusStat8`, `StatModifierBonusStat9`, `StatModifierBonusStat10`, `ContainerSlots`, `MinReputation`, `RequiredPVPMedal`, `RequiredPVPRank`, `RequiredLevel`, `InventoryType`, `OverallQualityID`, `VerifiedBuild`) VALUES (710001, -1, NULL, NULL, NULL, NULL, 'Memory of Thunderfury', 8, 0, 0, 0, 0, 0, 0, 0, 0, 0, 0, 0, 0, 0, 0, 0, 0, 0, 0, 0, 0, 0, 0, 0, 0, 0, 0, 0, 0, 1, 1, 0, 0, 0, 1, 1, 1.0167, 4160, 12352, 0, 0, 0, 0, 0, 0, 0, 0, 0, 0, 0, 0, 0, 0, 0, 0, 0, 0, 0, 0, 0, 0, 1, -1, 0, 0, 0, 0, 0, 0, 0, 0, 0, 1, 0, -1, -1, -1, -1, -1, -1, -1, -1, -1, -1, 0, 0, 0, 0, 1, 0, 5, 0);
REPLACE INTO `item_sparse` (`ID`, `AllowableRace`, `Description`, `Display3`, `Display2`, `Display1`, `Display`, `ExpansionID`, `DmgVariance`, `LimitCategory`, `DurationInInventory`, `QualityModifier`, `BagFamily`, `StartQuestID`, `LanguageID`, `ItemRange`, `StatPercentageOfSocket1`, `StatPercentageOfSocket2`, `StatPercentageOfSocket3`, `StatPercentageOfSocket4`, `StatPercentageOfSocket5`, `StatPercentageOfSocket6`, `StatPercentageOfSocket7`, `StatPercentageOfSocket8`, `StatPercentageOfSocket9`, `StatPercentageOfSocket10`, `StatPercentEditor1`, `StatPercentEditor2`, `StatPercentEditor3`, `StatPercentEditor4`, `StatPercentEditor5`, `StatPercentEditor6`, `StatPercentEditor7`, `StatPercentEditor8`, `StatPercentEditor9`, `StatPercentEditor10`, `Stackable`, `MaxCount`, `RequiredAbility`, `SellPrice`, `BuyPrice`, `VendorStackCount`, `PriceVariance`, `PriceRandomValue`, `Flags1`, `Flags2`, `Flags3`, `Flags4`, `FactionRelated`, `ModifiedCraftingReagentItemID`, `ContentTuningID`, `PlayerLevelToItemLevelCurveID`, `ItemNameDescriptionID`, `RequiredTransmogHoliday`, `RequiredHoliday`, `GemProperties`, `SocketMatchEnchantmentId`, `TotemCategoryID`, `InstanceBound`, `ZoneBound1`, `ZoneBound2`, `ItemSet`, `LockID`, `PageID`, `ItemDelay`, `MinFactionID`, `RequiredSkillRank`, `RequiredSkill`, `ItemLevel`, `AllowableClass`, `ArtifactID`, `SpellWeight`, `SpellWeightCategory`, `SocketType1`, `SocketType2`, `SocketType3`, `SheatheType`, `Material`, `PageMaterialID`, `Bonding`, `DamageDamageType`, `StatModifierBonusStat1`, `StatModifierBonusStat2`, `StatModifierBonusStat3`, `StatModifierBonusStat4`, `StatModifierBonusStat5`, `StatModifierBonusStat6`, `StatModifierBonusStat7`, `StatModifierBonusStat8`, `StatModifierBonusStat9`, `StatModifierBonusStat10`, `ContainerSlots`, `MinReputation`, `RequiredPVPMedal`, `RequiredPVPRank`, `RequiredLevel`, `InventoryType`, `OverallQualityID`, `VerifiedBuild`) VALUES (710002, -1, NULL, NULL, NULL, NULL, 'Memory of Tarecgosa', 8, 0, 0, 0, 0, 0, 0, 0, 0, 0, 0, 0, 0, 0, 0, 0, 0, 0, 0, 0, 0, 0, 0, 0, 0, 0, 0, 0, 0, 1, 1, 0, 0, 0, 1, 1, 1.0167, 4160, 12352, 0, 0, 0, 0, 0, 0, 0, 0, 0, 0, 0, 0, 0, 0, 0, 0, 0, 0, 0, 0, 0, 0, 1, -1, 0, 0, 0, 0, 0, 0, 0, 0, 0, 1, 0, -1, -1, -1, -1, -1, -1, -1, -1, -1, -1, 0, 0, 0, 0, 1, 0, 5, 0);
REPLACE INTO `item_sparse` (`ID`, `AllowableRace`, `Description`, `Display3`, `Display2`, `Display1`, `Display`, `ExpansionID`, `DmgVariance`, `LimitCategory`, `DurationInInventory`, `QualityModifier`, `BagFamily`, `StartQuestID`, `LanguageID`, `ItemRange`, `StatPercentageOfSocket1`, `StatPercentageOfSocket2`, `StatPercentageOfSocket3`, `StatPercentageOfSocket4`, `StatPercentageOfSocket5`, `StatPercentageOfSocket6`, `StatPercentageOfSocket7`, `StatPercentageOfSocket8`, `StatPercentageOfSocket9`, `StatPercentageOfSocket10`, `StatPercentEditor1`, `StatPercentEditor2`, `StatPercentEditor3`, `StatPercentEditor4`, `StatPercentEditor5`, `StatPercentEditor6`, `StatPercentEditor7`, `StatPercentEditor8`, `StatPercentEditor9`, `StatPercentEditor10`, `Stackable`, `MaxCount`, `RequiredAbility`, `SellPrice`, `BuyPrice`, `VendorStackCount`, `PriceVariance`, `PriceRandomValue`, `Flags1`, `Flags2`, `Flags3`, `Flags4`, `FactionRelated`, `ModifiedCraftingReagentItemID`, `ContentTuningID`, `PlayerLevelToItemLevelCurveID`, `ItemNameDescriptionID`, `RequiredTransmogHoliday`, `RequiredHoliday`, `GemProperties`, `SocketMatchEnchantmentId`, `TotemCategoryID`, `InstanceBound`, `ZoneBound1`, `ZoneBound2`, `ItemSet`, `LockID`, `PageID`, `ItemDelay`, `MinFactionID`, `RequiredSkillRank`, `RequiredSkill`, `ItemLevel`, `AllowableClass`, `ArtifactID`, `SpellWeight`, `SpellWeightCategory`, `SocketType1`, `SocketType2`, `SocketType3`, `SheatheType`, `Material`, `PageMaterialID`, `Bonding`, `DamageDamageType`, `StatModifierBonusStat1`, `StatModifierBonusStat2`, `StatModifierBonusStat3`, `StatModifierBonusStat4`, `StatModifierBonusStat5`, `StatModifierBonusStat6`, `StatModifierBonusStat7`, `StatModifierBonusStat8`, `StatModifierBonusStat9`, `StatModifierBonusStat10`, `ContainerSlots`, `MinReputation`, `RequiredPVPMedal`, `RequiredPVPRank`, `RequiredLevel`, `InventoryType`, `OverallQualityID`, `VerifiedBuild`) VALUES (710003, -1, NULL, NULL, NULL, NULL, 'Memory of Val\'anyr', 8, 0, 0, 0, 0, 0, 0, 0, 0, 0, 0, 0, 0, 0, 0, 0, 0, 0, 0, 0, 0, 0, 0, 0, 0, 0, 0, 0, 0, 1, 1, 0, 0, 0, 1, 1, 1.0167, 4160, 12352, 0, 0, 0, 0, 0, 0, 0, 0, 0, 0, 0, 0, 0, 0, 0, 0, 0, 0, 0, 0, 0, 0, 1, -1, 0, 0, 0, 0, 0, 0, 0, 0, 0, 1, 0, -1, -1, -1, -1, -1, -1, -1, -1, -1, -1, 0, 0, 0, 0, 1, 0, 5, 0);
REPLACE INTO `item_sparse` (`ID`, `AllowableRace`, `Description`, `Display3`, `Display2`, `Display1`, `Display`, `ExpansionID`, `DmgVariance`, `LimitCategory`, `DurationInInventory`, `QualityModifier`, `BagFamily`, `StartQuestID`, `LanguageID`, `ItemRange`, `StatPercentageOfSocket1`, `StatPercentageOfSocket2`, `StatPercentageOfSocket3`, `StatPercentageOfSocket4`, `StatPercentageOfSocket5`, `StatPercentageOfSocket6`, `StatPercentageOfSocket7`, `StatPercentageOfSocket8`, `StatPercentageOfSocket9`, `StatPercentageOfSocket10`, `StatPercentEditor1`, `StatPercentEditor2`, `StatPercentEditor3`, `StatPercentEditor4`, `StatPercentEditor5`, `StatPercentEditor6`, `StatPercentEditor7`, `StatPercentEditor8`, `StatPercentEditor9`, `StatPercentEditor10`, `Stackable`, `MaxCount`, `RequiredAbility`, `SellPrice`, `BuyPrice`, `VendorStackCount`, `PriceVariance`, `PriceRandomValue`, `Flags1`, `Flags2`, `Flags3`, `Flags4`, `FactionRelated`, `ModifiedCraftingReagentItemID`, `ContentTuningID`, `PlayerLevelToItemLevelCurveID`, `ItemNameDescriptionID`, `RequiredTransmogHoliday`, `RequiredHoliday`, `GemProperties`, `SocketMatchEnchantmentId`, `TotemCategoryID`, `InstanceBound`, `ZoneBound1`, `ZoneBound2`, `ItemSet`, `LockID`, `PageID`, `ItemDelay`, `MinFactionID`, `RequiredSkillRank`, `RequiredSkill`, `ItemLevel`, `AllowableClass`, `ArtifactID`, `SpellWeight`, `SpellWeightCategory`, `SocketType1`, `SocketType2`, `SocketType3`, `SheatheType`, `Material`, `PageMaterialID`, `Bonding`, `DamageDamageType`, `StatModifierBonusStat1`, `StatModifierBonusStat2`, `StatModifierBonusStat3`, `StatModifierBonusStat4`, `StatModifierBonusStat5`, `StatModifierBonusStat6`, `StatModifierBonusStat7`, `StatModifierBonusStat8`, `StatModifierBonusStat9`, `StatModifierBonusStat10`, `ContainerSlots`, `MinReputation`, `RequiredPVPMedal`, `RequiredPVPRank`, `RequiredLevel`, `InventoryType`, `OverallQualityID`, `VerifiedBuild`) VALUES (710004, -1, NULL, NULL, NULL, NULL, 'Memory of Rae\'shalare, Death\'s Whisper', 8, 0, 0, 0, 0, 0, 0, 0, 0, 0, 0, 0, 0, 0, 0, 0, 0, 0, 0, 0, 0, 0, 0, 0, 0, 0, 0, 0, 0, 1, 1, 0, 0, 0, 1, 1, 1.0167, 4160, 12352, 0, 0, 0, 0, 0, 0, 0, 0, 0, 0, 0, 0, 0, 0, 0, 0, 0, 0, 0, 0, 0, 0, 1, -1, 0, 0, 0, 0, 0, 0, 0, 0, 0, 1, 0, -1, -1, -1, -1, -1, -1, -1, -1, -1, -1, 0, 0, 0, 0, 1, 0, 5, 0);
REPLACE INTO `item_sparse` (`ID`, `AllowableRace`, `Description`, `Display3`, `Display2`, `Display1`, `Display`, `ExpansionID`, `DmgVariance`, `LimitCategory`, `DurationInInventory`, `QualityModifier`, `BagFamily`, `StartQuestID`, `LanguageID`, `ItemRange`, `StatPercentageOfSocket1`, `StatPercentageOfSocket2`, `StatPercentageOfSocket3`, `StatPercentageOfSocket4`, `StatPercentageOfSocket5`, `StatPercentageOfSocket6`, `StatPercentageOfSocket7`, `StatPercentageOfSocket8`, `StatPercentageOfSocket9`, `StatPercentageOfSocket10`, `StatPercentEditor1`, `StatPercentEditor2`, `StatPercentEditor3`, `StatPercentEditor4`, `StatPercentEditor5`, `StatPercentEditor6`, `StatPercentEditor7`, `StatPercentEditor8`, `StatPercentEditor9`, `StatPercentEditor10`, `Stackable`, `MaxCount`, `RequiredAbility`, `SellPrice`, `BuyPrice`, `VendorStackCount`, `PriceVariance`, `PriceRandomValue`, `Flags1`, `Flags2`, `Flags3`, `Flags4`, `FactionRelated`, `ModifiedCraftingReagentItemID`, `ContentTuningID`, `PlayerLevelToItemLevelCurveID`, `ItemNameDescriptionID`, `RequiredTransmogHoliday`, `RequiredHoliday`, `GemProperties`, `SocketMatchEnchantmentId`, `TotemCategoryID`, `InstanceBound`, `ZoneBound1`, `ZoneBound2`, `ItemSet`, `LockID`, `PageID`, `ItemDelay`, `MinFactionID`, `RequiredSkillRank`, `RequiredSkill`, `ItemLevel`, `AllowableClass`, `ArtifactID`, `SpellWeight`, `SpellWeightCategory`, `SocketType1`, `SocketType2`, `SocketType3`, `SheatheType`, `Material`, `PageMaterialID`, `Bonding`, `DamageDamageType`, `StatModifierBonusStat1`, `StatModifierBonusStat2`, `StatModifierBonusStat3`, `StatModifierBonusStat4`, `StatModifierBonusStat5`, `StatModifierBonusStat6`, `StatModifierBonusStat7`, `StatModifierBonusStat8`, `StatModifierBonusStat9`, `StatModifierBonusStat10`, `ContainerSlots`, `MinReputation`, `RequiredPVPMedal`, `RequiredPVPRank`, `RequiredLevel`, `InventoryType`, `OverallQualityID`, `VerifiedBuild`) VALUES (710005, -1, NULL, NULL, NULL, NULL, 'Memory of Shadowmourne', 8, 0, 0, 0, 0, 0, 0, 0, 0, 0, 0, 0, 0, 0, 0, 0, 0, 0, 0, 0, 0, 0, 0, 0, 0, 0, 0, 0, 0, 1, 1, 0, 0, 0, 1, 1, 1.0167, 4160, 12352, 0, 0, 0, 0, 0, 0, 0, 0, 0, 0, 0, 0, 0, 0, 0, 0, 0, 0, 0, 0, 0, 0, 1, -1, 0, 0, 0, 0, 0, 0, 0, 0, 0, 1, 0, -1, -1, -1, -1, -1, -1, -1, -1, -1, -1, 0, 0, 0, 0, 1, 0, 5, 0);
REPLACE INTO `item_sparse` (`ID`, `AllowableRace`, `Description`, `Display3`, `Display2`, `Display1`, `Display`, `ExpansionID`, `DmgVariance`, `LimitCategory`, `DurationInInventory`, `QualityModifier`, `BagFamily`, `StartQuestID`, `LanguageID`, `ItemRange`, `StatPercentageOfSocket1`, `StatPercentageOfSocket2`, `StatPercentageOfSocket3`, `StatPercentageOfSocket4`, `StatPercentageOfSocket5`, `StatPercentageOfSocket6`, `StatPercentageOfSocket7`, `StatPercentageOfSocket8`, `StatPercentageOfSocket9`, `StatPercentageOfSocket10`, `StatPercentEditor1`, `StatPercentEditor2`, `StatPercentEditor3`, `StatPercentEditor4`, `StatPercentEditor5`, `StatPercentEditor6`, `StatPercentEditor7`, `StatPercentEditor8`, `StatPercentEditor9`, `StatPercentEditor10`, `Stackable`, `MaxCount`, `RequiredAbility`, `SellPrice`, `BuyPrice`, `VendorStackCount`, `PriceVariance`, `PriceRandomValue`, `Flags1`, `Flags2`, `Flags3`, `Flags4`, `FactionRelated`, `ModifiedCraftingReagentItemID`, `ContentTuningID`, `PlayerLevelToItemLevelCurveID`, `ItemNameDescriptionID`, `RequiredTransmogHoliday`, `RequiredHoliday`, `GemProperties`, `SocketMatchEnchantmentId`, `TotemCategoryID`, `InstanceBound`, `ZoneBound1`, `ZoneBound2`, `ItemSet`, `LockID`, `PageID`, `ItemDelay`, `MinFactionID`, `RequiredSkillRank`, `RequiredSkill`, `ItemLevel`, `AllowableClass`, `ArtifactID`, `SpellWeight`, `SpellWeightCategory`, `SocketType1`, `SocketType2`, `SocketType3`, `SheatheType`, `Material`, `PageMaterialID`, `Bonding`, `DamageDamageType`, `StatModifierBonusStat1`, `StatModifierBonusStat2`, `StatModifierBonusStat3`, `StatModifierBonusStat4`, `StatModifierBonusStat5`, `StatModifierBonusStat6`, `StatModifierBonusStat7`, `StatModifierBonusStat8`, `StatModifierBonusStat9`, `StatModifierBonusStat10`, `ContainerSlots`, `MinReputation`, `RequiredPVPMedal`, `RequiredPVPRank`, `RequiredLevel`, `InventoryType`, `OverallQualityID`, `VerifiedBuild`) VALUES (710006, -1, NULL, NULL, NULL, NULL, 'Memory of Banshee\'s Blight', 8, 0, 0, 0, 0, 0, 0, 0, 0, 0, 0, 0, 0, 0, 0, 0, 0, 0, 0, 0, 0, 0, 0, 0, 0, 0, 0, 0, 0, 1, 1, 0, 0, 0, 1, 1, 1.0167, 4160, 12352, 0, 0, 0, 0, 0, 0, 0, 0, 0, 0, 0, 0, 0, 0, 0, 0, 0, 0, 0, 0, 0, 0, 1, -1, 0, 0, 0, 0, 0, 0, 0, 0, 0, 1, 0, -1, -1, -1, -1, -1, -1, -1, -1, -1, -1, 0, 0, 0, 0, 1, 0, 5, 0);
REPLACE INTO `item_sparse` (`ID`, `AllowableRace`, `Description`, `Display3`, `Display2`, `Display1`, `Display`, `ExpansionID`, `DmgVariance`, `LimitCategory`, `DurationInInventory`, `QualityModifier`, `BagFamily`, `StartQuestID`, `LanguageID`, `ItemRange`, `StatPercentageOfSocket1`, `StatPercentageOfSocket2`, `StatPercentageOfSocket3`, `StatPercentageOfSocket4`, `StatPercentageOfSocket5`, `StatPercentageOfSocket6`, `StatPercentageOfSocket7`, `StatPercentageOfSocket8`, `StatPercentageOfSocket9`, `StatPercentageOfSocket10`, `StatPercentEditor1`, `StatPercentEditor2`, `StatPercentEditor3`, `StatPercentEditor4`, `StatPercentEditor5`, `StatPercentEditor6`, `StatPercentEditor7`, `StatPercentEditor8`, `StatPercentEditor9`, `StatPercentEditor10`, `Stackable`, `MaxCount`, `RequiredAbility`, `SellPrice`, `BuyPrice`, `VendorStackCount`, `PriceVariance`, `PriceRandomValue`, `Flags1`, `Flags2`, `Flags3`, `Flags4`, `FactionRelated`, `ModifiedCraftingReagentItemID`, `ContentTuningID`, `PlayerLevelToItemLevelCurveID`, `ItemNameDescriptionID`, `RequiredTransmogHoliday`, `RequiredHoliday`, `GemProperties`, `SocketMatchEnchantmentId`, `TotemCategoryID`, `InstanceBound`, `ZoneBound1`, `ZoneBound2`, `ItemSet`, `LockID`, `PageID`, `ItemDelay`, `MinFactionID`, `RequiredSkillRank`, `RequiredSkill`, `ItemLevel`, `AllowableClass`, `ArtifactID`, `SpellWeight`, `SpellWeightCategory`, `SocketType1`, `SocketType2`, `SocketType3`, `SheatheType`, `Material`, `PageMaterialID`, `Bonding`, `DamageDamageType`, `StatModifierBonusStat1`, `StatModifierBonusStat2`, `StatModifierBonusStat3`, `StatModifierBonusStat4`, `StatModifierBonusStat5`, `StatModifierBonusStat6`, `StatModifierBonusStat7`, `StatModifierBonusStat8`, `StatModifierBonusStat9`, `StatModifierBonusStat10`, `ContainerSlots`, `MinReputation`, `RequiredPVPMedal`, `RequiredPVPRank`, `RequiredLevel`, `InventoryType`, `OverallQualityID`, `VerifiedBuild`) VALUES (710007, -1, NULL, NULL, NULL, NULL, 'Memory of Sulfuras, Hand of Ragnaros', 8, 0, 0, 0, 0, 0, 0, 0, 0, 0, 0, 0, 0, 0, 0, 0, 0, 0, 0, 0, 0, 0, 0, 0, 0, 0, 0, 0, 0, 1, 1, 0, 0, 0, 1, 1, 1.0167, 4160, 12352, 0, 0, 0, 0, 0, 0, 0, 0, 0, 0, 0, 0, 0, 0, 0, 0, 0, 0, 0, 0, 0, 0, 1, -1, 0, 0, 0, 0, 0, 0, 0, 0, 0, 1, 0, -1, -1, -1, -1, -1, -1, -1, -1, -1, -1, 0, 0, 0, 0, 1, 0, 5, 0);
REPLACE INTO `item_sparse` (`ID`, `AllowableRace`, `Description`, `Display3`, `Display2`, `Display1`, `Display`, `ExpansionID`, `DmgVariance`, `LimitCategory`, `DurationInInventory`, `QualityModifier`, `BagFamily`, `StartQuestID`, `LanguageID`, `ItemRange`, `StatPercentageOfSocket1`, `StatPercentageOfSocket2`, `StatPercentageOfSocket3`, `StatPercentageOfSocket4`, `StatPercentageOfSocket5`, `StatPercentageOfSocket6`, `StatPercentageOfSocket7`, `StatPercentageOfSocket8`, `StatPercentageOfSocket9`, `StatPercentageOfSocket10`, `StatPercentEditor1`, `StatPercentEditor2`, `StatPercentEditor3`, `StatPercentEditor4`, `StatPercentEditor5`, `StatPercentEditor6`, `StatPercentEditor7`, `StatPercentEditor8`, `StatPercentEditor9`, `StatPercentEditor10`, `Stackable`, `MaxCount`, `RequiredAbility`, `SellPrice`, `BuyPrice`, `VendorStackCount`, `PriceVariance`, `PriceRandomValue`, `Flags1`, `Flags2`, `Flags3`, `Flags4`, `FactionRelated`, `ModifiedCraftingReagentItemID`, `ContentTuningID`, `PlayerLevelToItemLevelCurveID`, `ItemNameDescriptionID`, `RequiredTransmogHoliday`, `RequiredHoliday`, `GemProperties`, `SocketMatchEnchantmentId`, `TotemCategoryID`, `InstanceBound`, `ZoneBound1`, `ZoneBound2`, `ItemSet`, `LockID`, `PageID`, `ItemDelay`, `MinFactionID`, `RequiredSkillRank`, `RequiredSkill`, `ItemLevel`, `AllowableClass`, `ArtifactID`, `SpellWeight`, `SpellWeightCategory`, `SocketType1`, `SocketType2`, `SocketType3`, `SheatheType`, `Material`, `PageMaterialID`, `Bonding`, `DamageDamageType`, `StatModifierBonusStat1`, `StatModifierBonusStat2`, `StatModifierBonusStat3`, `StatModifierBonusStat4`, `StatModifierBonusStat5`, `StatModifierBonusStat6`, `StatModifierBonusStat7`, `StatModifierBonusStat8`, `StatModifierBonusStat9`, `StatModifierBonusStat10`, `ContainerSlots`, `MinReputation`, `RequiredPVPMedal`, `RequiredPVPRank`, `RequiredLevel`, `InventoryType`, `OverallQualityID`, `VerifiedBuild`) VALUES (710050, -1, 'An exceptionally well crafted weapon worthy of being empowered by the Runecarver.', NULL, NULL, NULL, 'Shadowghast Sword', 8, 0, 473, 0, 0, 0, 0, 0, 0, 0, 0, 0, 0, 0, 0, 0, 0, 0, 0, 5259, 7889, 3500, 3500, 0, 0, 0, 0, 0, 0, 1, 0, 0, 20, 100, 1, 1, 0.9785, 4194304, 4222976, 0, 0, 0, 0, 0, 0, 0, 0, 0, 0, 0, 0, 0, 0, 0, 0, 0, 0, 2600, 0, 0, 0, 175, -1, 0, 0, 0, 0, 0, 0, 0, 4, 0, 0, 0, 73, 7, 24, 25, -1, -1, -1, -1, -1, -1, 0, 0, 0, 0, 60, 13, 1, 0);
REPLACE INTO `item_sparse` (`ID`, `AllowableRace`, `Description`, `Display3`, `Display2`, `Display1`, `Display`, `ExpansionID`, `DmgVariance`, `LimitCategory`, `DurationInInventory`, `QualityModifier`, `BagFamily`, `StartQuestID`, `LanguageID`, `ItemRange`, `StatPercentageOfSocket1`, `StatPercentageOfSocket2`, `StatPercentageOfSocket3`, `StatPercentageOfSocket4`, `StatPercentageOfSocket5`, `StatPercentageOfSocket6`, `StatPercentageOfSocket7`, `StatPercentageOfSocket8`, `StatPercentageOfSocket9`, `StatPercentageOfSocket10`, `StatPercentEditor1`, `StatPercentEditor2`, `StatPercentEditor3`, `StatPercentEditor4`, `StatPercentEditor5`, `StatPercentEditor6`, `StatPercentEditor7`, `StatPercentEditor8`, `StatPercentEditor9`, `StatPercentEditor10`, `Stackable`, `MaxCount`, `RequiredAbility`, `SellPrice`, `BuyPrice`, `VendorStackCount`, `PriceVariance`, `PriceRandomValue`, `Flags1`, `Flags2`, `Flags3`, `Flags4`, `FactionRelated`, `ModifiedCraftingReagentItemID`, `ContentTuningID`, `PlayerLevelToItemLevelCurveID`, `ItemNameDescriptionID`, `RequiredTransmogHoliday`, `RequiredHoliday`, `GemProperties`, `SocketMatchEnchantmentId`, `TotemCategoryID`, `InstanceBound`, `ZoneBound1`, `ZoneBound2`, `ItemSet`, `LockID`, `PageID`, `ItemDelay`, `MinFactionID`, `RequiredSkillRank`, `RequiredSkill`, `ItemLevel`, `AllowableClass`, `ArtifactID`, `SpellWeight`, `SpellWeightCategory`, `SocketType1`, `SocketType2`, `SocketType3`, `SheatheType`, `Material`, `PageMaterialID`, `Bonding`, `DamageDamageType`, `StatModifierBonusStat1`, `StatModifierBonusStat2`, `StatModifierBonusStat3`, `StatModifierBonusStat4`, `StatModifierBonusStat5`, `StatModifierBonusStat6`, `StatModifierBonusStat7`, `StatModifierBonusStat8`, `StatModifierBonusStat9`, `StatModifierBonusStat10`, `ContainerSlots`, `MinReputation`, `RequiredPVPMedal`, `RequiredPVPRank`, `RequiredLevel`, `InventoryType`, `OverallQualityID`, `VerifiedBuild`) VALUES (710051, -1, 'An exceptionally well crafted weapon worthy of being empowered by the Runecarver.', NULL, NULL, NULL, 'Shadowghast Dagger', 8, 0, 473, 0, 0, 0, 0, 0, 0, 0, 0, 0, 0, 0, 0, 0, 0, 0, 0, 5259, 7889, 3500, 3500, 0, 0, 0, 0, 0, 0, 1, 0, 0, 20, 100, 1, 1, 0.9785, 4194304, 4222976, 0, 0, 0, 0, 0, 0, 0, 0, 0, 0, 0, 0, 0, 0, 0, 0, 0, 0, 2600, 0, 0, 0, 175, -1, 0, 0, 0, 0, 0, 0, 0, 4, 0, 0, 0, 73, 7, 24, 25, -1, -1, -1, -1, -1, -1, 0, 0, 0, 0, 60, 13, 1, 0);
REPLACE INTO `item_sparse` (`ID`, `AllowableRace`, `Description`, `Display3`, `Display2`, `Display1`, `Display`, `ExpansionID`, `DmgVariance`, `LimitCategory`, `DurationInInventory`, `QualityModifier`, `BagFamily`, `StartQuestID`, `LanguageID`, `ItemRange`, `StatPercentageOfSocket1`, `StatPercentageOfSocket2`, `StatPercentageOfSocket3`, `StatPercentageOfSocket4`, `StatPercentageOfSocket5`, `StatPercentageOfSocket6`, `StatPercentageOfSocket7`, `StatPercentageOfSocket8`, `StatPercentageOfSocket9`, `StatPercentageOfSocket10`, `StatPercentEditor1`, `StatPercentEditor2`, `StatPercentEditor3`, `StatPercentEditor4`, `StatPercentEditor5`, `StatPercentEditor6`, `StatPercentEditor7`, `StatPercentEditor8`, `StatPercentEditor9`, `StatPercentEditor10`, `Stackable`, `MaxCount`, `RequiredAbility`, `SellPrice`, `BuyPrice`, `VendorStackCount`, `PriceVariance`, `PriceRandomValue`, `Flags1`, `Flags2`, `Flags3`, `Flags4`, `FactionRelated`, `ModifiedCraftingReagentItemID`, `ContentTuningID`, `PlayerLevelToItemLevelCurveID`, `ItemNameDescriptionID`, `RequiredTransmogHoliday`, `RequiredHoliday`, `GemProperties`, `SocketMatchEnchantmentId`, `TotemCategoryID`, `InstanceBound`, `ZoneBound1`, `ZoneBound2`, `ItemSet`, `LockID`, `PageID`, `ItemDelay`, `MinFactionID`, `RequiredSkillRank`, `RequiredSkill`, `ItemLevel`, `AllowableClass`, `ArtifactID`, `SpellWeight`, `SpellWeightCategory`, `SocketType1`, `SocketType2`, `SocketType3`, `SheatheType`, `Material`, `PageMaterialID`, `Bonding`, `DamageDamageType`, `StatModifierBonusStat1`, `StatModifierBonusStat2`, `StatModifierBonusStat3`, `StatModifierBonusStat4`, `StatModifierBonusStat5`, `StatModifierBonusStat6`, `StatModifierBonusStat7`, `StatModifierBonusStat8`, `StatModifierBonusStat9`, `StatModifierBonusStat10`, `ContainerSlots`, `MinReputation`, `RequiredPVPMedal`, `RequiredPVPRank`, `RequiredLevel`, `InventoryType`, `OverallQualityID`, `VerifiedBuild`) VALUES (710052, -1, 'An exceptionally well crafted weapon worthy of being empowered by the Runecarver.', NULL, NULL, NULL, 'Shadowghast Mace', 8, 0, 473, 0, 0, 0, 0, 0, 0, 0, 0, 0, 0, 0, 0, 0, 0, 0, 0, 5259, 7889, 3500, 3500, 0, 0, 0, 0, 0, 0, 1, 0, 0, 20, 100, 1, 1, 0.9785, 4194304, 4222976, 0, 0, 0, 0, 0, 0, 0, 0, 0, 0, 0, 0, 0, 0, 0, 0, 0, 0, 2600, 0, 0, 0, 175, -1, 0, 0, 0, 0, 0, 0, 0, 4, 0, 0, 0, 73, 7, 24, 25, -1, -1, -1, -1, -1, -1, 0, 0, 0, 0, 60, 13, 1, 0);
REPLACE INTO `item_sparse` (`ID`, `AllowableRace`, `Description`, `Display3`, `Display2`, `Display1`, `Display`, `ExpansionID`, `DmgVariance`, `LimitCategory`, `DurationInInventory`, `QualityModifier`, `BagFamily`, `StartQuestID`, `LanguageID`, `ItemRange`, `StatPercentageOfSocket1`, `StatPercentageOfSocket2`, `StatPercentageOfSocket3`, `StatPercentageOfSocket4`, `StatPercentageOfSocket5`, `StatPercentageOfSocket6`, `StatPercentageOfSocket7`, `StatPercentageOfSocket8`, `StatPercentageOfSocket9`, `StatPercentageOfSocket10`, `StatPercentEditor1`, `StatPercentEditor2`, `StatPercentEditor3`, `StatPercentEditor4`, `StatPercentEditor5`, `StatPercentEditor6`, `StatPercentEditor7`, `StatPercentEditor8`, `StatPercentEditor9`, `StatPercentEditor10`, `Stackable`, `MaxCount`, `RequiredAbility`, `SellPrice`, `BuyPrice`, `VendorStackCount`, `PriceVariance`, `PriceRandomValue`, `Flags1`, `Flags2`, `Flags3`, `Flags4`, `FactionRelated`, `ModifiedCraftingReagentItemID`, `ContentTuningID`, `PlayerLevelToItemLevelCurveID`, `ItemNameDescriptionID`, `RequiredTransmogHoliday`, `RequiredHoliday`, `GemProperties`, `SocketMatchEnchantmentId`, `TotemCategoryID`, `InstanceBound`, `ZoneBound1`, `ZoneBound2`, `ItemSet`, `LockID`, `PageID`, `ItemDelay`, `MinFactionID`, `RequiredSkillRank`, `RequiredSkill`, `ItemLevel`, `AllowableClass`, `ArtifactID`, `SpellWeight`, `SpellWeightCategory`, `SocketType1`, `SocketType2`, `SocketType3`, `SheatheType`, `Material`, `PageMaterialID`, `Bonding`, `DamageDamageType`, `StatModifierBonusStat1`, `StatModifierBonusStat2`, `StatModifierBonusStat3`, `StatModifierBonusStat4`, `StatModifierBonusStat5`, `StatModifierBonusStat6`, `StatModifierBonusStat7`, `StatModifierBonusStat8`, `StatModifierBonusStat9`, `StatModifierBonusStat10`, `ContainerSlots`, `MinReputation`, `RequiredPVPMedal`, `RequiredPVPRank`, `RequiredLevel`, `InventoryType`, `OverallQualityID`, `VerifiedBuild`) VALUES (710053, -1, 'An exceptionally well crafted weapon worthy of being empowered by the Runecarver.', NULL, NULL, NULL, 'Shadowghast Greatsword', 8, 0, 473, 0, 0, 0, 0, 0, 0, 0, 0, 0, 0, 0, 0, 0, 0, 0, 0, 5259, 7889, 3500, 3500, 0, 0, 0, 0, 0, 0, 1, 0, 0, 20, 100, 1, 1, 0.9785, 4194304, 4222976, 0, 0, 0, 0, 0, 0, 0, 0, 0, 0, 0, 0, 0, 0, 0, 0, 0, 0, 3600, 0, 0, 0, 175, -1, 0, 0, 0, 0, 0, 0, 0, 4, 0, 0, 0, 73, 7, 24, 25, -1, -1, -1, -1, -1, -1, 0, 0, 0, 0, 60, 17, 1, 0);
REPLACE INTO `item_sparse` (`ID`, `AllowableRace`, `Description`, `Display3`, `Display2`, `Display1`, `Display`, `ExpansionID`, `DmgVariance`, `LimitCategory`, `DurationInInventory`, `QualityModifier`, `BagFamily`, `StartQuestID`, `LanguageID`, `ItemRange`, `StatPercentageOfSocket1`, `StatPercentageOfSocket2`, `StatPercentageOfSocket3`, `StatPercentageOfSocket4`, `StatPercentageOfSocket5`, `StatPercentageOfSocket6`, `StatPercentageOfSocket7`, `StatPercentageOfSocket8`, `StatPercentageOfSocket9`, `StatPercentageOfSocket10`, `StatPercentEditor1`, `StatPercentEditor2`, `StatPercentEditor3`, `StatPercentEditor4`, `StatPercentEditor5`, `StatPercentEditor6`, `StatPercentEditor7`, `StatPercentEditor8`, `StatPercentEditor9`, `StatPercentEditor10`, `Stackable`, `MaxCount`, `RequiredAbility`, `SellPrice`, `BuyPrice`, `VendorStackCount`, `PriceVariance`, `PriceRandomValue`, `Flags1`, `Flags2`, `Flags3`, `Flags4`, `FactionRelated`, `ModifiedCraftingReagentItemID`, `ContentTuningID`, `PlayerLevelToItemLevelCurveID`, `ItemNameDescriptionID`, `RequiredTransmogHoliday`, `RequiredHoliday`, `GemProperties`, `SocketMatchEnchantmentId`, `TotemCategoryID`, `InstanceBound`, `ZoneBound1`, `ZoneBound2`, `ItemSet`, `LockID`, `PageID`, `ItemDelay`, `MinFactionID`, `RequiredSkillRank`, `RequiredSkill`, `ItemLevel`, `AllowableClass`, `ArtifactID`, `SpellWeight`, `SpellWeightCategory`, `SocketType1`, `SocketType2`, `SocketType3`, `SheatheType`, `Material`, `PageMaterialID`, `Bonding`, `DamageDamageType`, `StatModifierBonusStat1`, `StatModifierBonusStat2`, `StatModifierBonusStat3`, `StatModifierBonusStat4`, `StatModifierBonusStat5`, `StatModifierBonusStat6`, `StatModifierBonusStat7`, `StatModifierBonusStat8`, `StatModifierBonusStat9`, `StatModifierBonusStat10`, `ContainerSlots`, `MinReputation`, `RequiredPVPMedal`, `RequiredPVPRank`, `RequiredLevel`, `InventoryType`, `OverallQualityID`, `VerifiedBuild`) VALUES (710054, -1, 'An exceptionally well crafted weapon worthy of being empowered by the Runecarver.', NULL, NULL, NULL, 'Shadowghast Staff', 8, 0, 473, 0, 0, 0, 0, 0, 0, 0, 0, 0, 0, 0, 0, 0, 0, 0, 0, 5259, 7889, 3500, 3500, 0, 0, 0, 0, 0, 0, 1, 0, 0, 20, 100, 1, 1, 0.9785, 4194304, 4222976, 0, 0, 0, 0, 0, 0, 0, 0, 0, 0, 0, 0, 0, 0, 0, 0, 0, 0, 3600, 0, 0, 0, 175, -1, 0, 0, 0, 0, 0, 0, 0, 4, 0, 0, 0, 73, 7, 24, 25, -1, -1, -1, -1, -1, -1, 0, 0, 0, 0, 60, 17, 1, 0);
REPLACE INTO `item_sparse` (`ID`, `AllowableRace`, `Description`, `Display3`, `Display2`, `Display1`, `Display`, `ExpansionID`, `DmgVariance`, `LimitCategory`, `DurationInInventory`, `QualityModifier`, `BagFamily`, `StartQuestID`, `LanguageID`, `ItemRange`, `StatPercentageOfSocket1`, `StatPercentageOfSocket2`, `StatPercentageOfSocket3`, `StatPercentageOfSocket4`, `StatPercentageOfSocket5`, `StatPercentageOfSocket6`, `StatPercentageOfSocket7`, `StatPercentageOfSocket8`, `StatPercentageOfSocket9`, `StatPercentageOfSocket10`, `StatPercentEditor1`, `StatPercentEditor2`, `StatPercentEditor3`, `StatPercentEditor4`, `StatPercentEditor5`, `StatPercentEditor6`, `StatPercentEditor7`, `StatPercentEditor8`, `StatPercentEditor9`, `StatPercentEditor10`, `Stackable`, `MaxCount`, `RequiredAbility`, `SellPrice`, `BuyPrice`, `VendorStackCount`, `PriceVariance`, `PriceRandomValue`, `Flags1`, `Flags2`, `Flags3`, `Flags4`, `FactionRelated`, `ModifiedCraftingReagentItemID`, `ContentTuningID`, `PlayerLevelToItemLevelCurveID`, `ItemNameDescriptionID`, `RequiredTransmogHoliday`, `RequiredHoliday`, `GemProperties`, `SocketMatchEnchantmentId`, `TotemCategoryID`, `InstanceBound`, `ZoneBound1`, `ZoneBound2`, `ItemSet`, `LockID`, `PageID`, `ItemDelay`, `MinFactionID`, `RequiredSkillRank`, `RequiredSkill`, `ItemLevel`, `AllowableClass`, `ArtifactID`, `SpellWeight`, `SpellWeightCategory`, `SocketType1`, `SocketType2`, `SocketType3`, `SheatheType`, `Material`, `PageMaterialID`, `Bonding`, `DamageDamageType`, `StatModifierBonusStat1`, `StatModifierBonusStat2`, `StatModifierBonusStat3`, `StatModifierBonusStat4`, `StatModifierBonusStat5`, `StatModifierBonusStat6`, `StatModifierBonusStat7`, `StatModifierBonusStat8`, `StatModifierBonusStat9`, `StatModifierBonusStat10`, `ContainerSlots`, `MinReputation`, `RequiredPVPMedal`, `RequiredPVPRank`, `RequiredLevel`, `InventoryType`, `OverallQualityID`, `VerifiedBuild`) VALUES (710055, -1, 'An exceptionally well crafted weapon worthy of being empowered by the Runecarver.', NULL, NULL, NULL, 'Shadowghast Bow', 8, 0, 473, 0, 0, 0, 0, 0, 0, 0, 0, 0, 0, 0, 0, 0, 0, 0, 0, 5259, 7889, 3500, 3500, 0, 0, 0, 0, 0, 0, 1, 0, 0, 20, 100, 1, 1, 0.9785, 4194304, 4222976, 0, 0, 0, 0, 0, 0, 0, 0, 0, 0, 0, 0, 0, 0, 0, 0, 0, 0, 3000, 0, 0, 0, 175, -1, 0, 0, 0, 0, 0, 0, 0, 4, 0, 0, 0, 73, 7, 24, 25, -1, -1, -1, -1, -1, -1, 0, 0, 0, 0, 60, 15, 1, 0);
REPLACE INTO `item_sparse` (`ID`, `AllowableRace`, `Description`, `Display3`, `Display2`, `Display1`, `Display`, `ExpansionID`, `DmgVariance`, `LimitCategory`, `DurationInInventory`, `QualityModifier`, `BagFamily`, `StartQuestID`, `LanguageID`, `ItemRange`, `StatPercentageOfSocket1`, `StatPercentageOfSocket2`, `StatPercentageOfSocket3`, `StatPercentageOfSocket4`, `StatPercentageOfSocket5`, `StatPercentageOfSocket6`, `StatPercentageOfSocket7`, `StatPercentageOfSocket8`, `StatPercentageOfSocket9`, `StatPercentageOfSocket10`, `StatPercentEditor1`, `StatPercentEditor2`, `StatPercentEditor3`, `StatPercentEditor4`, `StatPercentEditor5`, `StatPercentEditor6`, `StatPercentEditor7`, `StatPercentEditor8`, `StatPercentEditor9`, `StatPercentEditor10`, `Stackable`, `MaxCount`, `RequiredAbility`, `SellPrice`, `BuyPrice`, `VendorStackCount`, `PriceVariance`, `PriceRandomValue`, `Flags1`, `Flags2`, `Flags3`, `Flags4`, `FactionRelated`, `ModifiedCraftingReagentItemID`, `ContentTuningID`, `PlayerLevelToItemLevelCurveID`, `ItemNameDescriptionID`, `RequiredTransmogHoliday`, `RequiredHoliday`, `GemProperties`, `SocketMatchEnchantmentId`, `TotemCategoryID`, `InstanceBound`, `ZoneBound1`, `ZoneBound2`, `ItemSet`, `LockID`, `PageID`, `ItemDelay`, `MinFactionID`, `RequiredSkillRank`, `RequiredSkill`, `ItemLevel`, `AllowableClass`, `ArtifactID`, `SpellWeight`, `SpellWeightCategory`, `SocketType1`, `SocketType2`, `SocketType3`, `SheatheType`, `Material`, `PageMaterialID`, `Bonding`, `DamageDamageType`, `StatModifierBonusStat1`, `StatModifierBonusStat2`, `StatModifierBonusStat3`, `StatModifierBonusStat4`, `StatModifierBonusStat5`, `StatModifierBonusStat6`, `StatModifierBonusStat7`, `StatModifierBonusStat8`, `StatModifierBonusStat9`, `StatModifierBonusStat10`, `ContainerSlots`, `MinReputation`, `RequiredPVPMedal`, `RequiredPVPRank`, `RequiredLevel`, `InventoryType`, `OverallQualityID`, `VerifiedBuild`) VALUES (710056, -1, 'An exceptionally well crafted weapon worthy of being empowered by the Runecarver.', NULL, NULL, NULL, 'Shadowghast Sword', 8, 0, 473, 0, 0, 0, 0, 0, 0, 0, 0, 0, 0, 0, 0, 0, 0, 0, 0, 5259, 7889, 3500, 3500, 0, 0, 0, 0, 0, 0, 1, 0, 0, 20, 100, 1, 1, 0.9785, 4194304, 4222976, 0, 0, 0, 0, 0, 0, 0, 0, 0, 0, 0, 0, 0, 0, 0, 0, 0, 0, 2600, 0, 0, 0, 175, -1, 0, 0, 0, 0, 0, 0, 0, 4, 0, 0, 0, 73, 7, 24, 25, -1, -1, -1, -1, -1, -1, 0, 0, 0, 0, 60, 13, 1, 0);
REPLACE INTO `item_sparse` (`ID`, `AllowableRace`, `Description`, `Display3`, `Display2`, `Display1`, `Display`, `ExpansionID`, `DmgVariance`, `LimitCategory`, `DurationInInventory`, `QualityModifier`, `BagFamily`, `StartQuestID`, `LanguageID`, `ItemRange`, `StatPercentageOfSocket1`, `StatPercentageOfSocket2`, `StatPercentageOfSocket3`, `StatPercentageOfSocket4`, `StatPercentageOfSocket5`, `StatPercentageOfSocket6`, `StatPercentageOfSocket7`, `StatPercentageOfSocket8`, `StatPercentageOfSocket9`, `StatPercentageOfSocket10`, `StatPercentEditor1`, `StatPercentEditor2`, `StatPercentEditor3`, `StatPercentEditor4`, `StatPercentEditor5`, `StatPercentEditor6`, `StatPercentEditor7`, `StatPercentEditor8`, `StatPercentEditor9`, `StatPercentEditor10`, `Stackable`, `MaxCount`, `RequiredAbility`, `SellPrice`, `BuyPrice`, `VendorStackCount`, `PriceVariance`, `PriceRandomValue`, `Flags1`, `Flags2`, `Flags3`, `Flags4`, `FactionRelated`, `ModifiedCraftingReagentItemID`, `ContentTuningID`, `PlayerLevelToItemLevelCurveID`, `ItemNameDescriptionID`, `RequiredTransmogHoliday`, `RequiredHoliday`, `GemProperties`, `SocketMatchEnchantmentId`, `TotemCategoryID`, `InstanceBound`, `ZoneBound1`, `ZoneBound2`, `ItemSet`, `LockID`, `PageID`, `ItemDelay`, `MinFactionID`, `RequiredSkillRank`, `RequiredSkill`, `ItemLevel`, `AllowableClass`, `ArtifactID`, `SpellWeight`, `SpellWeightCategory`, `SocketType1`, `SocketType2`, `SocketType3`, `SheatheType`, `Material`, `PageMaterialID`, `Bonding`, `DamageDamageType`, `StatModifierBonusStat1`, `StatModifierBonusStat2`, `StatModifierBonusStat3`, `StatModifierBonusStat4`, `StatModifierBonusStat5`, `StatModifierBonusStat6`, `StatModifierBonusStat7`, `StatModifierBonusStat8`, `StatModifierBonusStat9`, `StatModifierBonusStat10`, `ContainerSlots`, `MinReputation`, `RequiredPVPMedal`, `RequiredPVPRank`, `RequiredLevel`, `InventoryType`, `OverallQualityID`, `VerifiedBuild`) VALUES (710057, -1, 'An exceptionally well crafted weapon worthy of being empowered by the Runecarver.', NULL, NULL, NULL, 'Shadowghast Dagger', 8, 0, 473, 0, 0, 0, 0, 0, 0, 0, 0, 0, 0, 0, 0, 0, 0, 0, 0, 5259, 7889, 3500, 3500, 0, 0, 0, 0, 0, 0, 1, 0, 0, 20, 100, 1, 1, 0.9785, 4194304, 4222976, 0, 0, 0, 0, 0, 0, 0, 0, 0, 0, 0, 0, 0, 0, 0, 0, 0, 0, 2600, 0, 0, 0, 175, -1, 0, 0, 0, 0, 0, 0, 0, 4, 0, 0, 0, 73, 7, 24, 25, -1, -1, -1, -1, -1, -1, 0, 0, 0, 0, 60, 13, 1, 0);
REPLACE INTO `item_sparse` (`ID`, `AllowableRace`, `Description`, `Display3`, `Display2`, `Display1`, `Display`, `ExpansionID`, `DmgVariance`, `LimitCategory`, `DurationInInventory`, `QualityModifier`, `BagFamily`, `StartQuestID`, `LanguageID`, `ItemRange`, `StatPercentageOfSocket1`, `StatPercentageOfSocket2`, `StatPercentageOfSocket3`, `StatPercentageOfSocket4`, `StatPercentageOfSocket5`, `StatPercentageOfSocket6`, `StatPercentageOfSocket7`, `StatPercentageOfSocket8`, `StatPercentageOfSocket9`, `StatPercentageOfSocket10`, `StatPercentEditor1`, `StatPercentEditor2`, `StatPercentEditor3`, `StatPercentEditor4`, `StatPercentEditor5`, `StatPercentEditor6`, `StatPercentEditor7`, `StatPercentEditor8`, `StatPercentEditor9`, `StatPercentEditor10`, `Stackable`, `MaxCount`, `RequiredAbility`, `SellPrice`, `BuyPrice`, `VendorStackCount`, `PriceVariance`, `PriceRandomValue`, `Flags1`, `Flags2`, `Flags3`, `Flags4`, `FactionRelated`, `ModifiedCraftingReagentItemID`, `ContentTuningID`, `PlayerLevelToItemLevelCurveID`, `ItemNameDescriptionID`, `RequiredTransmogHoliday`, `RequiredHoliday`, `GemProperties`, `SocketMatchEnchantmentId`, `TotemCategoryID`, `InstanceBound`, `ZoneBound1`, `ZoneBound2`, `ItemSet`, `LockID`, `PageID`, `ItemDelay`, `MinFactionID`, `RequiredSkillRank`, `RequiredSkill`, `ItemLevel`, `AllowableClass`, `ArtifactID`, `SpellWeight`, `SpellWeightCategory`, `SocketType1`, `SocketType2`, `SocketType3`, `SheatheType`, `Material`, `PageMaterialID`, `Bonding`, `DamageDamageType`, `StatModifierBonusStat1`, `StatModifierBonusStat2`, `StatModifierBonusStat3`, `StatModifierBonusStat4`, `StatModifierBonusStat5`, `StatModifierBonusStat6`, `StatModifierBonusStat7`, `StatModifierBonusStat8`, `StatModifierBonusStat9`, `StatModifierBonusStat10`, `ContainerSlots`, `MinReputation`, `RequiredPVPMedal`, `RequiredPVPRank`, `RequiredLevel`, `InventoryType`, `OverallQualityID`, `VerifiedBuild`) VALUES (710058, -1, 'An exceptionally well crafted weapon worthy of being empowered by the Runecarver.', NULL, NULL, NULL, 'Shadowghast Mace', 8, 0, 473, 0, 0, 0, 0, 0, 0, 0, 0, 0, 0, 0, 0, 0, 0, 0, 0, 5259, 7889, 3500, 3500, 0, 0, 0, 0, 0, 0, 1, 0, 0, 20, 100, 1, 1, 0.9785, 4194304, 4222976, 0, 0, 0, 0, 0, 0, 0, 0, 0, 0, 0, 0, 0, 0, 0, 0, 0, 0, 2600, 0, 0, 0, 175, -1, 0, 0, 0, 0, 0, 0, 0, 4, 0, 0, 0, 73, 7, 24, 25, -1, -1, -1, -1, -1, -1, 0, 0, 0, 0, 60, 13, 1, 0);
REPLACE INTO `item_sparse` (`ID`, `AllowableRace`, `Description`, `Display3`, `Display2`, `Display1`, `Display`, `ExpansionID`, `DmgVariance`, `LimitCategory`, `DurationInInventory`, `QualityModifier`, `BagFamily`, `StartQuestID`, `LanguageID`, `ItemRange`, `StatPercentageOfSocket1`, `StatPercentageOfSocket2`, `StatPercentageOfSocket3`, `StatPercentageOfSocket4`, `StatPercentageOfSocket5`, `StatPercentageOfSocket6`, `StatPercentageOfSocket7`, `StatPercentageOfSocket8`, `StatPercentageOfSocket9`, `StatPercentageOfSocket10`, `StatPercentEditor1`, `StatPercentEditor2`, `StatPercentEditor3`, `StatPercentEditor4`, `StatPercentEditor5`, `StatPercentEditor6`, `StatPercentEditor7`, `StatPercentEditor8`, `StatPercentEditor9`, `StatPercentEditor10`, `Stackable`, `MaxCount`, `RequiredAbility`, `SellPrice`, `BuyPrice`, `VendorStackCount`, `PriceVariance`, `PriceRandomValue`, `Flags1`, `Flags2`, `Flags3`, `Flags4`, `FactionRelated`, `ModifiedCraftingReagentItemID`, `ContentTuningID`, `PlayerLevelToItemLevelCurveID`, `ItemNameDescriptionID`, `RequiredTransmogHoliday`, `RequiredHoliday`, `GemProperties`, `SocketMatchEnchantmentId`, `TotemCategoryID`, `InstanceBound`, `ZoneBound1`, `ZoneBound2`, `ItemSet`, `LockID`, `PageID`, `ItemDelay`, `MinFactionID`, `RequiredSkillRank`, `RequiredSkill`, `ItemLevel`, `AllowableClass`, `ArtifactID`, `SpellWeight`, `SpellWeightCategory`, `SocketType1`, `SocketType2`, `SocketType3`, `SheatheType`, `Material`, `PageMaterialID`, `Bonding`, `DamageDamageType`, `StatModifierBonusStat1`, `StatModifierBonusStat2`, `StatModifierBonusStat3`, `StatModifierBonusStat4`, `StatModifierBonusStat5`, `StatModifierBonusStat6`, `StatModifierBonusStat7`, `StatModifierBonusStat8`, `StatModifierBonusStat9`, `StatModifierBonusStat10`, `ContainerSlots`, `MinReputation`, `RequiredPVPMedal`, `RequiredPVPRank`, `RequiredLevel`, `InventoryType`, `OverallQualityID`, `VerifiedBuild`) VALUES (710059, -1, 'An exceptionally well crafted weapon worthy of being empowered by the Runecarver.', NULL, NULL, NULL, 'Shadowghast Greatsword', 8, 0, 473, 0, 0, 0, 0, 0, 0, 0, 0, 0, 0, 0, 0, 0, 0, 0, 0, 5259, 7889, 3500, 3500, 0, 0, 0, 0, 0, 0, 1, 0, 0, 20, 100, 1, 1, 0.9785, 4194304, 4222976, 0, 0, 0, 0, 0, 0, 0, 0, 0, 0, 0, 0, 0, 0, 0, 0, 0, 0, 3600, 0, 0, 0, 175, -1, 0, 0, 0, 0, 0, 0, 0, 4, 0, 0, 0, 73, 7, 24, 25, -1, -1, -1, -1, -1, -1, 0, 0, 0, 0, 60, 17, 1, 0);
REPLACE INTO `item_sparse` (`ID`, `AllowableRace`, `Description`, `Display3`, `Display2`, `Display1`, `Display`, `ExpansionID`, `DmgVariance`, `LimitCategory`, `DurationInInventory`, `QualityModifier`, `BagFamily`, `StartQuestID`, `LanguageID`, `ItemRange`, `StatPercentageOfSocket1`, `StatPercentageOfSocket2`, `StatPercentageOfSocket3`, `StatPercentageOfSocket4`, `StatPercentageOfSocket5`, `StatPercentageOfSocket6`, `StatPercentageOfSocket7`, `StatPercentageOfSocket8`, `StatPercentageOfSocket9`, `StatPercentageOfSocket10`, `StatPercentEditor1`, `StatPercentEditor2`, `StatPercentEditor3`, `StatPercentEditor4`, `StatPercentEditor5`, `StatPercentEditor6`, `StatPercentEditor7`, `StatPercentEditor8`, `StatPercentEditor9`, `StatPercentEditor10`, `Stackable`, `MaxCount`, `RequiredAbility`, `SellPrice`, `BuyPrice`, `VendorStackCount`, `PriceVariance`, `PriceRandomValue`, `Flags1`, `Flags2`, `Flags3`, `Flags4`, `FactionRelated`, `ModifiedCraftingReagentItemID`, `ContentTuningID`, `PlayerLevelToItemLevelCurveID`, `ItemNameDescriptionID`, `RequiredTransmogHoliday`, `RequiredHoliday`, `GemProperties`, `SocketMatchEnchantmentId`, `TotemCategoryID`, `InstanceBound`, `ZoneBound1`, `ZoneBound2`, `ItemSet`, `LockID`, `PageID`, `ItemDelay`, `MinFactionID`, `RequiredSkillRank`, `RequiredSkill`, `ItemLevel`, `AllowableClass`, `ArtifactID`, `SpellWeight`, `SpellWeightCategory`, `SocketType1`, `SocketType2`, `SocketType3`, `SheatheType`, `Material`, `PageMaterialID`, `Bonding`, `DamageDamageType`, `StatModifierBonusStat1`, `StatModifierBonusStat2`, `StatModifierBonusStat3`, `StatModifierBonusStat4`, `StatModifierBonusStat5`, `StatModifierBonusStat6`, `StatModifierBonusStat7`, `StatModifierBonusStat8`, `StatModifierBonusStat9`, `StatModifierBonusStat10`, `ContainerSlots`, `MinReputation`, `RequiredPVPMedal`, `RequiredPVPRank`, `RequiredLevel`, `InventoryType`, `OverallQualityID`, `VerifiedBuild`) VALUES (710060, -1, 'An exceptionally well crafted weapon worthy of being empowered by the Runecarver.', NULL, NULL, NULL, 'Shadowghast Staff', 8, 0, 473, 0, 0, 0, 0, 0, 0, 0, 0, 0, 0, 0, 0, 0, 0, 0, 0, 5259, 7889, 3500, 3500, 0, 0, 0, 0, 0, 0, 1, 0, 0, 20, 100, 1, 1, 0.9785, 4194304, 4222976, 0, 0, 0, 0, 0, 0, 0, 0, 0, 0, 0, 0, 0, 0, 0, 0, 0, 0, 3600, 0, 0, 0, 175, -1, 0, 0, 0, 0, 0, 0, 0, 4, 0, 0, 0, 73, 7, 24, 25, -1, -1, -1, -1, -1, -1, 0, 0, 0, 0, 60, 17, 1, 0);
REPLACE INTO `item_sparse` (`ID`, `AllowableRace`, `Description`, `Display3`, `Display2`, `Display1`, `Display`, `ExpansionID`, `DmgVariance`, `LimitCategory`, `DurationInInventory`, `QualityModifier`, `BagFamily`, `StartQuestID`, `LanguageID`, `ItemRange`, `StatPercentageOfSocket1`, `StatPercentageOfSocket2`, `StatPercentageOfSocket3`, `StatPercentageOfSocket4`, `StatPercentageOfSocket5`, `StatPercentageOfSocket6`, `StatPercentageOfSocket7`, `StatPercentageOfSocket8`, `StatPercentageOfSocket9`, `StatPercentageOfSocket10`, `StatPercentEditor1`, `StatPercentEditor2`, `StatPercentEditor3`, `StatPercentEditor4`, `StatPercentEditor5`, `StatPercentEditor6`, `StatPercentEditor7`, `StatPercentEditor8`, `StatPercentEditor9`, `StatPercentEditor10`, `Stackable`, `MaxCount`, `RequiredAbility`, `SellPrice`, `BuyPrice`, `VendorStackCount`, `PriceVariance`, `PriceRandomValue`, `Flags1`, `Flags2`, `Flags3`, `Flags4`, `FactionRelated`, `ModifiedCraftingReagentItemID`, `ContentTuningID`, `PlayerLevelToItemLevelCurveID`, `ItemNameDescriptionID`, `RequiredTransmogHoliday`, `RequiredHoliday`, `GemProperties`, `SocketMatchEnchantmentId`, `TotemCategoryID`, `InstanceBound`, `ZoneBound1`, `ZoneBound2`, `ItemSet`, `LockID`, `PageID`, `ItemDelay`, `MinFactionID`, `RequiredSkillRank`, `RequiredSkill`, `ItemLevel`, `AllowableClass`, `ArtifactID`, `SpellWeight`, `SpellWeightCategory`, `SocketType1`, `SocketType2`, `SocketType3`, `SheatheType`, `Material`, `PageMaterialID`, `Bonding`, `DamageDamageType`, `StatModifierBonusStat1`, `StatModifierBonusStat2`, `StatModifierBonusStat3`, `StatModifierBonusStat4`, `StatModifierBonusStat5`, `StatModifierBonusStat6`, `StatModifierBonusStat7`, `StatModifierBonusStat8`, `StatModifierBonusStat9`, `StatModifierBonusStat10`, `ContainerSlots`, `MinReputation`, `RequiredPVPMedal`, `RequiredPVPRank`, `RequiredLevel`, `InventoryType`, `OverallQualityID`, `VerifiedBuild`) VALUES (710061, -1, 'An exceptionally well crafted weapon worthy of being empowered by the Runecarver.', NULL, NULL, NULL, 'Shadowghast Bow', 8, 0, 473, 0, 0, 0, 0, 0, 0, 0, 0, 0, 0, 0, 0, 0, 0, 0, 0, 5259, 7889, 3500, 3500, 0, 0, 0, 0, 0, 0, 1, 0, 0, 20, 100, 1, 1, 0.9785, 4194304, 4222976, 0, 0, 0, 0, 0, 0, 0, 0, 0, 0, 0, 0, 0, 0, 0, 0, 0, 0, 3000, 0, 0, 0, 175, -1, 0, 0, 0, 0, 0, 0, 0, 4, 0, 0, 0, 73, 7, 24, 25, -1, -1, -1, -1, -1, -1, 0, 0, 0, 0, 60, 15, 1, 0);

REPLACE INTO `item` (`ID`, `ClassID`, `SubclassID`, `Material`, `InventoryType`, `SheatheType`, `SoundOverrideSubclassID`, `IconFileDataID`, `ItemGroupSoundsID`, `ContentTuningID`, `ModifiedCraftingReagentItemID`, `VerifiedBuild`) VALUES (710000, 4, 0, 0, 13, 1, -1, 0, 0, 0, 0, 0);
REPLACE INTO `item` (`ID`, `ClassID`, `SubclassID`, `Material`, `InventoryType`, `SheatheType`, `SoundOverrideSubclassID`, `IconFileDataID`, `ItemGroupSoundsID`, `ContentTuningID`, `ModifiedCraftingReagentItemID`, `VerifiedBuild`) VALUES (710001, 12, 0, 0, 0, 0, -1, 135349, 24, 0, 0, 0);
REPLACE INTO `item` (`ID`, `ClassID`, `SubclassID`, `Material`, `InventoryType`, `SheatheType`, `SoundOverrideSubclassID`, `IconFileDataID`, `ItemGroupSoundsID`, `ContentTuningID`, `ModifiedCraftingReagentItemID`, `VerifiedBuild`) VALUES (710002, 12, 0, 0, 0, 0, -1, 524050, 24, 0, 0, 0);
REPLACE INTO `item` (`ID`, `ClassID`, `SubclassID`, `Material`, `InventoryType`, `SheatheType`, `SoundOverrideSubclassID`, `IconFileDataID`, `ItemGroupSoundsID`, `ContentTuningID`, `ModifiedCraftingReagentItemID`, `VerifiedBuild`) VALUES (710003, 12, 0, 0, 0, 0, -1, 253399, 24, 0, 0, 0);
REPLACE INTO `item` (`ID`, `ClassID`, `SubclassID`, `Material`, `InventoryType`, `SheatheType`, `SoundOverrideSubclassID`, `IconFileDataID`, `ItemGroupSoundsID`, `ContentTuningID`, `ModifiedCraftingReagentItemID`, `VerifiedBuild`) VALUES (710004, 12, 0, 0, 0, 0, -1, 3597361, 24, 0, 0, 0);
REPLACE INTO `item` (`ID`, `ClassID`, `SubclassID`, `Material`, `InventoryType`, `SheatheType`, `SoundOverrideSubclassID`, `IconFileDataID`, `ItemGroupSoundsID`, `ContentTuningID`, `ModifiedCraftingReagentItemID`, `VerifiedBuild`) VALUES (710005, 12, 0, 0, 0, 0, -1, 313914, 24, 0, 0, 0);
REPLACE INTO `item` (`ID`, `ClassID`, `SubclassID`, `Material`, `InventoryType`, `SheatheType`, `SoundOverrideSubclassID`, `IconFileDataID`, `ItemGroupSoundsID`, `ContentTuningID`, `ModifiedCraftingReagentItemID`, `VerifiedBuild`) VALUES (710006, 12, 0, 0, 0, 0, -1, 336782, 24, 0, 0, 0);
REPLACE INTO `item` (`ID`, `ClassID`, `SubclassID`, `Material`, `InventoryType`, `SheatheType`, `SoundOverrideSubclassID`, `IconFileDataID`, `ItemGroupSoundsID`, `ContentTuningID`, `ModifiedCraftingReagentItemID`, `VerifiedBuild`) VALUES (710007, 12, 0, 0, 0, 0, -1, 133066, 24, 0, 0, 0);
REPLACE INTO `item` (`ID`, `ClassID`, `SubclassID`, `Material`, `InventoryType`, `SheatheType`, `SoundOverrideSubclassID`, `IconFileDataID`, `ItemGroupSoundsID`, `ContentTuningID`, `ModifiedCraftingReagentItemID`, `VerifiedBuild`) VALUES (710050, 4, 0, 0, 13, 1, -1, 0, 0, 0, 0, 0);
REPLACE INTO `item` (`ID`, `ClassID`, `SubclassID`, `Material`, `InventoryType`, `SheatheType`, `SoundOverrideSubclassID`, `IconFileDataID`, `ItemGroupSoundsID`, `ContentTuningID`, `ModifiedCraftingReagentItemID`, `VerifiedBuild`) VALUES (710051, 4, 0, 0, 13, 1, -1, 0, 0, 0, 0, 0);
REPLACE INTO `item` (`ID`, `ClassID`, `SubclassID`, `Material`, `InventoryType`, `SheatheType`, `SoundOverrideSubclassID`, `IconFileDataID`, `ItemGroupSoundsID`, `ContentTuningID`, `ModifiedCraftingReagentItemID`, `VerifiedBuild`) VALUES (710052, 4, 0, 0, 13, 1, -1, 0, 0, 0, 0, 0);
REPLACE INTO `item` (`ID`, `ClassID`, `SubclassID`, `Material`, `InventoryType`, `SheatheType`, `SoundOverrideSubclassID`, `IconFileDataID`, `ItemGroupSoundsID`, `ContentTuningID`, `ModifiedCraftingReagentItemID`, `VerifiedBuild`) VALUES (710053, 4, 0, 0, 17, 1, -1, 0, 0, 0, 0, 0);
REPLACE INTO `item` (`ID`, `ClassID`, `SubclassID`, `Material`, `InventoryType`, `SheatheType`, `SoundOverrideSubclassID`, `IconFileDataID`, `ItemGroupSoundsID`, `ContentTuningID`, `ModifiedCraftingReagentItemID`, `VerifiedBuild`) VALUES (710054, 4, 0, 0, 17, 1, -1, 0, 0, 0, 0, 0);
REPLACE INTO `item` (`ID`, `ClassID`, `SubclassID`, `Material`, `InventoryType`, `SheatheType`, `SoundOverrideSubclassID`, `IconFileDataID`, `ItemGroupSoundsID`, `ContentTuningID`, `ModifiedCraftingReagentItemID`, `VerifiedBuild`) VALUES (710055, 4, 0, 0, 15, 1, -1, 0, 0, 0, 0, 0);
REPLACE INTO `item` (`ID`, `ClassID`, `SubclassID`, `Material`, `InventoryType`, `SheatheType`, `SoundOverrideSubclassID`, `IconFileDataID`, `ItemGroupSoundsID`, `ContentTuningID`, `ModifiedCraftingReagentItemID`, `VerifiedBuild`) VALUES (710056, 2, 7, 0, 13, 1, -1, 0, 0, 0, 0, 0);
REPLACE INTO `item` (`ID`, `ClassID`, `SubclassID`, `Material`, `InventoryType`, `SheatheType`, `SoundOverrideSubclassID`, `IconFileDataID`, `ItemGroupSoundsID`, `ContentTuningID`, `ModifiedCraftingReagentItemID`, `VerifiedBuild`) VALUES (710057, 2, 7, 0, 13, 1, -1, 0, 0, 0, 0, 0);
REPLACE INTO `item` (`ID`, `ClassID`, `SubclassID`, `Material`, `InventoryType`, `SheatheType`, `SoundOverrideSubclassID`, `IconFileDataID`, `ItemGroupSoundsID`, `ContentTuningID`, `ModifiedCraftingReagentItemID`, `VerifiedBuild`) VALUES (710058, 2, 7, 0, 13, 1, -1, 0, 0, 0, 0, 0);
REPLACE INTO `item` (`ID`, `ClassID`, `SubclassID`, `Material`, `InventoryType`, `SheatheType`, `SoundOverrideSubclassID`, `IconFileDataID`, `ItemGroupSoundsID`, `ContentTuningID`, `ModifiedCraftingReagentItemID`, `VerifiedBuild`) VALUES (710059, 2, 7, 0, 17, 1, -1, 0, 0, 0, 0, 0);
REPLACE INTO `item` (`ID`, `ClassID`, `SubclassID`, `Material`, `InventoryType`, `SheatheType`, `SoundOverrideSubclassID`, `IconFileDataID`, `ItemGroupSoundsID`, `ContentTuningID`, `ModifiedCraftingReagentItemID`, `VerifiedBuild`) VALUES (710060, 2, 7, 0, 17, 1, -1, 0, 0, 0, 0, 0);
REPLACE INTO `item` (`ID`, `ClassID`, `SubclassID`, `Material`, `InventoryType`, `SheatheType`, `SoundOverrideSubclassID`, `IconFileDataID`, `ItemGroupSoundsID`, `ContentTuningID`, `ModifiedCraftingReagentItemID`, `VerifiedBuild`) VALUES (710061, 2, 7, 0, 15, 1, -1, 0, 0, 0, 0, 0);

REPLACE INTO `item_bonus` (`ID`, `Value1`, `Value2`, `Value3`, `Value4`, `ParentItemBonusListID`, `Type`, `OrderIndex`, `VerifiedBuild`) VALUES (30030, 3011, 0, 0, 0, 30030, 23, 0, 0);
REPLACE INTO `item_bonus` (`ID`, `Value1`, `Value2`, `Value3`, `Value4`, `ParentItemBonusListID`, `Type`, `OrderIndex`, `VerifiedBuild`) VALUES (30031, 5, 0, 0, 0, 30030, 3, 0, 0);
REPLACE INTO `item_bonus` (`ID`, `Value1`, `Value2`, `Value3`, `Value4`, `ParentItemBonusListID`, `Type`, `OrderIndex`, `VerifiedBuild`) VALUES (30032, 1, 0, 0, 0, 30030, 16, 0, 0);
REPLACE INTO `item_bonus` (`ID`, `Value1`, `Value2`, `Value3`, `Value4`, `ParentItemBonusListID`, `Type`, `OrderIndex`, `VerifiedBuild`) VALUES (30033, 30030, 0, 0, 0, 30030, 31, 0, 0);
REPLACE INTO `item_bonus` (`ID`, `Value1`, `Value2`, `Value3`, `Value4`, `ParentItemBonusListID`, `Type`, `OrderIndex`, `VerifiedBuild`) VALUES (30034, 13808, 0, 0, 0, 30030, 30, 0, 0);
REPLACE INTO `item_bonus` (`ID`, `Value1`, `Value2`, `Value3`, `Value4`, `ParentItemBonusListID`, `Type`, `OrderIndex`, `VerifiedBuild`) VALUES (30035, 496, 0, 0, 0, 30030, 35, 0, 0);
REPLACE INTO `item_bonus` (`ID`, `Value1`, `Value2`, `Value3`, `Value4`, `ParentItemBonusListID`, `Type`, `OrderIndex`, `VerifiedBuild`) VALUES (30040, 20075, 0, 0, 0, 30040, 23, 0, 0);
REPLACE INTO `item_bonus` (`ID`, `Value1`, `Value2`, `Value3`, `Value4`, `ParentItemBonusListID`, `Type`, `OrderIndex`, `VerifiedBuild`) VALUES (30041, 5, 0, 0, 0, 30040, 3, 0, 0);
REPLACE INTO `item_bonus` (`ID`, `Value1`, `Value2`, `Value3`, `Value4`, `ParentItemBonusListID`, `Type`, `OrderIndex`, `VerifiedBuild`) VALUES (30042, 1, 0, 0, 0, 30040, 16, 0, 0);
REPLACE INTO `item_bonus` (`ID`, `Value1`, `Value2`, `Value3`, `Value4`, `ParentItemBonusListID`, `Type`, `OrderIndex`, `VerifiedBuild`) VALUES (30043, 30040, 0, 0, 0, 30040, 31, 0, 0);
REPLACE INTO `item_bonus` (`ID`, `Value1`, `Value2`, `Value3`, `Value4`, `ParentItemBonusListID`, `Type`, `OrderIndex`, `VerifiedBuild`) VALUES (30044, 13808, 0, 0, 0, 30040, 30, 0, 0);
REPLACE INTO `item_bonus` (`ID`, `Value1`, `Value2`, `Value3`, `Value4`, `ParentItemBonusListID`, `Type`, `OrderIndex`, `VerifiedBuild`) VALUES (30045, 496, 0, 0, 0, 30040, 35, 0, 0);
REPLACE INTO `item_bonus` (`ID`, `Value1`, `Value2`, `Value3`, `Value4`, `ParentItemBonusListID`, `Type`, `OrderIndex`, `VerifiedBuild`) VALUES (30046, 20076, 0, 0, 0, 30040, 23, 0, 0);
REPLACE INTO `item_bonus` (`ID`, `Value1`, `Value2`, `Value3`, `Value4`, `ParentItemBonusListID`, `Type`, `OrderIndex`, `VerifiedBuild`) VALUES (30050, 3011, 0, 0, 0, 30050, 23, 0, 0);
REPLACE INTO `item_bonus` (`ID`, `Value1`, `Value2`, `Value3`, `Value4`, `ParentItemBonusListID`, `Type`, `OrderIndex`, `VerifiedBuild`) VALUES (30051, 5, 0, 0, 0, 30050, 3, 0, 0);
REPLACE INTO `item_bonus` (`ID`, `Value1`, `Value2`, `Value3`, `Value4`, `ParentItemBonusListID`, `Type`, `OrderIndex`, `VerifiedBuild`) VALUES (30052, 1, 0, 0, 0, 30050, 16, 0, 0);
REPLACE INTO `item_bonus` (`ID`, `Value1`, `Value2`, `Value3`, `Value4`, `ParentItemBonusListID`, `Type`, `OrderIndex`, `VerifiedBuild`) VALUES (30053, 30050, 0, 0, 0, 30050, 31, 0, 0);
REPLACE INTO `item_bonus` (`ID`, `Value1`, `Value2`, `Value3`, `Value4`, `ParentItemBonusListID`, `Type`, `OrderIndex`, `VerifiedBuild`) VALUES (30054, 13808, 0, 0, 0, 30050, 30, 0, 0);
REPLACE INTO `item_bonus` (`ID`, `Value1`, `Value2`, `Value3`, `Value4`, `ParentItemBonusListID`, `Type`, `OrderIndex`, `VerifiedBuild`) VALUES (30055, 496, 0, 0, 0, 30050, 35, 0, 0);
REPLACE INTO `item_bonus` (`ID`, `Value1`, `Value2`, `Value3`, `Value4`, `ParentItemBonusListID`, `Type`, `OrderIndex`, `VerifiedBuild`) VALUES (30060, 138567, 0, 0, 0, 30060, 23, 0, 0);
REPLACE INTO `item_bonus` (`ID`, `Value1`, `Value2`, `Value3`, `Value4`, `ParentItemBonusListID`, `Type`, `OrderIndex`, `VerifiedBuild`) VALUES (30061, 5, 0, 0, 0, 30060, 3, 0, 0);
REPLACE INTO `item_bonus` (`ID`, `Value1`, `Value2`, `Value3`, `Value4`, `ParentItemBonusListID`, `Type`, `OrderIndex`, `VerifiedBuild`) VALUES (30062, 1, 0, 0, 0, 30060, 16, 0, 0);
REPLACE INTO `item_bonus` (`ID`, `Value1`, `Value2`, `Value3`, `Value4`, `ParentItemBonusListID`, `Type`, `OrderIndex`, `VerifiedBuild`) VALUES (30063, 30060, 0, 0, 0, 30060, 31, 0, 0);
REPLACE INTO `item_bonus` (`ID`, `Value1`, `Value2`, `Value3`, `Value4`, `ParentItemBonusListID`, `Type`, `OrderIndex`, `VerifiedBuild`) VALUES (30064, 13808, 0, 0, 0, 30060, 30, 0, 0);
REPLACE INTO `item_bonus` (`ID`, `Value1`, `Value2`, `Value3`, `Value4`, `ParentItemBonusListID`, `Type`, `OrderIndex`, `VerifiedBuild`) VALUES (30065, 496, 0, 0, 0, 30060, 35, 0, 0);
REPLACE INTO `item_bonus` (`ID`, `Value1`, `Value2`, `Value3`, `Value4`, `ParentItemBonusListID`, `Type`, `OrderIndex`, `VerifiedBuild`) VALUES (30070, 11231, 0, 0, 0, 30070, 23, 0, 0);
REPLACE INTO `item_bonus` (`ID`, `Value1`, `Value2`, `Value3`, `Value4`, `ParentItemBonusListID`, `Type`, `OrderIndex`, `VerifiedBuild`) VALUES (30071, 5, 0, 0, 0, 30070, 3, 0, 0);
REPLACE INTO `item_bonus` (`ID`, `Value1`, `Value2`, `Value3`, `Value4`, `ParentItemBonusListID`, `Type`, `OrderIndex`, `VerifiedBuild`) VALUES (30072, 1, 0, 0, 0, 30070, 16, 0, 0);
REPLACE INTO `item_bonus` (`ID`, `Value1`, `Value2`, `Value3`, `Value4`, `ParentItemBonusListID`, `Type`, `OrderIndex`, `VerifiedBuild`) VALUES (30073, 30070, 0, 0, 0, 30070, 31, 0, 0);
REPLACE INTO `item_bonus` (`ID`, `Value1`, `Value2`, `Value3`, `Value4`, `ParentItemBonusListID`, `Type`, `OrderIndex`, `VerifiedBuild`) VALUES (30074, 13808, 0, 0, 0, 30070, 30, 0, 0);
REPLACE INTO `item_bonus` (`ID`, `Value1`, `Value2`, `Value3`, `Value4`, `ParentItemBonusListID`, `Type`, `OrderIndex`, `VerifiedBuild`) VALUES (30075, 496, 0, 0, 0, 30070, 35, 0, 0);
REPLACE INTO `item_bonus` (`ID`, `Value1`, `Value2`, `Value3`, `Value4`, `ParentItemBonusListID`, `Type`, `OrderIndex`, `VerifiedBuild`) VALUES (30080, 139214, 0, 0, 0, 30080, 23, 0, 0);
REPLACE INTO `item_bonus` (`ID`, `Value1`, `Value2`, `Value3`, `Value4`, `ParentItemBonusListID`, `Type`, `OrderIndex`, `VerifiedBuild`) VALUES (30081, 5, 0, 0, 0, 30080, 3, 0, 0);
REPLACE INTO `item_bonus` (`ID`, `Value1`, `Value2`, `Value3`, `Value4`, `ParentItemBonusListID`, `Type`, `OrderIndex`, `VerifiedBuild`) VALUES (30082, 1, 0, 0, 0, 30080, 16, 0, 0);
REPLACE INTO `item_bonus` (`ID`, `Value1`, `Value2`, `Value3`, `Value4`, `ParentItemBonusListID`, `Type`, `OrderIndex`, `VerifiedBuild`) VALUES (30083, 30080, 0, 0, 0, 30080, 31, 0, 0);
REPLACE INTO `item_bonus` (`ID`, `Value1`, `Value2`, `Value3`, `Value4`, `ParentItemBonusListID`, `Type`, `OrderIndex`, `VerifiedBuild`) VALUES (30084, 13808, 0, 0, 0, 30080, 30, 0, 0);
REPLACE INTO `item_bonus` (`ID`, `Value1`, `Value2`, `Value3`, `Value4`, `ParentItemBonusListID`, `Type`, `OrderIndex`, `VerifiedBuild`) VALUES (30085, 496, 0, 0, 0, 30080, 35, 0, 0);
REPLACE INTO `item_bonus` (`ID`, `Value1`, `Value2`, `Value3`, `Value4`, `ParentItemBonusListID`, `Type`, `OrderIndex`, `VerifiedBuild`) VALUES (30090, 19952, 0, 0, 0, 30090, 23, 0, 0);
REPLACE INTO `item_bonus` (`ID`, `Value1`, `Value2`, `Value3`, `Value4`, `ParentItemBonusListID`, `Type`, `OrderIndex`, `VerifiedBuild`) VALUES (30091, 5, 0, 0, 0, 30090, 3, 0, 0);
REPLACE INTO `item_bonus` (`ID`, `Value1`, `Value2`, `Value3`, `Value4`, `ParentItemBonusListID`, `Type`, `OrderIndex`, `VerifiedBuild`) VALUES (30092, 1, 0, 0, 0, 30090, 16, 0, 0);
REPLACE INTO `item_bonus` (`ID`, `Value1`, `Value2`, `Value3`, `Value4`, `ParentItemBonusListID`, `Type`, `OrderIndex`, `VerifiedBuild`) VALUES (30093, 30090, 0, 0, 0, 30090, 31, 0, 0);
REPLACE INTO `item_bonus` (`ID`, `Value1`, `Value2`, `Value3`, `Value4`, `ParentItemBonusListID`, `Type`, `OrderIndex`, `VerifiedBuild`) VALUES (30094, 13808, 0, 0, 0, 30090, 30, 0, 0);
REPLACE INTO `item_bonus` (`ID`, `Value1`, `Value2`, `Value3`, `Value4`, `ParentItemBonusListID`, `Type`, `OrderIndex`, `VerifiedBuild`) VALUES (30095, 496, 0, 0, 0, 30090, 35, 0, 0);

REPLACE INTO `item_bonus_list` (`ID`, `Flags`, `VerifiedBuild`) VALUES (30030, 0, 0);
REPLACE INTO `item_bonus_list` (`ID`, `Flags`, `VerifiedBuild`) VALUES (30040, 0, 0);
REPLACE INTO `item_bonus_list` (`ID`, `Flags`, `VerifiedBuild`) VALUES (30050, 0, 0);
REPLACE INTO `item_bonus_list` (`ID`, `Flags`, `VerifiedBuild`) VALUES (30060, 0, 0);
REPLACE INTO `item_bonus_list` (`ID`, `Flags`, `VerifiedBuild`) VALUES (30070, 0, 0);
REPLACE INTO `item_bonus_list` (`ID`, `Flags`, `VerifiedBuild`) VALUES (30080, 0, 0);
REPLACE INTO `item_bonus_list` (`ID`, `Flags`, `VerifiedBuild`) VALUES (30090, 0, 0);

REPLACE INTO `runeforge_legendary_ability` (`Name`, `ID`, `SpecSetID`, `InventoryTypeMask`, `SpellID`, `ItemBonusListID`, `PlayerConditionID`, `Unk`, `UnlockItemID`, `CovenantID`, `PlayerConditionID2`, `VerifiedBuild`) VALUES ('Thunderfury', 500, 0, 172032, 21992, 30030, 0, 500, 710001, 0, 0, 0);
REPLACE INTO `runeforge_legendary_ability` (`Name`, `ID`, `SpecSetID`, `InventoryTypeMask`, `SpellID`, `ItemBonusListID`, `PlayerConditionID`, `Unk`, `UnlockItemID`, `CovenantID`, `PlayerConditionID2`, `VerifiedBuild`) VALUES ('Wrath of Tarecgosa', 501, 0, 172032, 101056, 30040, 0, 501, 710002, 0, 0, 0);
REPLACE INTO `runeforge_legendary_ability` (`Name`, `ID`, `SpecSetID`, `InventoryTypeMask`, `SpellID`, `ItemBonusListID`, `PlayerConditionID`, `Unk`, `UnlockItemID`, `CovenantID`, `PlayerConditionID2`, `VerifiedBuild`) VALUES ('Val\'anyr', 502, 0, 172032, 64415, 30050, 0, 502, 710003, 0, 0, 0);
REPLACE INTO `runeforge_legendary_ability` (`Name`, `ID`, `SpecSetID`, `InventoryTypeMask`, `SpellID`, `ItemBonusListID`, `PlayerConditionID`, `Unk`, `UnlockItemID`, `CovenantID`, `PlayerConditionID2`, `VerifiedBuild`) VALUES ('Rae\'shalare, Death\'s Whisper', 503, 0, 172032, 353511, 30060, 0, 503, 710004, 0, 0, 0);
REPLACE INTO `runeforge_legendary_ability` (`Name`, `ID`, `SpecSetID`, `InventoryTypeMask`, `SpellID`, `ItemBonusListID`, `PlayerConditionID`, `Unk`, `UnlockItemID`, `CovenantID`, `PlayerConditionID2`, `VerifiedBuild`) VALUES ('Shadowmourne', 504, 0, 172032, 71903, 30070, 0, 504, 710005, 0, 0, 0);
REPLACE INTO `runeforge_legendary_ability` (`Name`, `ID`, `SpecSetID`, `InventoryTypeMask`, `SpellID`, `ItemBonusListID`, `PlayerConditionID`, `Unk`, `UnlockItemID`, `CovenantID`, `PlayerConditionID2`, `VerifiedBuild`) VALUES ('Banshee\'s Blight', 505, 0, 172032, 357595, 30080, 0, 505, 710006, 0, 0, 0);
REPLACE INTO `runeforge_legendary_ability` (`Name`, `ID`, `SpecSetID`, `InventoryTypeMask`, `SpellID`, `ItemBonusListID`, `PlayerConditionID`, `Unk`, `UnlockItemID`, `CovenantID`, `PlayerConditionID2`, `VerifiedBuild`) VALUES ('Sulfuras, Hand of Ragnaros', 506, 0, 172032, 21162, 30090, 0, 506, 710007, 0, 0, 0);

REPLACE INTO `item_name_description` (`ID`, `Description`, `Color`, `VerifiedBuild`) VALUES (30030, 'Thunderfury', 0, 0);
REPLACE INTO `item_name_description` (`ID`, `Description`, `Color`, `VerifiedBuild`) VALUES (30040, 'Dragonwrath, Tarecgosa\'s Rest', 0, 0);
REPLACE INTO `item_name_description` (`ID`, `Description`, `Color`, `VerifiedBuild`) VALUES (30050, 'Val\'anyr', 0, 0);
REPLACE INTO `item_name_description` (`ID`, `Description`, `Color`, `VerifiedBuild`) VALUES (30060, 'Rae\'shalare, Death\'s Whisper', 0, 0);
REPLACE INTO `item_name_description` (`ID`, `Description`, `Color`, `VerifiedBuild`) VALUES (30070, 'Shadowmourne', 0, 0);
REPLACE INTO `item_name_description` (`ID`, `Description`, `Color`, `VerifiedBuild`) VALUES (30080, 'Banshee\'s Blight', 0, 0);
REPLACE INTO `item_name_description` (`ID`, `Description`, `Color`, `VerifiedBuild`) VALUES (30090, 'Sulfuras, Hand of Ragnaros', 0, 0);

REPLACE INTO `item_modified_appearance` (`ID`, `ItemID`, `ItemAppearanceModifierID`, `ItemAppearanceID`, `OrderIndex`, `TransmogSourceTypeEnum`, `VerifiedBuild`) VALUES (710050, 710050, 0, 43827, 0, 1, 0);
REPLACE INTO `item_modified_appearance` (`ID`, `ItemID`, `ItemAppearanceModifierID`, `ItemAppearanceID`, `OrderIndex`, `TransmogSourceTypeEnum`, `VerifiedBuild`) VALUES (710051, 710051, 0, 44734, 0, 1, 0);
REPLACE INTO `item_modified_appearance` (`ID`, `ItemID`, `ItemAppearanceModifierID`, `ItemAppearanceID`, `OrderIndex`, `TransmogSourceTypeEnum`, `VerifiedBuild`) VALUES (710052, 710052, 0, 42854, 0, 1, 0);
REPLACE INTO `item_modified_appearance` (`ID`, `ItemID`, `ItemAppearanceModifierID`, `ItemAppearanceID`, `OrderIndex`, `TransmogSourceTypeEnum`, `VerifiedBuild`) VALUES (710053, 710053, 0, 44555, 0, 1, 0);
REPLACE INTO `item_modified_appearance` (`ID`, `ItemID`, `ItemAppearanceModifierID`, `ItemAppearanceID`, `OrderIndex`, `TransmogSourceTypeEnum`, `VerifiedBuild`) VALUES (710054, 710054, 0, 42855, 0, 1, 0);
REPLACE INTO `item_modified_appearance` (`ID`, `ItemID`, `ItemAppearanceModifierID`, `ItemAppearanceID`, `OrderIndex`, `TransmogSourceTypeEnum`, `VerifiedBuild`) VALUES (710055, 710055, 0, 42853, 0, 1, 0);
REPLACE INTO `item_modified_appearance` (`ID`, `ItemID`, `ItemAppearanceModifierID`, `ItemAppearanceID`, `OrderIndex`, `TransmogSourceTypeEnum`, `VerifiedBuild`) VALUES (710056, 710056, 0, 43827, 0, 1, 0);
REPLACE INTO `item_modified_appearance` (`ID`, `ItemID`, `ItemAppearanceModifierID`, `ItemAppearanceID`, `OrderIndex`, `TransmogSourceTypeEnum`, `VerifiedBuild`) VALUES (710057, 710057, 0, 44734, 0, 1, 0);
REPLACE INTO `item_modified_appearance` (`ID`, `ItemID`, `ItemAppearanceModifierID`, `ItemAppearanceID`, `OrderIndex`, `TransmogSourceTypeEnum`, `VerifiedBuild`) VALUES (710058, 710058, 0, 42854, 0, 1, 0);
REPLACE INTO `item_modified_appearance` (`ID`, `ItemID`, `ItemAppearanceModifierID`, `ItemAppearanceID`, `OrderIndex`, `TransmogSourceTypeEnum`, `VerifiedBuild`) VALUES (710059, 710059, 0, 44555, 0, 1, 0);
REPLACE INTO `item_modified_appearance` (`ID`, `ItemID`, `ItemAppearanceModifierID`, `ItemAppearanceID`, `OrderIndex`, `TransmogSourceTypeEnum`, `VerifiedBuild`) VALUES (710060, 710060, 0, 42855, 0, 1, 0);
REPLACE INTO `item_modified_appearance` (`ID`, `ItemID`, `ItemAppearanceModifierID`, `ItemAppearanceID`, `OrderIndex`, `TransmogSourceTypeEnum`, `VerifiedBuild`) VALUES (710061, 710061, 0, 42853, 0, 1, 0);

REPLACE INTO `item_x_item_effect` (`ID`, `ItemEffectID`, `ItemID`, `VerifiedBuild`) VALUES (710001, 139243, 710001, 0);
REPLACE INTO `item_x_item_effect` (`ID`, `ItemEffectID`, `ItemID`, `VerifiedBuild`) VALUES (710002, 139243, 710002, 0);
REPLACE INTO `item_x_item_effect` (`ID`, `ItemEffectID`, `ItemID`, `VerifiedBuild`) VALUES (710003, 139243, 710003, 0);
REPLACE INTO `item_x_item_effect` (`ID`, `ItemEffectID`, `ItemID`, `VerifiedBuild`) VALUES (710004, 139243, 710004, 0);
REPLACE INTO `item_x_item_effect` (`ID`, `ItemEffectID`, `ItemID`, `VerifiedBuild`) VALUES (710005, 139243, 710005, 0);
REPLACE INTO `item_x_item_effect` (`ID`, `ItemEffectID`, `ItemID`, `VerifiedBuild`) VALUES (710006, 139243, 710006, 0);
REPLACE INTO `item_x_item_effect` (`ID`, `ItemEffectID`, `ItemID`, `VerifiedBuild`) VALUES (710007, 139243, 710007, 0);
REPLACE INTO `item_x_item_effect` (`ID`, `ItemEffectID`, `ItemID`, `VerifiedBuild`) VALUES (710008, 139243, 710008, 0);
REPLACE INTO `item_x_item_effect` (`ID`, `ItemEffectID`, `ItemID`, `VerifiedBuild`) VALUES (710009, 139243, 710009, 0);
REPLACE INTO `item_x_item_effect` (`ID`, `ItemEffectID`, `ItemID`, `VerifiedBuild`) VALUES (710010, 139243, 710010, 0);

REPLACE INTO `item_x_bonus_tree` (`ID`, `ItemBonusTreeID`, `ItemID`, `VerifiedBuild`) VALUES (710000, 2999, 710000, 0);

REPLACE INTO `item_extended_cost` (`ID`, `RequiredArenaRating`, `ArenaBracket`, `Flags`, `MinFactionID`, `MinReputation`, `RequiredAchievement`, `ItemID1`, `ItemID2`, `ItemID3`, `ItemID4`, `ItemID5`, `ItemCount1`, `ItemCount2`, `ItemCount3`, `ItemCount4`, `ItemCount5`, `CurrencyID1`, `CurrencyID2`, `CurrencyID3`, `CurrencyID4`, `CurrencyID5`, `CurrencyCount1`, `CurrencyCount2`, `CurrencyCount3`, `CurrencyCount4`, `CurrencyCount5`, `VerifiedBuild`) VALUES (800064, 0, 0, 0, 0, 0, 0, 700316, 0, 0, 0, 0, 1, 0, 0, 0, 0, 0, 0, 0, 0, 0, 0, 0, 0, 0, 0, 0);
REPLACE INTO `item_extended_cost` (`ID`, `RequiredArenaRating`, `ArenaBracket`, `Flags`, `MinFactionID`, `MinReputation`, `RequiredAchievement`, `ItemID1`, `ItemID2`, `ItemID3`, `ItemID4`, `ItemID5`, `ItemCount1`, `ItemCount2`, `ItemCount3`, `ItemCount4`, `ItemCount5`, `CurrencyID1`, `CurrencyID2`, `CurrencyID3`, `CurrencyID4`, `CurrencyID5`, `CurrencyCount1`, `CurrencyCount2`, `CurrencyCount3`, `CurrencyCount4`, `CurrencyCount5`, `VerifiedBuild`) VALUES (6747, 0, 0, 0, 0, 0, 0, 0, 0, 0, 0, 0, 0, 0, 0, 0, 0, 1813, 0, 0, 0, 0, 2000, 0, 0, 0, 0, 0);
UPDATE `broadcast_text` SET `Text`='Now that you\'ve gained that Legendary Dust, you can craft a powerful legendary weapon. Speak to the Golden Mask and purchase a base item, then speak to the Runecarver to craft a weapon.' WHERE  `ID`=7003002 AND `VerifiedBuild`=0;
UPDATE `item_sparse` SET `StatModifierBonusStat1`='71', dmgvariance = 0.5, sheathetype = 1, material = 1 WHERE  `ID` between 710050 AND 710061;
UPDATE `hotfixes`.`item` SET `Material`='1' WHERE  id between 710050 AND 710061;

REPLACE INTO `item` (`ID`, `ClassID`, `SubclassID`, `Material`, `InventoryType`, `SheatheType`, `SoundOverrideSubclassID`, `IconFileDataID`, `ItemGroupSoundsID`, `ContentTuningID`, `ModifiedCraftingReagentItemID`, `VerifiedBuild`) VALUES (710056, 2, 7, 1, 13, 1, -1, 0, 0, 0, 0, 0);
REPLACE INTO `item` (`ID`, `ClassID`, `SubclassID`, `Material`, `InventoryType`, `SheatheType`, `SoundOverrideSubclassID`, `IconFileDataID`, `ItemGroupSoundsID`, `ContentTuningID`, `ModifiedCraftingReagentItemID`, `VerifiedBuild`) VALUES (710057, 2, 15, 1, 13, 1, -1, 0, 0, 0, 0, 0);
REPLACE INTO `item` (`ID`, `ClassID`, `SubclassID`, `Material`, `InventoryType`, `SheatheType`, `SoundOverrideSubclassID`, `IconFileDataID`, `ItemGroupSoundsID`, `ContentTuningID`, `ModifiedCraftingReagentItemID`, `VerifiedBuild`) VALUES (710058, 2, 4, 1, 13, 1, -1, 0, 0, 0, 0, 0);
REPLACE INTO `item` (`ID`, `ClassID`, `SubclassID`, `Material`, `InventoryType`, `SheatheType`, `SoundOverrideSubclassID`, `IconFileDataID`, `ItemGroupSoundsID`, `ContentTuningID`, `ModifiedCraftingReagentItemID`, `VerifiedBuild`) VALUES (710059, 2, 8, 1, 17, 1, -1, 0, 0, 0, 0, 0);
REPLACE INTO `item` (`ID`, `ClassID`, `SubclassID`, `Material`, `InventoryType`, `SheatheType`, `SoundOverrideSubclassID`, `IconFileDataID`, `ItemGroupSoundsID`, `ContentTuningID`, `ModifiedCraftingReagentItemID`, `VerifiedBuild`) VALUES (710060, 2, 10, 1, 17, 1, -1, 0, 0, 0, 0, 0);
REPLACE INTO `item` (`ID`, `ClassID`, `SubclassID`, `Material`, `InventoryType`, `SheatheType`, `SoundOverrideSubclassID`, `IconFileDataID`, `ItemGroupSoundsID`, `ContentTuningID`, `ModifiedCraftingReagentItemID`, `VerifiedBuild`) VALUES (710061, 2, 2, 1, 15, 1, -1, 0, 0, 0, 0, 0);
