-- 
REPLACE INTO `item_bonus_list` (`ID`, `Flags`, `VerifiedBuild`) VALUES (29980, 0, 0);
REPLACE INTO `item_bonus_list` (`ID`, `Flags`, `VerifiedBuild`) VALUES (29981, 0, 0);
REPLACE INTO `item_bonus_list` (`ID`, `Flags`, `VerifiedBuild`) VALUES (29982, 0, 0);
REPLACE INTO `item_bonus_list` (`ID`, `Flags`, `VerifiedBuild`) VALUES (29983, 0, 0);
REPLACE INTO `item_bonus_list` (`ID`, `Flags`, `VerifiedBuild`) VALUES (29984, 0, 0);
REPLACE INTO `item_bonus_list` (`ID`, `Flags`, `VerifiedBuild`) VALUES (29985, 0, 0);
REPLACE INTO `item_bonus_list` (`ID`, `Flags`, `VerifiedBuild`) VALUES (29986, 0, 0);
REPLACE INTO `item_bonus_list` (`ID`, `Flags`, `VerifiedBuild`) VALUES (29987, 0, 0);
REPLACE INTO `item_bonus_list` (`ID`, `Flags`, `VerifiedBuild`) VALUES (29988, 0, 0);
REPLACE INTO `item_bonus_list` (`ID`, `Flags`, `VerifiedBuild`) VALUES (29989, 0, 0);
REPLACE INTO `item_bonus_list` (`ID`, `Flags`, `VerifiedBuild`) VALUES (29990, 0, 0);

REPLACE INTO `item_bonus` (`ID`, `Value1`, `Value2`, `Value3`, `Value4`, `ParentItemBonusListID`, `Type`, `OrderIndex`, `VerifiedBuild`) VALUES 
(29980, 0, 0, 0, 0, 29980, 0, 0, 0),
(29981, 22, 0, 0, 0, 29981, 1, 0, 0),
(29982, 44, 0, 0, 0, 29982, 1, 0, 0),
(29983, 66, 0, 0, 0, 29983, 1, 0, 0),
(29984, 88, 0, 0, 0, 29984, 1, 0, 0),
(29985, 110, 0, 0, 0, 29985, 1, 0, 0),
(29986, 132, 0, 0, 0, 29986, 1, 0, 0),
(29987, 154, 0, 0, 0, 29987, 1, 0, 0),
(29988, 176, 0, 0, 0, 29988, 1, 0, 0),
(29989, 200, 0, 0, 0, 29989, 1, 0, 0),
(29990, 220, 0, 0, 0, 29990, 1, 0, 0);

REPLACE INTO `hotfix_data` (`Id`, `UniqueId`, `TableHash`, `RecordId`, `Status`) VALUES ('300001', '300001', '2199425034', '29980', 1);
REPLACE INTO `hotfix_data` (`Id`, `UniqueId`, `TableHash`, `RecordId`, `Status`) VALUES ('300001', '300001', '2199425034', '29981', 1);
REPLACE INTO `hotfix_data` (`Id`, `UniqueId`, `TableHash`, `RecordId`, `Status`) VALUES ('300001', '300001', '2199425034', '29982', 1);
REPLACE INTO `hotfix_data` (`Id`, `UniqueId`, `TableHash`, `RecordId`, `Status`) VALUES ('300001', '300001', '2199425034', '29983', 1);
REPLACE INTO `hotfix_data` (`Id`, `UniqueId`, `TableHash`, `RecordId`, `Status`) VALUES ('300001', '300001', '2199425034', '29984', 1);
REPLACE INTO `hotfix_data` (`Id`, `UniqueId`, `TableHash`, `RecordId`, `Status`) VALUES ('300001', '300001', '2199425034', '29985', 1);
REPLACE INTO `hotfix_data` (`Id`, `UniqueId`, `TableHash`, `RecordId`, `Status`) VALUES ('300001', '300001', '2199425034', '29986', 1);
REPLACE INTO `hotfix_data` (`Id`, `UniqueId`, `TableHash`, `RecordId`, `Status`) VALUES ('300001', '300001', '2199425034', '29987', 1);
REPLACE INTO `hotfix_data` (`Id`, `UniqueId`, `TableHash`, `RecordId`, `Status`) VALUES ('300001', '300001', '2199425034', '29988', 1);
REPLACE INTO `hotfix_data` (`Id`, `UniqueId`, `TableHash`, `RecordId`, `Status`) VALUES ('300001', '300001', '2199425034', '29989', 1);
REPLACE INTO `hotfix_data` (`Id`, `UniqueId`, `TableHash`, `RecordId`, `Status`) VALUES ('300001', '300001', '2199425034', '29990', 1);

REPLACE INTO `hotfix_data` (`Id`, `UniqueId`, `TableHash`, `RecordId`, `Status`) VALUES ('300001', '300001', '2518885667', '29980', 1);
REPLACE INTO `hotfix_data` (`Id`, `UniqueId`, `TableHash`, `RecordId`, `Status`) VALUES ('300001', '300001', '2518885667', '29981', 1);
REPLACE INTO `hotfix_data` (`Id`, `UniqueId`, `TableHash`, `RecordId`, `Status`) VALUES ('300001', '300001', '2518885667', '29982', 1);
REPLACE INTO `hotfix_data` (`Id`, `UniqueId`, `TableHash`, `RecordId`, `Status`) VALUES ('300001', '300001', '2518885667', '29983', 1);
REPLACE INTO `hotfix_data` (`Id`, `UniqueId`, `TableHash`, `RecordId`, `Status`) VALUES ('300001', '300001', '2518885667', '29984', 1);
REPLACE INTO `hotfix_data` (`Id`, `UniqueId`, `TableHash`, `RecordId`, `Status`) VALUES ('300001', '300001', '2518885667', '29985', 1);
REPLACE INTO `hotfix_data` (`Id`, `UniqueId`, `TableHash`, `RecordId`, `Status`) VALUES ('300001', '300001', '2518885667', '29986', 1);
REPLACE INTO `hotfix_data` (`Id`, `UniqueId`, `TableHash`, `RecordId`, `Status`) VALUES ('300001', '300001', '2518885667', '29987', 1);
REPLACE INTO `hotfix_data` (`Id`, `UniqueId`, `TableHash`, `RecordId`, `Status`) VALUES ('300001', '300001', '2518885667', '29988', 1);
REPLACE INTO `hotfix_data` (`Id`, `UniqueId`, `TableHash`, `RecordId`, `Status`) VALUES ('300001', '300001', '2518885667', '29989', 1);
REPLACE INTO `hotfix_data` (`Id`, `UniqueId`, `TableHash`, `RecordId`, `Status`) VALUES ('300001', '300001', '2518885667', '29990', 1);