DELETE FROM `broadcast_text` WHERE `ID`=800215 AND `VerifiedBuild`=0;
INSERT INTO `broadcast_text` (`Text`, `Text1`, `ID`, `LanguageID`, `ConditionID`, `EmotesID`, `Flags`, `ChatBubbleDurationMs`, `VoiceOverPriorityID`, `SoundKitID1`, `SoundKitID2`, `EmoteID1`, `EmoteID2`, `EmoteID3`, `EmoteDelay1`, `EmoteDelay2`, `EmoteDelay3`, `VerifiedBuild`) VALUES ('MoP Sets', NULL, 800215, 0, 0, 0, 0, 0, 0, 0, 0, 0, 0, 0, 0, 0, 0, 0);
DELETE FROM `broadcast_text` WHERE `ID`=800216 AND `VerifiedBuild`=0;
INSERT INTO `broadcast_text` (`Text`, `Text1`, `ID`, `LanguageID`, `ConditionID`, `EmotesID`, `Flags`, `ChatBubbleDurationMs`, `VoiceOverPriorityID`, `SoundKitID1`, `SoundKitID2`, `EmoteID1`, `EmoteID2`, `EmoteID3`, `EmoteDelay1`, `EmoteDelay2`, `EmoteDelay3`, `VerifiedBuild`) VALUES ('Cataclysm Sets', NULL, 800216, 0, 0, 0, 0, 0, 0, 0, 0, 0, 0, 0, 0, 0, 0, 0);
DELETE FROM `broadcast_text` WHERE `ID`=800217 AND `VerifiedBuild`=0;
INSERT INTO `broadcast_text` (`Text`, `Text1`, `ID`, `LanguageID`, `ConditionID`, `EmotesID`, `Flags`, `ChatBubbleDurationMs`, `VoiceOverPriorityID`, `SoundKitID1`, `SoundKitID2`, `EmoteID1`, `EmoteID2`, `EmoteID3`, `EmoteDelay1`, `EmoteDelay2`, `EmoteDelay3`, `VerifiedBuild`) VALUES ('Legion Sets', NULL, 800217, 0, 0, 0, 0, 0, 0, 0, 0, 0, 0, 0, 0, 0, 0, 0);
DELETE FROM `broadcast_text` WHERE `ID`=800218 AND `VerifiedBuild`=0;
INSERT INTO `broadcast_text` (`Text`, `Text1`, `ID`, `LanguageID`, `ConditionID`, `EmotesID`, `Flags`, `ChatBubbleDurationMs`, `VoiceOverPriorityID`, `SoundKitID1`, `SoundKitID2`, `EmoteID1`, `EmoteID2`, `EmoteID3`, `EmoteDelay1`, `EmoteDelay2`, `EmoteDelay3`, `VerifiedBuild`) VALUES ('BFA Sets', NULL, 800218, 0, 0, 0, 0, 0, 0, 0, 0, 0, 0, 0, 0, 0, 0, 0);
DELETE FROM `broadcast_text` WHERE `ID`=800219 AND `VerifiedBuild`=0;
INSERT INTO `broadcast_text` (`Text`, `Text1`, `ID`, `LanguageID`, `ConditionID`, `EmotesID`, `Flags`, `ChatBubbleDurationMs`, `VoiceOverPriorityID`, `SoundKitID1`, `SoundKitID2`, `EmoteID1`, `EmoteID2`, `EmoteID3`, `EmoteDelay1`, `EmoteDelay2`, `EmoteDelay3`, `VerifiedBuild`) VALUES ('Shadowlands Sets', NULL, 800219, 0, 0, 0, 0, 0, 0, 0, 0, 0, 0, 0, 0, 0, 0, 0);
DELETE FROM `broadcast_text` WHERE `ID`=800220 AND `VerifiedBuild`=0;
INSERT INTO `broadcast_text` (`Text`, `Text1`, `ID`, `LanguageID`, `ConditionID`, `EmotesID`, `Flags`, `ChatBubbleDurationMs`, `VoiceOverPriorityID`, `SoundKitID1`, `SoundKitID2`, `EmoteID1`, `EmoteID2`, `EmoteID3`, `EmoteDelay1`, `EmoteDelay2`, `EmoteDelay3`, `VerifiedBuild`) VALUES ('Draenor Sets', NULL, 800220, 0, 0, 0, 0, 0, 0, 0, 0, 0, 0, 0, 0, 0, 0, 0);
DELETE FROM `broadcast_text` WHERE `ID`=800221 AND `VerifiedBuild`=0;
INSERT INTO `broadcast_text` (`Text`, `Text1`, `ID`, `LanguageID`, `ConditionID`, `EmotesID`, `Flags`, `ChatBubbleDurationMs`, `VoiceOverPriorityID`, `SoundKitID1`, `SoundKitID2`, `EmoteID1`, `EmoteID2`, `EmoteID3`, `EmoteDelay1`, `EmoteDelay2`, `EmoteDelay3`, `VerifiedBuild`) VALUES ('Lich King Sets', NULL, 800221, 0, 0, 0, 0, 0, 0, 0, 0, 0, 0, 0, 0, 0, 0, 0);
DELETE FROM `broadcast_text` WHERE `ID`=800222 AND `VerifiedBuild`=0;
INSERT INTO `broadcast_text` (`Text`, `Text1`, `ID`, `LanguageID`, `ConditionID`, `EmotesID`, `Flags`, `ChatBubbleDurationMs`, `VoiceOverPriorityID`, `SoundKitID1`, `SoundKitID2`, `EmoteID1`, `EmoteID2`, `EmoteID3`, `EmoteDelay1`, `EmoteDelay2`, `EmoteDelay3`, `VerifiedBuild`) VALUES ('Burning Crusade Sets', NULL, 800222, 0, 0, 0, 0, 0, 0, 0, 0, 0, 0, 0, 0, 0, 0, 0);
DELETE FROM `broadcast_text` WHERE `ID`=800223 AND `VerifiedBuild`=0;
INSERT INTO `broadcast_text` (`Text`, `Text1`, `ID`, `LanguageID`, `ConditionID`, `EmotesID`, `Flags`, `ChatBubbleDurationMs`, `VoiceOverPriorityID`, `SoundKitID1`, `SoundKitID2`, `EmoteID1`, `EmoteID2`, `EmoteID3`, `EmoteDelay1`, `EmoteDelay2`, `EmoteDelay3`, `VerifiedBuild`) VALUES ('Classic Sets', NULL, 800223, 0, 0, 0, 0, 0, 0, 0, 0, 0, 0, 0, 0, 0, 0, 0);

DELETE FROM `currency_types` WHERE `ID`=10181 AND `VerifiedBuild`=0;
INSERT INTO `currency_types` (`ID`, `Name`, `Description`, `CategoryID`, `InventoryIconFileID`, `SpellWeight`, `SpellCategory`, `MaxQty`, `MaxEarnablePerWeek`, `Quality`, `FactionID`, `ItemGroupSoundsID`, `XpQuestDifficulty`, `AwardConditionID`, `MaxQtyWorldStateID`, `Flags1`, `Flags2`, `VerifiedBuild`) VALUES (10181, 'Transmog Tokens', 'A stolen token from a lost world. Exchangeable for transmogs at the Mall.', 245, 801008, 0, 0, 0, 0, 4, 0, 0, 0, 0, 0, 2, 0, 0);
DELETE FROM `currency_types` WHERE `ID`=10182 AND `VerifiedBuild`=0;
INSERT INTO `currency_types` (`ID`, `Name`, `Description`, `CategoryID`, `InventoryIconFileID`, `SpellWeight`, `SpellCategory`, `MaxQty`, `MaxEarnablePerWeek`, `Quality`, `FactionID`, `ItemGroupSoundsID`, `XpQuestDifficulty`, `AwardConditionID`, `MaxQtyWorldStateID`, `Flags1`, `Flags2`, `VerifiedBuild`) VALUES (10182, 'Plague Sample', 'Tiny sample harvested from the plague that infests Underrot.', 245, 2011151, 0, 0, 0, 0, 4, 0, 0, 0, 0, 0, 2, 0, 0);
DELETE FROM `currency_types` WHERE `ID`=10183 AND `VerifiedBuild`=0;
INSERT INTO `currency_types` (`ID`, `Name`, `Description`, `CategoryID`, `InventoryIconFileID`, `SpellWeight`, `SpellCategory`, `MaxQty`, `MaxEarnablePerWeek`, `Quality`, `FactionID`, `ItemGroupSoundsID`, `XpQuestDifficulty`, `AwardConditionID`, `MaxQtyWorldStateID`, `Flags1`, `Flags2`, `VerifiedBuild`) VALUES (10183, 'Ice Fragment', 'Ice Fragment - A chunk of ever lasting Ice. Drops from Lost Glacier.', 245, 1392550, 0, 0, 0, 0, 4, 0, 0, 0, 0, 0, 2, 0, 0);
DELETE FROM `currency_types` WHERE `ID`=10184 AND `VerifiedBuild`=0;
INSERT INTO `currency_types` (`ID`, `Name`, `Description`, `CategoryID`, `InventoryIconFileID`, `SpellWeight`, `SpellCategory`, `MaxQty`, `MaxEarnablePerWeek`, `Quality`, `FactionID`, `ItemGroupSoundsID`, `XpQuestDifficulty`, `AwardConditionID`, `MaxQtyWorldStateID`, `Flags1`, `Flags2`, `VerifiedBuild`) VALUES (10184, 'Gunpowder', 'An explosive substance. Drops from Iron Docks.', 245, 133587, 0, 0, 0, 0, 4, 0, 0, 0, 0, 0, 2, 0, 0);
DELETE FROM `currency_types` WHERE `ID`=10185 AND `VerifiedBuild`=0;
INSERT INTO `currency_types` (`ID`, `Name`, `Description`, `CategoryID`, `InventoryIconFileID`, `SpellWeight`, `SpellCategory`, `MaxQty`, `MaxEarnablePerWeek`, `Quality`, `FactionID`, `ItemGroupSoundsID`, `XpQuestDifficulty`, `AwardConditionID`, `MaxQtyWorldStateID`, `Flags1`, `Flags2`, `VerifiedBuild`) VALUES (10185, 'Infernal Core', 'A powerful, ancient energy formed into a single core. Drops from Dreadscar.', 245, 1371267, 0, 0, 0, 0, 4, 0, 0, 0, 0, 0, 2, 0, 0);
DELETE FROM `currency_types` WHERE `ID`=10186 AND `VerifiedBuild`=0;
INSERT INTO `currency_types` (`ID`, `Name`, `Description`, `CategoryID`, `InventoryIconFileID`, `SpellWeight`, `SpellCategory`, `MaxQty`, `MaxEarnablePerWeek`, `Quality`, `FactionID`, `ItemGroupSoundsID`, `XpQuestDifficulty`, `AwardConditionID`, `MaxQtyWorldStateID`, `Flags1`, `Flags2`, `VerifiedBuild`) VALUES (10186, 'Armor Voucher', 'A coupon, valid for 1 piece of armor at the Mythic Vendor.', 245, 237446, 0, 0, 0, 0, 4, 0, 0, 0, 0, 0, 2, 0, 0);

DELETE FROM `item_extended_cost` WHERE `ID`=10181 AND `VerifiedBuild`=0;
INSERT INTO `item_extended_cost` (`ID`, `RequiredArenaRating`, `ArenaBracket`, `Flags`, `MinFactionID`, `MinReputation`, `RequiredAchievement`, `ItemID1`, `ItemID2`, `ItemID3`, `ItemID4`, `ItemID5`, `ItemCount1`, `ItemCount2`, `ItemCount3`, `ItemCount4`, `ItemCount5`, `CurrencyID1`, `CurrencyID2`, `CurrencyID3`, `CurrencyID4`, `CurrencyID5`, `CurrencyCount1`, `CurrencyCount2`, `CurrencyCount3`, `CurrencyCount4`, `CurrencyCount5`, `VerifiedBuild`) VALUES (10181, 0, 0, 0, 0, 0, 0, 0, 0, 0, 0, 0, 0, 0, 0, 0, 0, 10181, 0, 0, 0, 0, 25, 0, 0, 0, 0, 0);
DELETE FROM `item_extended_cost` WHERE `ID`=10182 AND `VerifiedBuild`=0;
INSERT INTO `item_extended_cost` (`ID`, `RequiredArenaRating`, `ArenaBracket`, `Flags`, `MinFactionID`, `MinReputation`, `RequiredAchievement`, `ItemID1`, `ItemID2`, `ItemID3`, `ItemID4`, `ItemID5`, `ItemCount1`, `ItemCount2`, `ItemCount3`, `ItemCount4`, `ItemCount5`, `CurrencyID1`, `CurrencyID2`, `CurrencyID3`, `CurrencyID4`, `CurrencyID5`, `CurrencyCount1`, `CurrencyCount2`, `CurrencyCount3`, `CurrencyCount4`, `CurrencyCount5`, `VerifiedBuild`) VALUES (10182, 0, 0, 0, 0, 0, 0, 0, 0, 0, 0, 0, 0, 0, 0, 0, 0, 10182, 0, 0, 0, 0, 25, 0, 0, 0, 0, 0);
DELETE FROM `item_extended_cost` WHERE `ID`=10183 AND `VerifiedBuild`=0;
INSERT INTO `item_extended_cost` (`ID`, `RequiredArenaRating`, `ArenaBracket`, `Flags`, `MinFactionID`, `MinReputation`, `RequiredAchievement`, `ItemID1`, `ItemID2`, `ItemID3`, `ItemID4`, `ItemID5`, `ItemCount1`, `ItemCount2`, `ItemCount3`, `ItemCount4`, `ItemCount5`, `CurrencyID1`, `CurrencyID2`, `CurrencyID3`, `CurrencyID4`, `CurrencyID5`, `CurrencyCount1`, `CurrencyCount2`, `CurrencyCount3`, `CurrencyCount4`, `CurrencyCount5`, `VerifiedBuild`) VALUES (10183, 0, 0, 0, 0, 0, 0, 0, 0, 0, 0, 0, 0, 0, 0, 0, 0, 10183, 0, 0, 0, 0, 25, 0, 0, 0, 0, 0);
DELETE FROM `item_extended_cost` WHERE `ID`=10184 AND `VerifiedBuild`=0;
INSERT INTO `item_extended_cost` (`ID`, `RequiredArenaRating`, `ArenaBracket`, `Flags`, `MinFactionID`, `MinReputation`, `RequiredAchievement`, `ItemID1`, `ItemID2`, `ItemID3`, `ItemID4`, `ItemID5`, `ItemCount1`, `ItemCount2`, `ItemCount3`, `ItemCount4`, `ItemCount5`, `CurrencyID1`, `CurrencyID2`, `CurrencyID3`, `CurrencyID4`, `CurrencyID5`, `CurrencyCount1`, `CurrencyCount2`, `CurrencyCount3`, `CurrencyCount4`, `CurrencyCount5`, `VerifiedBuild`) VALUES (10184, 0, 0, 0, 0, 0, 0, 0, 0, 0, 0, 0, 0, 0, 0, 0, 0, 10184, 0, 0, 0, 0, 25, 0, 0, 0, 0, 0);
DELETE FROM `item_extended_cost` WHERE `ID`=10185 AND `VerifiedBuild`=0;
INSERT INTO `item_extended_cost` (`ID`, `RequiredArenaRating`, `ArenaBracket`, `Flags`, `MinFactionID`, `MinReputation`, `RequiredAchievement`, `ItemID1`, `ItemID2`, `ItemID3`, `ItemID4`, `ItemID5`, `ItemCount1`, `ItemCount2`, `ItemCount3`, `ItemCount4`, `ItemCount5`, `CurrencyID1`, `CurrencyID2`, `CurrencyID3`, `CurrencyID4`, `CurrencyID5`, `CurrencyCount1`, `CurrencyCount2`, `CurrencyCount3`, `CurrencyCount4`, `CurrencyCount5`, `VerifiedBuild`) VALUES (10185, 0, 0, 0, 0, 0, 0, 0, 0, 0, 0, 0, 0, 0, 0, 0, 0, 10185, 0, 0, 0, 0, 25, 0, 0, 0, 0, 0);
DELETE FROM `item_extended_cost` WHERE `ID`=10186 AND `VerifiedBuild`=0;
INSERT INTO `item_extended_cost` (`ID`, `RequiredArenaRating`, `ArenaBracket`, `Flags`, `MinFactionID`, `MinReputation`, `RequiredAchievement`, `ItemID1`, `ItemID2`, `ItemID3`, `ItemID4`, `ItemID5`, `ItemCount1`, `ItemCount2`, `ItemCount3`, `ItemCount4`, `ItemCount5`, `CurrencyID1`, `CurrencyID2`, `CurrencyID3`, `CurrencyID4`, `CurrencyID5`, `CurrencyCount1`, `CurrencyCount2`, `CurrencyCount3`, `CurrencyCount4`, `CurrencyCount5`, `VerifiedBuild`) VALUES (10186, 0, 0, 0, 0, 0, 0, 0, 0, 0, 0, 0, 0, 0, 0, 0, 0, 10186, 0, 0, 0, 0, 1, 0, 0, 0, 0, 0);


DELETE FROM `hotfix_data` WHERE `Id`=1017012 AND `TableHash`=793851790 AND `RecordId`=10181;
INSERT INTO `hotfix_data` (`Id`, `UniqueId`, `TableHash`, `RecordId`, `Status`, `VerifiedBuild`) VALUES (1017012, 1017012, 793851790, 10181, 1, 0);
DELETE FROM `hotfix_data` WHERE `Id`=1017012 AND `TableHash`=793851790 AND `RecordId`=10182;
INSERT INTO `hotfix_data` (`Id`, `UniqueId`, `TableHash`, `RecordId`, `Status`, `VerifiedBuild`) VALUES (1017012, 1017012, 793851790, 10182, 1, 0);
DELETE FROM `hotfix_data` WHERE `Id`=1017012 AND `TableHash`=793851790 AND `RecordId`=10183;
INSERT INTO `hotfix_data` (`Id`, `UniqueId`, `TableHash`, `RecordId`, `Status`, `VerifiedBuild`) VALUES (1017012, 1017012, 793851790, 10183, 1, 0);
DELETE FROM `hotfix_data` WHERE `Id`=1017012 AND `TableHash`=793851790 AND `RecordId`=10184;
INSERT INTO `hotfix_data` (`Id`, `UniqueId`, `TableHash`, `RecordId`, `Status`, `VerifiedBuild`) VALUES (1017012, 1017012, 793851790, 10184, 1, 0);
DELETE FROM `hotfix_data` WHERE `Id`=1017012 AND `TableHash`=793851790 AND `RecordId`=10185;
INSERT INTO `hotfix_data` (`Id`, `UniqueId`, `TableHash`, `RecordId`, `Status`, `VerifiedBuild`) VALUES (1017012, 1017012, 793851790, 10185, 1, 0);
DELETE FROM `hotfix_data` WHERE `Id`=1017012 AND `TableHash`=793851790 AND `RecordId`=10186;
INSERT INTO `hotfix_data` (`Id`, `UniqueId`, `TableHash`, `RecordId`, `Status`, `VerifiedBuild`) VALUES (1017012, 1017012, 793851790, 10186, 1, 0);

DELETE FROM `hotfix_data` WHERE `Id`=1017012 AND `TableHash`=3146089301 AND `RecordId`=10181;
INSERT INTO `hotfix_data` (`Id`, `UniqueId`, `TableHash`, `RecordId`, `Status`, `VerifiedBuild`) VALUES (1017012, 1017012, 3146089301, 10181, 1, 0);
DELETE FROM `hotfix_data` WHERE `Id`=1017012 AND `TableHash`=3146089301 AND `RecordId`=10182;
INSERT INTO `hotfix_data` (`Id`, `UniqueId`, `TableHash`, `RecordId`, `Status`, `VerifiedBuild`) VALUES (1017012, 1017012, 3146089301, 10182, 1, 0);
DELETE FROM `hotfix_data` WHERE `Id`=1017012 AND `TableHash`=3146089301 AND `RecordId`=10183;
INSERT INTO `hotfix_data` (`Id`, `UniqueId`, `TableHash`, `RecordId`, `Status`, `VerifiedBuild`) VALUES (1017012, 1017012, 3146089301, 10183, 1, 0);
DELETE FROM `hotfix_data` WHERE `Id`=1017012 AND `TableHash`=3146089301 AND `RecordId`=10184;
INSERT INTO `hotfix_data` (`Id`, `UniqueId`, `TableHash`, `RecordId`, `Status`, `VerifiedBuild`) VALUES (1017012, 1017012, 3146089301, 10184, 1, 0);
DELETE FROM `hotfix_data` WHERE `Id`=1017012 AND `TableHash`=3146089301 AND `RecordId`=10185;
INSERT INTO `hotfix_data` (`Id`, `UniqueId`, `TableHash`, `RecordId`, `Status`, `VerifiedBuild`) VALUES (1017012, 1017012, 3146089301, 10185, 1, 0);
DELETE FROM `hotfix_data` WHERE `Id`=1017012 AND `TableHash`=3146089301 AND `RecordId`=10186;
INSERT INTO `hotfix_data` (`Id`, `UniqueId`, `TableHash`, `RecordId`, `Status`, `VerifiedBuild`) VALUES (1017012, 1017012, 3146089301, 10186, 1, 0);